[0.279s] DEBUG:colcon:Command line arguments: ['/usr/bin/colcon', 'build']
[0.280s] DEBUG:colcon:Parsed command line arguments: Namespace(log_base=None, log_level=None, verb_name='build', build_base='build', install_base='install', merge_install=False, symlink_install=False, test_result_base=None, continue_on_error=False, executor='parallel', parallel_workers=4, event_handlers=None, ignore_user_meta=False, metas=['./colcon.meta'], base_paths=['.'], packages_ignore=None, packages_ignore_regex=None, paths=None, packages_up_to=None, packages_up_to_regex=None, packages_above=None, packages_above_and_dependencies=None, packages_above_depth=None, packages_select_by_dep=None, packages_skip_by_dep=None, packages_skip_up_to=None, packages_select_build_failed=False, packages_skip_build_finished=False, packages_select_test_failures=False, packages_skip_test_passed=False, packages_select=None, packages_skip=None, packages_select_regex=None, packages_skip_regex=None, packages_start=None, packages_end=None, allow_overriding=[], cmake_args=None, cmake_target=None, cmake_target_skip_unavailable=False, cmake_clean_cache=False, cmake_clean_first=False, cmake_force_configure=False, ament_cmake_args=None, catkin_cmake_args=None, catkin_skip_building_tests=False, mixin_files=None, mixin=None, verb_parser=<colcon_mixin.mixin.mixin_argument.MixinArgumentDecorator object at 0x7e50fee9a080>, verb_extension=<colcon_core.verb.build.BuildVerb object at 0x7e50fefa36a0>, main=<bound method BuildVerb.main of <colcon_core.verb.build.BuildVerb object at 0x7e50fefa36a0>>, mixin_verb=('build',))
[0.729s] Level 1:colcon.colcon_core.package_discovery:discover_packages(colcon_meta) check parameters
[0.730s] Level 1:colcon.colcon_core.package_discovery:discover_packages(recursive) check parameters
[0.730s] Level 1:colcon.colcon_core.package_discovery:discover_packages(ignore) check parameters
[0.730s] Level 1:colcon.colcon_core.package_discovery:discover_packages(path) check parameters
[0.730s] Level 1:colcon.colcon_core.package_discovery:discover_packages(colcon_meta) discover
[0.730s] Level 1:colcon.colcon_core.package_discovery:discover_packages(recursive) discover
[0.730s] INFO:colcon.colcon_core.package_discovery:Crawling recursively for packages in '/home/yahboom/intro_ws'
[0.730s] Level 1:colcon.colcon_core.package_identification:_identify(.) by extensions ['ignore', 'ignore_ament_install']
[0.730s] Level 1:colcon.colcon_core.package_identification:_identify(.) by extension 'ignore'
[0.731s] Level 1:colcon.colcon_core.package_identification:_identify(.) by extension 'ignore_ament_install'
[0.731s] Level 1:colcon.colcon_core.package_identification:_identify(.) by extensions ['colcon_pkg']
[0.731s] Level 1:colcon.colcon_core.package_identification:_identify(.) by extension 'colcon_pkg'
[0.731s] Level 1:colcon.colcon_core.package_identification:_identify(.) by extensions ['colcon_meta']
[0.731s] Level 1:colcon.colcon_core.package_identification:_identify(.) by extension 'colcon_meta'
[0.731s] Level 1:colcon.colcon_core.package_identification:_identify(.) by extensions ['ros']
[0.731s] Level 1:colcon.colcon_core.package_identification:_identify(.) by extension 'ros'
[0.771s] Level 1:colcon.colcon_core.package_identification:_identify(.) by extensions ['cmake', 'python']
[0.771s] Level 1:colcon.colcon_core.package_identification:_identify(.) by extension 'cmake'
[0.771s] Level 1:colcon.colcon_core.package_identification:_identify(.) by extension 'python'
[0.771s] Level 1:colcon.colcon_core.package_identification:_identify(.) by extensions ['python_setup_py']
[0.771s] Level 1:colcon.colcon_core.package_identification:_identify(.) by extension 'python_setup_py'
[0.772s] Level 1:colcon.colcon_core.package_identification:_identify(build) by extensions ['ignore', 'ignore_ament_install']
[0.772s] Level 1:colcon.colcon_core.package_identification:_identify(build) by extension 'ignore'
[0.772s] Level 1:colcon.colcon_core.package_identification:_identify(build) ignored
[0.772s] Level 1:colcon.colcon_core.package_identification:_identify(install) by extensions ['ignore', 'ignore_ament_install']
[0.772s] Level 1:colcon.colcon_core.package_identification:_identify(install) by extension 'ignore'
[0.773s] Level 1:colcon.colcon_core.package_identification:_identify(install) ignored
[0.773s] Level 1:colcon.colcon_core.package_identification:_identify(log) by extensions ['ignore', 'ignore_ament_install']
[0.773s] Level 1:colcon.colcon_core.package_identification:_identify(log) by extension 'ignore'
[0.773s] Level 1:colcon.colcon_core.package_identification:_identify(log) ignored
[0.773s] Level 1:colcon.colcon_core.package_identification:_identify(src) by extensions ['ignore', 'ignore_ament_install']
[0.773s] Level 1:colcon.colcon_core.package_identification:_identify(src) by extension 'ignore'
[0.773s] Level 1:colcon.colcon_core.package_identification:_identify(src) by extension 'ignore_ament_install'
[0.774s] Level 1:colcon.colcon_core.package_identification:_identify(src) by extensions ['colcon_pkg']
[0.774s] Level 1:colcon.colcon_core.package_identification:_identify(src) by extension 'colcon_pkg'
[0.774s] Level 1:colcon.colcon_core.package_identification:_identify(src) by extensions ['colcon_meta']
[0.774s] Level 1:colcon.colcon_core.package_identification:_identify(src) by extension 'colcon_meta'
[0.774s] Level 1:colcon.colcon_core.package_identification:_identify(src) by extensions ['ros']
[0.774s] Level 1:colcon.colcon_core.package_identification:_identify(src) by extension 'ros'
[0.774s] Level 1:colcon.colcon_core.package_identification:_identify(src) by extensions ['cmake', 'python']
[0.774s] Level 1:colcon.colcon_core.package_identification:_identify(src) by extension 'cmake'
[0.774s] Level 1:colcon.colcon_core.package_identification:_identify(src) by extension 'python'
[0.774s] Level 1:colcon.colcon_core.package_identification:_identify(src) by extensions ['python_setup_py']
[0.774s] Level 1:colcon.colcon_core.package_identification:_identify(src) by extension 'python_setup_py'
[0.774s] Level 1:colcon.colcon_core.package_identification:_identify(src/build) by extensions ['ignore', 'ignore_ament_install']
[0.775s] Level 1:colcon.colcon_core.package_identification:_identify(src/build) by extension 'ignore'
[0.775s] Level 1:colcon.colcon_core.package_identification:_identify(src/build) ignored
[0.775s] Level 1:colcon.colcon_core.package_identification:_identify(src/examples) by extensions ['ignore', 'ignore_ament_install']
[0.775s] Level 1:colcon.colcon_core.package_identification:_identify(src/examples) by extension 'ignore'
[0.775s] Level 1:colcon.colcon_core.package_identification:_identify(src/examples) by extension 'ignore_ament_install'
[0.775s] Level 1:colcon.colcon_core.package_identification:_identify(src/examples) by extensions ['colcon_pkg']
[0.775s] Level 1:colcon.colcon_core.package_identification:_identify(src/examples) by extension 'colcon_pkg'
[0.775s] Level 1:colcon.colcon_core.package_identification:_identify(src/examples) by extensions ['colcon_meta']
[0.775s] Level 1:colcon.colcon_core.package_identification:_identify(src/examples) by extension 'colcon_meta'
[0.776s] Level 1:colcon.colcon_core.package_identification:_identify(src/examples) by extensions ['ros']
[0.776s] Level 1:colcon.colcon_core.package_identification:_identify(src/examples) by extension 'ros'
[0.776s] Level 1:colcon.colcon_core.package_identification:_identify(src/examples) by extensions ['cmake', 'python']
[0.776s] Level 1:colcon.colcon_core.package_identification:_identify(src/examples) by extension 'cmake'
[0.776s] Level 1:colcon.colcon_core.package_identification:_identify(src/examples) by extension 'python'
[0.776s] Level 1:colcon.colcon_core.package_identification:_identify(src/examples) by extensions ['python_setup_py']
[0.776s] Level 1:colcon.colcon_core.package_identification:_identify(src/examples) by extension 'python_setup_py'
[0.776s] Level 1:colcon.colcon_core.package_identification:_identify(src/examples/launch_testing) by extensions ['ignore', 'ignore_ament_install']
[0.776s] Level 1:colcon.colcon_core.package_identification:_identify(src/examples/launch_testing) by extension 'ignore'
[0.777s] Level 1:colcon.colcon_core.package_identification:_identify(src/examples/launch_testing) by extension 'ignore_ament_install'
[0.777s] Level 1:colcon.colcon_core.package_identification:_identify(src/examples/launch_testing) by extensions ['colcon_pkg']
[0.777s] Level 1:colcon.colcon_core.package_identification:_identify(src/examples/launch_testing) by extension 'colcon_pkg'
[0.777s] Level 1:colcon.colcon_core.package_identification:_identify(src/examples/launch_testing) by extensions ['colcon_meta']
[0.777s] Level 1:colcon.colcon_core.package_identification:_identify(src/examples/launch_testing) by extension 'colcon_meta'
[0.777s] Level 1:colcon.colcon_core.package_identification:_identify(src/examples/launch_testing) by extensions ['ros']
[0.777s] Level 1:colcon.colcon_core.package_identification:_identify(src/examples/launch_testing) by extension 'ros'
[0.777s] Level 1:colcon.colcon_core.package_identification:_identify(src/examples/launch_testing) by extensions ['cmake', 'python']
[0.777s] Level 1:colcon.colcon_core.package_identification:_identify(src/examples/launch_testing) by extension 'cmake'
[0.777s] Level 1:colcon.colcon_core.package_identification:_identify(src/examples/launch_testing) by extension 'python'
[0.777s] Level 1:colcon.colcon_core.package_identification:_identify(src/examples/launch_testing) by extensions ['python_setup_py']
[0.777s] Level 1:colcon.colcon_core.package_identification:_identify(src/examples/launch_testing) by extension 'python_setup_py'
[0.778s] Level 1:colcon.colcon_core.package_identification:_identify(src/examples/launch_testing/launch_testing_examples) by extensions ['ignore', 'ignore_ament_install']
[0.778s] Level 1:colcon.colcon_core.package_identification:_identify(src/examples/launch_testing/launch_testing_examples) by extension 'ignore'
[0.778s] Level 1:colcon.colcon_core.package_identification:_identify(src/examples/launch_testing/launch_testing_examples) by extension 'ignore_ament_install'
[0.778s] Level 1:colcon.colcon_core.package_identification:_identify(src/examples/launch_testing/launch_testing_examples) by extensions ['colcon_pkg']
[0.778s] Level 1:colcon.colcon_core.package_identification:_identify(src/examples/launch_testing/launch_testing_examples) by extension 'colcon_pkg'
[0.778s] Level 1:colcon.colcon_core.package_identification:_identify(src/examples/launch_testing/launch_testing_examples) by extensions ['colcon_meta']
[0.778s] Level 1:colcon.colcon_core.package_identification:_identify(src/examples/launch_testing/launch_testing_examples) by extension 'colcon_meta'
[0.778s] Level 1:colcon.colcon_core.package_identification:_identify(src/examples/launch_testing/launch_testing_examples) by extensions ['ros']
[0.778s] Level 1:colcon.colcon_core.package_identification:_identify(src/examples/launch_testing/launch_testing_examples) by extension 'ros'
[0.784s] DEBUG:colcon.colcon_core.package_identification:Package 'src/examples/launch_testing/launch_testing_examples' with type 'ros.ament_python' and name 'launch_testing_examples'
[0.784s] Level 1:colcon.colcon_core.package_identification:_identify(src/examples/rclcpp) by extensions ['ignore', 'ignore_ament_install']
[0.784s] Level 1:colcon.colcon_core.package_identification:_identify(src/examples/rclcpp) by extension 'ignore'
[0.784s] Level 1:colcon.colcon_core.package_identification:_identify(src/examples/rclcpp) by extension 'ignore_ament_install'
[0.785s] Level 1:colcon.colcon_core.package_identification:_identify(src/examples/rclcpp) by extensions ['colcon_pkg']
[0.785s] Level 1:colcon.colcon_core.package_identification:_identify(src/examples/rclcpp) by extension 'colcon_pkg'
[0.785s] Level 1:colcon.colcon_core.package_identification:_identify(src/examples/rclcpp) by extensions ['colcon_meta']
[0.785s] Level 1:colcon.colcon_core.package_identification:_identify(src/examples/rclcpp) by extension 'colcon_meta'
[0.785s] Level 1:colcon.colcon_core.package_identification:_identify(src/examples/rclcpp) by extensions ['ros']
[0.785s] Level 1:colcon.colcon_core.package_identification:_identify(src/examples/rclcpp) by extension 'ros'
[0.785s] Level 1:colcon.colcon_core.package_identification:_identify(src/examples/rclcpp) by extensions ['cmake', 'python']
[0.785s] Level 1:colcon.colcon_core.package_identification:_identify(src/examples/rclcpp) by extension 'cmake'
[0.785s] Level 1:colcon.colcon_core.package_identification:_identify(src/examples/rclcpp) by extension 'python'
[0.785s] Level 1:colcon.colcon_core.package_identification:_identify(src/examples/rclcpp) by extensions ['python_setup_py']
[0.785s] Level 1:colcon.colcon_core.package_identification:_identify(src/examples/rclcpp) by extension 'python_setup_py'
[0.786s] Level 1:colcon.colcon_core.package_identification:_identify(src/examples/rclcpp/actions) by extensions ['ignore', 'ignore_ament_install']
[0.786s] Level 1:colcon.colcon_core.package_identification:_identify(src/examples/rclcpp/actions) by extension 'ignore'
[0.786s] Level 1:colcon.colcon_core.package_identification:_identify(src/examples/rclcpp/actions) by extension 'ignore_ament_install'
[0.786s] Level 1:colcon.colcon_core.package_identification:_identify(src/examples/rclcpp/actions) by extensions ['colcon_pkg']
[0.786s] Level 1:colcon.colcon_core.package_identification:_identify(src/examples/rclcpp/actions) by extension 'colcon_pkg'
[0.786s] Level 1:colcon.colcon_core.package_identification:_identify(src/examples/rclcpp/actions) by extensions ['colcon_meta']
[0.786s] Level 1:colcon.colcon_core.package_identification:_identify(src/examples/rclcpp/actions) by extension 'colcon_meta'
[0.786s] Level 1:colcon.colcon_core.package_identification:_identify(src/examples/rclcpp/actions) by extensions ['ros']
[0.786s] Level 1:colcon.colcon_core.package_identification:_identify(src/examples/rclcpp/actions) by extension 'ros'
[0.787s] Level 1:colcon.colcon_core.package_identification:_identify(src/examples/rclcpp/actions) by extensions ['cmake', 'python']
[0.787s] Level 1:colcon.colcon_core.package_identification:_identify(src/examples/rclcpp/actions) by extension 'cmake'
[0.787s] Level 1:colcon.colcon_core.package_identification:_identify(src/examples/rclcpp/actions) by extension 'python'
[0.787s] Level 1:colcon.colcon_core.package_identification:_identify(src/examples/rclcpp/actions) by extensions ['python_setup_py']
[0.787s] Level 1:colcon.colcon_core.package_identification:_identify(src/examples/rclcpp/actions) by extension 'python_setup_py'
[0.787s] Level 1:colcon.colcon_core.package_identification:_identify(src/examples/rclcpp/actions/minimal_action_client) by extensions ['ignore', 'ignore_ament_install']
[0.787s] Level 1:colcon.colcon_core.package_identification:_identify(src/examples/rclcpp/actions/minimal_action_client) by extension 'ignore'
[0.787s] Level 1:colcon.colcon_core.package_identification:_identify(src/examples/rclcpp/actions/minimal_action_client) by extension 'ignore_ament_install'
[0.787s] Level 1:colcon.colcon_core.package_identification:_identify(src/examples/rclcpp/actions/minimal_action_client) by extensions ['colcon_pkg']
[0.787s] Level 1:colcon.colcon_core.package_identification:_identify(src/examples/rclcpp/actions/minimal_action_client) by extension 'colcon_pkg'
[0.788s] Level 1:colcon.colcon_core.package_identification:_identify(src/examples/rclcpp/actions/minimal_action_client) by extensions ['colcon_meta']
[0.788s] Level 1:colcon.colcon_core.package_identification:_identify(src/examples/rclcpp/actions/minimal_action_client) by extension 'colcon_meta'
[0.788s] Level 1:colcon.colcon_core.package_identification:_identify(src/examples/rclcpp/actions/minimal_action_client) by extensions ['ros']
[0.788s] Level 1:colcon.colcon_core.package_identification:_identify(src/examples/rclcpp/actions/minimal_action_client) by extension 'ros'
[0.789s] DEBUG:colcon.colcon_core.package_identification:Package 'src/examples/rclcpp/actions/minimal_action_client' with type 'ros.ament_cmake' and name 'examples_rclcpp_minimal_action_client'
[0.790s] Level 1:colcon.colcon_core.package_identification:_identify(src/examples/rclcpp/actions/minimal_action_server) by extensions ['ignore', 'ignore_ament_install']
[0.790s] Level 1:colcon.colcon_core.package_identification:_identify(src/examples/rclcpp/actions/minimal_action_server) by extension 'ignore'
[0.790s] Level 1:colcon.colcon_core.package_identification:_identify(src/examples/rclcpp/actions/minimal_action_server) by extension 'ignore_ament_install'
[0.790s] Level 1:colcon.colcon_core.package_identification:_identify(src/examples/rclcpp/actions/minimal_action_server) by extensions ['colcon_pkg']
[0.790s] Level 1:colcon.colcon_core.package_identification:_identify(src/examples/rclcpp/actions/minimal_action_server) by extension 'colcon_pkg'
[0.790s] Level 1:colcon.colcon_core.package_identification:_identify(src/examples/rclcpp/actions/minimal_action_server) by extensions ['colcon_meta']
[0.790s] Level 1:colcon.colcon_core.package_identification:_identify(src/examples/rclcpp/actions/minimal_action_server) by extension 'colcon_meta'
[0.790s] Level 1:colcon.colcon_core.package_identification:_identify(src/examples/rclcpp/actions/minimal_action_server) by extensions ['ros']
[0.790s] Level 1:colcon.colcon_core.package_identification:_identify(src/examples/rclcpp/actions/minimal_action_server) by extension 'ros'
[0.792s] DEBUG:colcon.colcon_core.package_identification:Package 'src/examples/rclcpp/actions/minimal_action_server' with type 'ros.ament_cmake' and name 'examples_rclcpp_minimal_action_server'
[0.792s] Level 1:colcon.colcon_core.package_identification:_identify(src/examples/rclcpp/composition) by extensions ['ignore', 'ignore_ament_install']
[0.792s] Level 1:colcon.colcon_core.package_identification:_identify(src/examples/rclcpp/composition) by extension 'ignore'
[0.792s] Level 1:colcon.colcon_core.package_identification:_identify(src/examples/rclcpp/composition) by extension 'ignore_ament_install'
[0.792s] Level 1:colcon.colcon_core.package_identification:_identify(src/examples/rclcpp/composition) by extensions ['colcon_pkg']
[0.792s] Level 1:colcon.colcon_core.package_identification:_identify(src/examples/rclcpp/composition) by extension 'colcon_pkg'
[0.793s] Level 1:colcon.colcon_core.package_identification:_identify(src/examples/rclcpp/composition) by extensions ['colcon_meta']
[0.793s] Level 1:colcon.colcon_core.package_identification:_identify(src/examples/rclcpp/composition) by extension 'colcon_meta'
[0.793s] Level 1:colcon.colcon_core.package_identification:_identify(src/examples/rclcpp/composition) by extensions ['ros']
[0.793s] Level 1:colcon.colcon_core.package_identification:_identify(src/examples/rclcpp/composition) by extension 'ros'
[0.793s] Level 1:colcon.colcon_core.package_identification:_identify(src/examples/rclcpp/composition) by extensions ['cmake', 'python']
[0.793s] Level 1:colcon.colcon_core.package_identification:_identify(src/examples/rclcpp/composition) by extension 'cmake'
[0.793s] Level 1:colcon.colcon_core.package_identification:_identify(src/examples/rclcpp/composition) by extension 'python'
[0.793s] Level 1:colcon.colcon_core.package_identification:_identify(src/examples/rclcpp/composition) by extensions ['python_setup_py']
[0.793s] Level 1:colcon.colcon_core.package_identification:_identify(src/examples/rclcpp/composition) by extension 'python_setup_py'
[0.794s] Level 1:colcon.colcon_core.package_identification:_identify(src/examples/rclcpp/composition/minimal_composition) by extensions ['ignore', 'ignore_ament_install']
[0.794s] Level 1:colcon.colcon_core.package_identification:_identify(src/examples/rclcpp/composition/minimal_composition) by extension 'ignore'
[0.794s] Level 1:colcon.colcon_core.package_identification:_identify(src/examples/rclcpp/composition/minimal_composition) by extension 'ignore_ament_install'
[0.794s] Level 1:colcon.colcon_core.package_identification:_identify(src/examples/rclcpp/composition/minimal_composition) by extensions ['colcon_pkg']
[0.794s] Level 1:colcon.colcon_core.package_identification:_identify(src/examples/rclcpp/composition/minimal_composition) by extension 'colcon_pkg'
[0.794s] Level 1:colcon.colcon_core.package_identification:_identify(src/examples/rclcpp/composition/minimal_composition) by extensions ['colcon_meta']
[0.794s] Level 1:colcon.colcon_core.package_identification:_identify(src/examples/rclcpp/composition/minimal_composition) by extension 'colcon_meta'
[0.794s] Level 1:colcon.colcon_core.package_identification:_identify(src/examples/rclcpp/composition/minimal_composition) by extensions ['ros']
[0.794s] Level 1:colcon.colcon_core.package_identification:_identify(src/examples/rclcpp/composition/minimal_composition) by extension 'ros'
[0.796s] DEBUG:colcon.colcon_core.package_identification:Package 'src/examples/rclcpp/composition/minimal_composition' with type 'ros.ament_cmake' and name 'examples_rclcpp_minimal_composition'
[0.796s] Level 1:colcon.colcon_core.package_identification:_identify(src/examples/rclcpp/executors) by extensions ['ignore', 'ignore_ament_install']
[0.796s] Level 1:colcon.colcon_core.package_identification:_identify(src/examples/rclcpp/executors) by extension 'ignore'
[0.796s] Level 1:colcon.colcon_core.package_identification:_identify(src/examples/rclcpp/executors) by extension 'ignore_ament_install'
[0.796s] Level 1:colcon.colcon_core.package_identification:_identify(src/examples/rclcpp/executors) by extensions ['colcon_pkg']
[0.796s] Level 1:colcon.colcon_core.package_identification:_identify(src/examples/rclcpp/executors) by extension 'colcon_pkg'
[0.797s] Level 1:colcon.colcon_core.package_identification:_identify(src/examples/rclcpp/executors) by extensions ['colcon_meta']
[0.797s] Level 1:colcon.colcon_core.package_identification:_identify(src/examples/rclcpp/executors) by extension 'colcon_meta'
[0.797s] Level 1:colcon.colcon_core.package_identification:_identify(src/examples/rclcpp/executors) by extensions ['ros']
[0.797s] Level 1:colcon.colcon_core.package_identification:_identify(src/examples/rclcpp/executors) by extension 'ros'
[0.797s] Level 1:colcon.colcon_core.package_identification:_identify(src/examples/rclcpp/executors) by extensions ['cmake', 'python']
[0.797s] Level 1:colcon.colcon_core.package_identification:_identify(src/examples/rclcpp/executors) by extension 'cmake'
[0.797s] Level 1:colcon.colcon_core.package_identification:_identify(src/examples/rclcpp/executors) by extension 'python'
[0.797s] Level 1:colcon.colcon_core.package_identification:_identify(src/examples/rclcpp/executors) by extensions ['python_setup_py']
[0.797s] Level 1:colcon.colcon_core.package_identification:_identify(src/examples/rclcpp/executors) by extension 'python_setup_py'
[0.797s] Level 1:colcon.colcon_core.package_identification:_identify(src/examples/rclcpp/executors/cbg_executor) by extensions ['ignore', 'ignore_ament_install']
[0.798s] Level 1:colcon.colcon_core.package_identification:_identify(src/examples/rclcpp/executors/cbg_executor) by extension 'ignore'
[0.798s] Level 1:colcon.colcon_core.package_identification:_identify(src/examples/rclcpp/executors/cbg_executor) by extension 'ignore_ament_install'
[0.798s] Level 1:colcon.colcon_core.package_identification:_identify(src/examples/rclcpp/executors/cbg_executor) by extensions ['colcon_pkg']
[0.798s] Level 1:colcon.colcon_core.package_identification:_identify(src/examples/rclcpp/executors/cbg_executor) by extension 'colcon_pkg'
[0.798s] Level 1:colcon.colcon_core.package_identification:_identify(src/examples/rclcpp/executors/cbg_executor) by extensions ['colcon_meta']
[0.798s] Level 1:colcon.colcon_core.package_identification:_identify(src/examples/rclcpp/executors/cbg_executor) by extension 'colcon_meta'
[0.798s] Level 1:colcon.colcon_core.package_identification:_identify(src/examples/rclcpp/executors/cbg_executor) by extensions ['ros']
[0.798s] Level 1:colcon.colcon_core.package_identification:_identify(src/examples/rclcpp/executors/cbg_executor) by extension 'ros'
[0.799s] DEBUG:colcon.colcon_core.package_identification:Package 'src/examples/rclcpp/executors/cbg_executor' with type 'ros.ament_cmake' and name 'examples_rclcpp_cbg_executor'
[0.800s] Level 1:colcon.colcon_core.package_identification:_identify(src/examples/rclcpp/executors/multithreaded_executor) by extensions ['ignore', 'ignore_ament_install']
[0.800s] Level 1:colcon.colcon_core.package_identification:_identify(src/examples/rclcpp/executors/multithreaded_executor) by extension 'ignore'
[0.800s] Level 1:colcon.colcon_core.package_identification:_identify(src/examples/rclcpp/executors/multithreaded_executor) by extension 'ignore_ament_install'
[0.800s] Level 1:colcon.colcon_core.package_identification:_identify(src/examples/rclcpp/executors/multithreaded_executor) by extensions ['colcon_pkg']
[0.800s] Level 1:colcon.colcon_core.package_identification:_identify(src/examples/rclcpp/executors/multithreaded_executor) by extension 'colcon_pkg'
[0.800s] Level 1:colcon.colcon_core.package_identification:_identify(src/examples/rclcpp/executors/multithreaded_executor) by extensions ['colcon_meta']
[0.800s] Level 1:colcon.colcon_core.package_identification:_identify(src/examples/rclcpp/executors/multithreaded_executor) by extension 'colcon_meta'
[0.800s] Level 1:colcon.colcon_core.package_identification:_identify(src/examples/rclcpp/executors/multithreaded_executor) by extensions ['ros']
[0.800s] Level 1:colcon.colcon_core.package_identification:_identify(src/examples/rclcpp/executors/multithreaded_executor) by extension 'ros'
[0.802s] DEBUG:colcon.colcon_core.package_identification:Package 'src/examples/rclcpp/executors/multithreaded_executor' with type 'ros.ament_cmake' and name 'examples_rclcpp_multithreaded_executor'
[0.802s] Level 1:colcon.colcon_core.package_identification:_identify(src/examples/rclcpp/services) by extensions ['ignore', 'ignore_ament_install']
[0.802s] Level 1:colcon.colcon_core.package_identification:_identify(src/examples/rclcpp/services) by extension 'ignore'
[0.802s] Level 1:colcon.colcon_core.package_identification:_identify(src/examples/rclcpp/services) by extension 'ignore_ament_install'
[0.802s] Level 1:colcon.colcon_core.package_identification:_identify(src/examples/rclcpp/services) by extensions ['colcon_pkg']
[0.803s] Level 1:colcon.colcon_core.package_identification:_identify(src/examples/rclcpp/services) by extension 'colcon_pkg'
[0.803s] Level 1:colcon.colcon_core.package_identification:_identify(src/examples/rclcpp/services) by extensions ['colcon_meta']
[0.803s] Level 1:colcon.colcon_core.package_identification:_identify(src/examples/rclcpp/services) by extension 'colcon_meta'
[0.803s] Level 1:colcon.colcon_core.package_identification:_identify(src/examples/rclcpp/services) by extensions ['ros']
[0.803s] Level 1:colcon.colcon_core.package_identification:_identify(src/examples/rclcpp/services) by extension 'ros'
[0.803s] Level 1:colcon.colcon_core.package_identification:_identify(src/examples/rclcpp/services) by extensions ['cmake', 'python']
[0.803s] Level 1:colcon.colcon_core.package_identification:_identify(src/examples/rclcpp/services) by extension 'cmake'
[0.803s] Level 1:colcon.colcon_core.package_identification:_identify(src/examples/rclcpp/services) by extension 'python'
[0.803s] Level 1:colcon.colcon_core.package_identification:_identify(src/examples/rclcpp/services) by extensions ['python_setup_py']
[0.803s] Level 1:colcon.colcon_core.package_identification:_identify(src/examples/rclcpp/services) by extension 'python_setup_py'
[0.804s] Level 1:colcon.colcon_core.package_identification:_identify(src/examples/rclcpp/services/async_client) by extensions ['ignore', 'ignore_ament_install']
[0.804s] Level 1:colcon.colcon_core.package_identification:_identify(src/examples/rclcpp/services/async_client) by extension 'ignore'
[0.804s] Level 1:colcon.colcon_core.package_identification:_identify(src/examples/rclcpp/services/async_client) by extension 'ignore_ament_install'
[0.804s] Level 1:colcon.colcon_core.package_identification:_identify(src/examples/rclcpp/services/async_client) by extensions ['colcon_pkg']
[0.804s] Level 1:colcon.colcon_core.package_identification:_identify(src/examples/rclcpp/services/async_client) by extension 'colcon_pkg'
[0.804s] Level 1:colcon.colcon_core.package_identification:_identify(src/examples/rclcpp/services/async_client) by extensions ['colcon_meta']
[0.804s] Level 1:colcon.colcon_core.package_identification:_identify(src/examples/rclcpp/services/async_client) by extension 'colcon_meta'
[0.804s] Level 1:colcon.colcon_core.package_identification:_identify(src/examples/rclcpp/services/async_client) by extensions ['ros']
[0.804s] Level 1:colcon.colcon_core.package_identification:_identify(src/examples/rclcpp/services/async_client) by extension 'ros'
[0.805s] DEBUG:colcon.colcon_core.package_identification:Package 'src/examples/rclcpp/services/async_client' with type 'ros.ament_cmake' and name 'examples_rclcpp_async_client'
[0.806s] Level 1:colcon.colcon_core.package_identification:_identify(src/examples/rclcpp/services/minimal_client) by extensions ['ignore', 'ignore_ament_install']
[0.806s] Level 1:colcon.colcon_core.package_identification:_identify(src/examples/rclcpp/services/minimal_client) by extension 'ignore'
[0.806s] Level 1:colcon.colcon_core.package_identification:_identify(src/examples/rclcpp/services/minimal_client) by extension 'ignore_ament_install'
[0.806s] Level 1:colcon.colcon_core.package_identification:_identify(src/examples/rclcpp/services/minimal_client) by extensions ['colcon_pkg']
[0.806s] Level 1:colcon.colcon_core.package_identification:_identify(src/examples/rclcpp/services/minimal_client) by extension 'colcon_pkg'
[0.806s] Level 1:colcon.colcon_core.package_identification:_identify(src/examples/rclcpp/services/minimal_client) by extensions ['colcon_meta']
[0.806s] Level 1:colcon.colcon_core.package_identification:_identify(src/examples/rclcpp/services/minimal_client) by extension 'colcon_meta'
[0.806s] Level 1:colcon.colcon_core.package_identification:_identify(src/examples/rclcpp/services/minimal_client) by extensions ['ros']
[0.806s] Level 1:colcon.colcon_core.package_identification:_identify(src/examples/rclcpp/services/minimal_client) by extension 'ros'
[0.808s] DEBUG:colcon.colcon_core.package_identification:Package 'src/examples/rclcpp/services/minimal_client' with type 'ros.ament_cmake' and name 'examples_rclcpp_minimal_client'
[0.808s] Level 1:colcon.colcon_core.package_identification:_identify(src/examples/rclcpp/services/minimal_service) by extensions ['ignore', 'ignore_ament_install']
[0.808s] Level 1:colcon.colcon_core.package_identification:_identify(src/examples/rclcpp/services/minimal_service) by extension 'ignore'
[0.808s] Level 1:colcon.colcon_core.package_identification:_identify(src/examples/rclcpp/services/minimal_service) by extension 'ignore_ament_install'
[0.808s] Level 1:colcon.colcon_core.package_identification:_identify(src/examples/rclcpp/services/minimal_service) by extensions ['colcon_pkg']
[0.808s] Level 1:colcon.colcon_core.package_identification:_identify(src/examples/rclcpp/services/minimal_service) by extension 'colcon_pkg'
[0.808s] Level 1:colcon.colcon_core.package_identification:_identify(src/examples/rclcpp/services/minimal_service) by extensions ['colcon_meta']
[0.808s] Level 1:colcon.colcon_core.package_identification:_identify(src/examples/rclcpp/services/minimal_service) by extension 'colcon_meta'
[0.809s] Level 1:colcon.colcon_core.package_identification:_identify(src/examples/rclcpp/services/minimal_service) by extensions ['ros']
[0.809s] Level 1:colcon.colcon_core.package_identification:_identify(src/examples/rclcpp/services/minimal_service) by extension 'ros'
[0.810s] DEBUG:colcon.colcon_core.package_identification:Package 'src/examples/rclcpp/services/minimal_service' with type 'ros.ament_cmake' and name 'examples_rclcpp_minimal_service'
[0.810s] Level 1:colcon.colcon_core.package_identification:_identify(src/examples/rclcpp/timers) by extensions ['ignore', 'ignore_ament_install']
[0.810s] Level 1:colcon.colcon_core.package_identification:_identify(src/examples/rclcpp/timers) by extension 'ignore'
[0.810s] Level 1:colcon.colcon_core.package_identification:_identify(src/examples/rclcpp/timers) by extension 'ignore_ament_install'
[0.810s] Level 1:colcon.colcon_core.package_identification:_identify(src/examples/rclcpp/timers) by extensions ['colcon_pkg']
[0.810s] Level 1:colcon.colcon_core.package_identification:_identify(src/examples/rclcpp/timers) by extension 'colcon_pkg'
[0.811s] Level 1:colcon.colcon_core.package_identification:_identify(src/examples/rclcpp/timers) by extensions ['colcon_meta']
[0.811s] Level 1:colcon.colcon_core.package_identification:_identify(src/examples/rclcpp/timers) by extension 'colcon_meta'
[0.811s] Level 1:colcon.colcon_core.package_identification:_identify(src/examples/rclcpp/timers) by extensions ['ros']
[0.811s] Level 1:colcon.colcon_core.package_identification:_identify(src/examples/rclcpp/timers) by extension 'ros'
[0.811s] Level 1:colcon.colcon_core.package_identification:_identify(src/examples/rclcpp/timers) by extensions ['cmake', 'python']
[0.811s] Level 1:colcon.colcon_core.package_identification:_identify(src/examples/rclcpp/timers) by extension 'cmake'
[0.811s] Level 1:colcon.colcon_core.package_identification:_identify(src/examples/rclcpp/timers) by extension 'python'
[0.811s] Level 1:colcon.colcon_core.package_identification:_identify(src/examples/rclcpp/timers) by extensions ['python_setup_py']
[0.811s] Level 1:colcon.colcon_core.package_identification:_identify(src/examples/rclcpp/timers) by extension 'python_setup_py'
[0.812s] Level 1:colcon.colcon_core.package_identification:_identify(src/examples/rclcpp/timers/minimal_timer) by extensions ['ignore', 'ignore_ament_install']
[0.812s] Level 1:colcon.colcon_core.package_identification:_identify(src/examples/rclcpp/timers/minimal_timer) by extension 'ignore'
[0.812s] Level 1:colcon.colcon_core.package_identification:_identify(src/examples/rclcpp/timers/minimal_timer) by extension 'ignore_ament_install'
[0.812s] Level 1:colcon.colcon_core.package_identification:_identify(src/examples/rclcpp/timers/minimal_timer) by extensions ['colcon_pkg']
[0.812s] Level 1:colcon.colcon_core.package_identification:_identify(src/examples/rclcpp/timers/minimal_timer) by extension 'colcon_pkg'
[0.812s] Level 1:colcon.colcon_core.package_identification:_identify(src/examples/rclcpp/timers/minimal_timer) by extensions ['colcon_meta']
[0.812s] Level 1:colcon.colcon_core.package_identification:_identify(src/examples/rclcpp/timers/minimal_timer) by extension 'colcon_meta'
[0.812s] Level 1:colcon.colcon_core.package_identification:_identify(src/examples/rclcpp/timers/minimal_timer) by extensions ['ros']
[0.812s] Level 1:colcon.colcon_core.package_identification:_identify(src/examples/rclcpp/timers/minimal_timer) by extension 'ros'
[0.813s] DEBUG:colcon.colcon_core.package_identification:Package 'src/examples/rclcpp/timers/minimal_timer' with type 'ros.ament_cmake' and name 'examples_rclcpp_minimal_timer'
[0.814s] Level 1:colcon.colcon_core.package_identification:_identify(src/examples/rclcpp/topics) by extensions ['ignore', 'ignore_ament_install']
[0.814s] Level 1:colcon.colcon_core.package_identification:_identify(src/examples/rclcpp/topics) by extension 'ignore'
[0.814s] Level 1:colcon.colcon_core.package_identification:_identify(src/examples/rclcpp/topics) by extension 'ignore_ament_install'
[0.814s] Level 1:colcon.colcon_core.package_identification:_identify(src/examples/rclcpp/topics) by extensions ['colcon_pkg']
[0.814s] Level 1:colcon.colcon_core.package_identification:_identify(src/examples/rclcpp/topics) by extension 'colcon_pkg'
[0.814s] Level 1:colcon.colcon_core.package_identification:_identify(src/examples/rclcpp/topics) by extensions ['colcon_meta']
[0.814s] Level 1:colcon.colcon_core.package_identification:_identify(src/examples/rclcpp/topics) by extension 'colcon_meta'
[0.814s] Level 1:colcon.colcon_core.package_identification:_identify(src/examples/rclcpp/topics) by extensions ['ros']
[0.814s] Level 1:colcon.colcon_core.package_identification:_identify(src/examples/rclcpp/topics) by extension 'ros'
[0.815s] Level 1:colcon.colcon_core.package_identification:_identify(src/examples/rclcpp/topics) by extensions ['cmake', 'python']
[0.815s] Level 1:colcon.colcon_core.package_identification:_identify(src/examples/rclcpp/topics) by extension 'cmake'
[0.815s] Level 1:colcon.colcon_core.package_identification:_identify(src/examples/rclcpp/topics) by extension 'python'
[0.815s] Level 1:colcon.colcon_core.package_identification:_identify(src/examples/rclcpp/topics) by extensions ['python_setup_py']
[0.815s] Level 1:colcon.colcon_core.package_identification:_identify(src/examples/rclcpp/topics) by extension 'python_setup_py'
[0.815s] Level 1:colcon.colcon_core.package_identification:_identify(src/examples/rclcpp/topics/minimal_publisher) by extensions ['ignore', 'ignore_ament_install']
[0.815s] Level 1:colcon.colcon_core.package_identification:_identify(src/examples/rclcpp/topics/minimal_publisher) by extension 'ignore'
[0.815s] Level 1:colcon.colcon_core.package_identification:_identify(src/examples/rclcpp/topics/minimal_publisher) by extension 'ignore_ament_install'
[0.816s] Level 1:colcon.colcon_core.package_identification:_identify(src/examples/rclcpp/topics/minimal_publisher) by extensions ['colcon_pkg']
[0.816s] Level 1:colcon.colcon_core.package_identification:_identify(src/examples/rclcpp/topics/minimal_publisher) by extension 'colcon_pkg'
[0.816s] Level 1:colcon.colcon_core.package_identification:_identify(src/examples/rclcpp/topics/minimal_publisher) by extensions ['colcon_meta']
[0.816s] Level 1:colcon.colcon_core.package_identification:_identify(src/examples/rclcpp/topics/minimal_publisher) by extension 'colcon_meta'
[0.816s] Level 1:colcon.colcon_core.package_identification:_identify(src/examples/rclcpp/topics/minimal_publisher) by extensions ['ros']
[0.816s] Level 1:colcon.colcon_core.package_identification:_identify(src/examples/rclcpp/topics/minimal_publisher) by extension 'ros'
[0.817s] DEBUG:colcon.colcon_core.package_identification:Package 'src/examples/rclcpp/topics/minimal_publisher' with type 'ros.ament_cmake' and name 'examples_rclcpp_minimal_publisher'
[0.818s] Level 1:colcon.colcon_core.package_identification:_identify(src/examples/rclcpp/topics/minimal_subscriber) by extensions ['ignore', 'ignore_ament_install']
[0.818s] Level 1:colcon.colcon_core.package_identification:_identify(src/examples/rclcpp/topics/minimal_subscriber) by extension 'ignore'
[0.818s] Level 1:colcon.colcon_core.package_identification:_identify(src/examples/rclcpp/topics/minimal_subscriber) by extension 'ignore_ament_install'
[0.818s] Level 1:colcon.colcon_core.package_identification:_identify(src/examples/rclcpp/topics/minimal_subscriber) by extensions ['colcon_pkg']
[0.818s] Level 1:colcon.colcon_core.package_identification:_identify(src/examples/rclcpp/topics/minimal_subscriber) by extension 'colcon_pkg'
[0.818s] Level 1:colcon.colcon_core.package_identification:_identify(src/examples/rclcpp/topics/minimal_subscriber) by extensions ['colcon_meta']
[0.818s] Level 1:colcon.colcon_core.package_identification:_identify(src/examples/rclcpp/topics/minimal_subscriber) by extension 'colcon_meta'
[0.818s] Level 1:colcon.colcon_core.package_identification:_identify(src/examples/rclcpp/topics/minimal_subscriber) by extensions ['ros']
[0.818s] Level 1:colcon.colcon_core.package_identification:_identify(src/examples/rclcpp/topics/minimal_subscriber) by extension 'ros'
[0.820s] DEBUG:colcon.colcon_core.package_identification:Package 'src/examples/rclcpp/topics/minimal_subscriber' with type 'ros.ament_cmake' and name 'examples_rclcpp_minimal_subscriber'
[0.820s] Level 1:colcon.colcon_core.package_identification:_identify(src/examples/rclcpp/wait_set) by extensions ['ignore', 'ignore_ament_install']
[0.820s] Level 1:colcon.colcon_core.package_identification:_identify(src/examples/rclcpp/wait_set) by extension 'ignore'
[0.820s] Level 1:colcon.colcon_core.package_identification:_identify(src/examples/rclcpp/wait_set) by extension 'ignore_ament_install'
[0.820s] Level 1:colcon.colcon_core.package_identification:_identify(src/examples/rclcpp/wait_set) by extensions ['colcon_pkg']
[0.820s] Level 1:colcon.colcon_core.package_identification:_identify(src/examples/rclcpp/wait_set) by extension 'colcon_pkg'
[0.820s] Level 1:colcon.colcon_core.package_identification:_identify(src/examples/rclcpp/wait_set) by extensions ['colcon_meta']
[0.820s] Level 1:colcon.colcon_core.package_identification:_identify(src/examples/rclcpp/wait_set) by extension 'colcon_meta'
[0.821s] Level 1:colcon.colcon_core.package_identification:_identify(src/examples/rclcpp/wait_set) by extensions ['ros']
[0.821s] Level 1:colcon.colcon_core.package_identification:_identify(src/examples/rclcpp/wait_set) by extension 'ros'
[0.822s] DEBUG:colcon.colcon_core.package_identification:Package 'src/examples/rclcpp/wait_set' with type 'ros.ament_cmake' and name 'examples_rclcpp_wait_set'
[0.822s] Level 1:colcon.colcon_core.package_identification:_identify(src/examples/rclpy) by extensions ['ignore', 'ignore_ament_install']
[0.822s] Level 1:colcon.colcon_core.package_identification:_identify(src/examples/rclpy) by extension 'ignore'
[0.822s] Level 1:colcon.colcon_core.package_identification:_identify(src/examples/rclpy) by extension 'ignore_ament_install'
[0.822s] Level 1:colcon.colcon_core.package_identification:_identify(src/examples/rclpy) by extensions ['colcon_pkg']
[0.822s] Level 1:colcon.colcon_core.package_identification:_identify(src/examples/rclpy) by extension 'colcon_pkg'
[0.823s] Level 1:colcon.colcon_core.package_identification:_identify(src/examples/rclpy) by extensions ['colcon_meta']
[0.823s] Level 1:colcon.colcon_core.package_identification:_identify(src/examples/rclpy) by extension 'colcon_meta'
[0.823s] Level 1:colcon.colcon_core.package_identification:_identify(src/examples/rclpy) by extensions ['ros']
[0.823s] Level 1:colcon.colcon_core.package_identification:_identify(src/examples/rclpy) by extension 'ros'
[0.823s] Level 1:colcon.colcon_core.package_identification:_identify(src/examples/rclpy) by extensions ['cmake', 'python']
[0.823s] Level 1:colcon.colcon_core.package_identification:_identify(src/examples/rclpy) by extension 'cmake'
[0.823s] Level 1:colcon.colcon_core.package_identification:_identify(src/examples/rclpy) by extension 'python'
[0.823s] Level 1:colcon.colcon_core.package_identification:_identify(src/examples/rclpy) by extensions ['python_setup_py']
[0.823s] Level 1:colcon.colcon_core.package_identification:_identify(src/examples/rclpy) by extension 'python_setup_py'
[0.824s] Level 1:colcon.colcon_core.package_identification:_identify(src/examples/rclpy/actions) by extensions ['ignore', 'ignore_ament_install']
[0.824s] Level 1:colcon.colcon_core.package_identification:_identify(src/examples/rclpy/actions) by extension 'ignore'
[0.824s] Level 1:colcon.colcon_core.package_identification:_identify(src/examples/rclpy/actions) by extension 'ignore_ament_install'
[0.824s] Level 1:colcon.colcon_core.package_identification:_identify(src/examples/rclpy/actions) by extensions ['colcon_pkg']
[0.824s] Level 1:colcon.colcon_core.package_identification:_identify(src/examples/rclpy/actions) by extension 'colcon_pkg'
[0.824s] Level 1:colcon.colcon_core.package_identification:_identify(src/examples/rclpy/actions) by extensions ['colcon_meta']
[0.824s] Level 1:colcon.colcon_core.package_identification:_identify(src/examples/rclpy/actions) by extension 'colcon_meta'
[0.824s] Level 1:colcon.colcon_core.package_identification:_identify(src/examples/rclpy/actions) by extensions ['ros']
[0.824s] Level 1:colcon.colcon_core.package_identification:_identify(src/examples/rclpy/actions) by extension 'ros'
[0.824s] Level 1:colcon.colcon_core.package_identification:_identify(src/examples/rclpy/actions) by extensions ['cmake', 'python']
[0.824s] Level 1:colcon.colcon_core.package_identification:_identify(src/examples/rclpy/actions) by extension 'cmake'
[0.825s] Level 1:colcon.colcon_core.package_identification:_identify(src/examples/rclpy/actions) by extension 'python'
[0.825s] Level 1:colcon.colcon_core.package_identification:_identify(src/examples/rclpy/actions) by extensions ['python_setup_py']
[0.825s] Level 1:colcon.colcon_core.package_identification:_identify(src/examples/rclpy/actions) by extension 'python_setup_py'
[0.825s] Level 1:colcon.colcon_core.package_identification:_identify(src/examples/rclpy/actions/minimal_action_client) by extensions ['ignore', 'ignore_ament_install']
[0.825s] Level 1:colcon.colcon_core.package_identification:_identify(src/examples/rclpy/actions/minimal_action_client) by extension 'ignore'
[0.825s] Level 1:colcon.colcon_core.package_identification:_identify(src/examples/rclpy/actions/minimal_action_client) by extension 'ignore_ament_install'
[0.825s] Level 1:colcon.colcon_core.package_identification:_identify(src/examples/rclpy/actions/minimal_action_client) by extensions ['colcon_pkg']
[0.825s] Level 1:colcon.colcon_core.package_identification:_identify(src/examples/rclpy/actions/minimal_action_client) by extension 'colcon_pkg'
[0.825s] Level 1:colcon.colcon_core.package_identification:_identify(src/examples/rclpy/actions/minimal_action_client) by extensions ['colcon_meta']
[0.826s] Level 1:colcon.colcon_core.package_identification:_identify(src/examples/rclpy/actions/minimal_action_client) by extension 'colcon_meta'
[0.826s] Level 1:colcon.colcon_core.package_identification:_identify(src/examples/rclpy/actions/minimal_action_client) by extensions ['ros']
[0.826s] Level 1:colcon.colcon_core.package_identification:_identify(src/examples/rclpy/actions/minimal_action_client) by extension 'ros'
[0.827s] DEBUG:colcon.colcon_core.package_identification:Package 'src/examples/rclpy/actions/minimal_action_client' with type 'ros.ament_python' and name 'examples_rclpy_minimal_action_client'
[0.827s] Level 1:colcon.colcon_core.package_identification:_identify(src/examples/rclpy/actions/minimal_action_server) by extensions ['ignore', 'ignore_ament_install']
[0.827s] Level 1:colcon.colcon_core.package_identification:_identify(src/examples/rclpy/actions/minimal_action_server) by extension 'ignore'
[0.828s] Level 1:colcon.colcon_core.package_identification:_identify(src/examples/rclpy/actions/minimal_action_server) by extension 'ignore_ament_install'
[0.828s] Level 1:colcon.colcon_core.package_identification:_identify(src/examples/rclpy/actions/minimal_action_server) by extensions ['colcon_pkg']
[0.828s] Level 1:colcon.colcon_core.package_identification:_identify(src/examples/rclpy/actions/minimal_action_server) by extension 'colcon_pkg'
[0.828s] Level 1:colcon.colcon_core.package_identification:_identify(src/examples/rclpy/actions/minimal_action_server) by extensions ['colcon_meta']
[0.828s] Level 1:colcon.colcon_core.package_identification:_identify(src/examples/rclpy/actions/minimal_action_server) by extension 'colcon_meta'
[0.828s] Level 1:colcon.colcon_core.package_identification:_identify(src/examples/rclpy/actions/minimal_action_server) by extensions ['ros']
[0.828s] Level 1:colcon.colcon_core.package_identification:_identify(src/examples/rclpy/actions/minimal_action_server) by extension 'ros'
[0.829s] DEBUG:colcon.colcon_core.package_identification:Package 'src/examples/rclpy/actions/minimal_action_server' with type 'ros.ament_python' and name 'examples_rclpy_minimal_action_server'
[0.829s] Level 1:colcon.colcon_core.package_identification:_identify(src/examples/rclpy/executors) by extensions ['ignore', 'ignore_ament_install']
[0.830s] Level 1:colcon.colcon_core.package_identification:_identify(src/examples/rclpy/executors) by extension 'ignore'
[0.830s] Level 1:colcon.colcon_core.package_identification:_identify(src/examples/rclpy/executors) by extension 'ignore_ament_install'
[0.830s] Level 1:colcon.colcon_core.package_identification:_identify(src/examples/rclpy/executors) by extensions ['colcon_pkg']
[0.830s] Level 1:colcon.colcon_core.package_identification:_identify(src/examples/rclpy/executors) by extension 'colcon_pkg'
[0.830s] Level 1:colcon.colcon_core.package_identification:_identify(src/examples/rclpy/executors) by extensions ['colcon_meta']
[0.830s] Level 1:colcon.colcon_core.package_identification:_identify(src/examples/rclpy/executors) by extension 'colcon_meta'
[0.830s] Level 1:colcon.colcon_core.package_identification:_identify(src/examples/rclpy/executors) by extensions ['ros']
[0.830s] Level 1:colcon.colcon_core.package_identification:_identify(src/examples/rclpy/executors) by extension 'ros'
[0.831s] DEBUG:colcon.colcon_core.package_identification:Package 'src/examples/rclpy/executors' with type 'ros.ament_python' and name 'examples_rclpy_executors'
[0.832s] Level 1:colcon.colcon_core.package_identification:_identify(src/examples/rclpy/guard_conditions) by extensions ['ignore', 'ignore_ament_install']
[0.832s] Level 1:colcon.colcon_core.package_identification:_identify(src/examples/rclpy/guard_conditions) by extension 'ignore'
[0.832s] Level 1:colcon.colcon_core.package_identification:_identify(src/examples/rclpy/guard_conditions) by extension 'ignore_ament_install'
[0.832s] Level 1:colcon.colcon_core.package_identification:_identify(src/examples/rclpy/guard_conditions) by extensions ['colcon_pkg']
[0.832s] Level 1:colcon.colcon_core.package_identification:_identify(src/examples/rclpy/guard_conditions) by extension 'colcon_pkg'
[0.832s] Level 1:colcon.colcon_core.package_identification:_identify(src/examples/rclpy/guard_conditions) by extensions ['colcon_meta']
[0.832s] Level 1:colcon.colcon_core.package_identification:_identify(src/examples/rclpy/guard_conditions) by extension 'colcon_meta'
[0.832s] Level 1:colcon.colcon_core.package_identification:_identify(src/examples/rclpy/guard_conditions) by extensions ['ros']
[0.832s] Level 1:colcon.colcon_core.package_identification:_identify(src/examples/rclpy/guard_conditions) by extension 'ros'
[0.834s] DEBUG:colcon.colcon_core.package_identification:Package 'src/examples/rclpy/guard_conditions' with type 'ros.ament_python' and name 'examples_rclpy_guard_conditions'
[0.834s] Level 1:colcon.colcon_core.package_identification:_identify(src/examples/rclpy/services) by extensions ['ignore', 'ignore_ament_install']
[0.834s] Level 1:colcon.colcon_core.package_identification:_identify(src/examples/rclpy/services) by extension 'ignore'
[0.834s] Level 1:colcon.colcon_core.package_identification:_identify(src/examples/rclpy/services) by extension 'ignore_ament_install'
[0.834s] Level 1:colcon.colcon_core.package_identification:_identify(src/examples/rclpy/services) by extensions ['colcon_pkg']
[0.834s] Level 1:colcon.colcon_core.package_identification:_identify(src/examples/rclpy/services) by extension 'colcon_pkg'
[0.834s] Level 1:colcon.colcon_core.package_identification:_identify(src/examples/rclpy/services) by extensions ['colcon_meta']
[0.834s] Level 1:colcon.colcon_core.package_identification:_identify(src/examples/rclpy/services) by extension 'colcon_meta'
[0.835s] Level 1:colcon.colcon_core.package_identification:_identify(src/examples/rclpy/services) by extensions ['ros']
[0.835s] Level 1:colcon.colcon_core.package_identification:_identify(src/examples/rclpy/services) by extension 'ros'
[0.835s] Level 1:colcon.colcon_core.package_identification:_identify(src/examples/rclpy/services) by extensions ['cmake', 'python']
[0.835s] Level 1:colcon.colcon_core.package_identification:_identify(src/examples/rclpy/services) by extension 'cmake'
[0.835s] Level 1:colcon.colcon_core.package_identification:_identify(src/examples/rclpy/services) by extension 'python'
[0.835s] Level 1:colcon.colcon_core.package_identification:_identify(src/examples/rclpy/services) by extensions ['python_setup_py']
[0.835s] Level 1:colcon.colcon_core.package_identification:_identify(src/examples/rclpy/services) by extension 'python_setup_py'
[0.835s] Level 1:colcon.colcon_core.package_identification:_identify(src/examples/rclpy/services/minimal_client) by extensions ['ignore', 'ignore_ament_install']
[0.835s] Level 1:colcon.colcon_core.package_identification:_identify(src/examples/rclpy/services/minimal_client) by extension 'ignore'
[0.836s] Level 1:colcon.colcon_core.package_identification:_identify(src/examples/rclpy/services/minimal_client) by extension 'ignore_ament_install'
[0.836s] Level 1:colcon.colcon_core.package_identification:_identify(src/examples/rclpy/services/minimal_client) by extensions ['colcon_pkg']
[0.836s] Level 1:colcon.colcon_core.package_identification:_identify(src/examples/rclpy/services/minimal_client) by extension 'colcon_pkg'
[0.836s] Level 1:colcon.colcon_core.package_identification:_identify(src/examples/rclpy/services/minimal_client) by extensions ['colcon_meta']
[0.836s] Level 1:colcon.colcon_core.package_identification:_identify(src/examples/rclpy/services/minimal_client) by extension 'colcon_meta'
[0.836s] Level 1:colcon.colcon_core.package_identification:_identify(src/examples/rclpy/services/minimal_client) by extensions ['ros']
[0.836s] Level 1:colcon.colcon_core.package_identification:_identify(src/examples/rclpy/services/minimal_client) by extension 'ros'
[0.837s] DEBUG:colcon.colcon_core.package_identification:Package 'src/examples/rclpy/services/minimal_client' with type 'ros.ament_python' and name 'examples_rclpy_minimal_client'
[0.838s] Level 1:colcon.colcon_core.package_identification:_identify(src/examples/rclpy/services/minimal_service) by extensions ['ignore', 'ignore_ament_install']
[0.838s] Level 1:colcon.colcon_core.package_identification:_identify(src/examples/rclpy/services/minimal_service) by extension 'ignore'
[0.838s] Level 1:colcon.colcon_core.package_identification:_identify(src/examples/rclpy/services/minimal_service) by extension 'ignore_ament_install'
[0.838s] Level 1:colcon.colcon_core.package_identification:_identify(src/examples/rclpy/services/minimal_service) by extensions ['colcon_pkg']
[0.838s] Level 1:colcon.colcon_core.package_identification:_identify(src/examples/rclpy/services/minimal_service) by extension 'colcon_pkg'
[0.838s] Level 1:colcon.colcon_core.package_identification:_identify(src/examples/rclpy/services/minimal_service) by extensions ['colcon_meta']
[0.838s] Level 1:colcon.colcon_core.package_identification:_identify(src/examples/rclpy/services/minimal_service) by extension 'colcon_meta'
[0.838s] Level 1:colcon.colcon_core.package_identification:_identify(src/examples/rclpy/services/minimal_service) by extensions ['ros']
[0.838s] Level 1:colcon.colcon_core.package_identification:_identify(src/examples/rclpy/services/minimal_service) by extension 'ros'
[0.839s] DEBUG:colcon.colcon_core.package_identification:Package 'src/examples/rclpy/services/minimal_service' with type 'ros.ament_python' and name 'examples_rclpy_minimal_service'
[0.840s] Level 1:colcon.colcon_core.package_identification:_identify(src/examples/rclpy/topics) by extensions ['ignore', 'ignore_ament_install']
[0.840s] Level 1:colcon.colcon_core.package_identification:_identify(src/examples/rclpy/topics) by extension 'ignore'
[0.840s] Level 1:colcon.colcon_core.package_identification:_identify(src/examples/rclpy/topics) by extension 'ignore_ament_install'
[0.840s] Level 1:colcon.colcon_core.package_identification:_identify(src/examples/rclpy/topics) by extensions ['colcon_pkg']
[0.840s] Level 1:colcon.colcon_core.package_identification:_identify(src/examples/rclpy/topics) by extension 'colcon_pkg'
[0.840s] Level 1:colcon.colcon_core.package_identification:_identify(src/examples/rclpy/topics) by extensions ['colcon_meta']
[0.840s] Level 1:colcon.colcon_core.package_identification:_identify(src/examples/rclpy/topics) by extension 'colcon_meta'
[0.840s] Level 1:colcon.colcon_core.package_identification:_identify(src/examples/rclpy/topics) by extensions ['ros']
[0.840s] Level 1:colcon.colcon_core.package_identification:_identify(src/examples/rclpy/topics) by extension 'ros'
[0.840s] Level 1:colcon.colcon_core.package_identification:_identify(src/examples/rclpy/topics) by extensions ['cmake', 'python']
[0.841s] Level 1:colcon.colcon_core.package_identification:_identify(src/examples/rclpy/topics) by extension 'cmake'
[0.841s] Level 1:colcon.colcon_core.package_identification:_identify(src/examples/rclpy/topics) by extension 'python'
[0.841s] Level 1:colcon.colcon_core.package_identification:_identify(src/examples/rclpy/topics) by extensions ['python_setup_py']
[0.841s] Level 1:colcon.colcon_core.package_identification:_identify(src/examples/rclpy/topics) by extension 'python_setup_py'
[0.841s] Level 1:colcon.colcon_core.package_identification:_identify(src/examples/rclpy/topics/minimal_publisher) by extensions ['ignore', 'ignore_ament_install']
[0.841s] Level 1:colcon.colcon_core.package_identification:_identify(src/examples/rclpy/topics/minimal_publisher) by extension 'ignore'
[0.841s] Level 1:colcon.colcon_core.package_identification:_identify(src/examples/rclpy/topics/minimal_publisher) by extension 'ignore_ament_install'
[0.841s] Level 1:colcon.colcon_core.package_identification:_identify(src/examples/rclpy/topics/minimal_publisher) by extensions ['colcon_pkg']
[0.841s] Level 1:colcon.colcon_core.package_identification:_identify(src/examples/rclpy/topics/minimal_publisher) by extension 'colcon_pkg'
[0.842s] Level 1:colcon.colcon_core.package_identification:_identify(src/examples/rclpy/topics/minimal_publisher) by extensions ['colcon_meta']
[0.842s] Level 1:colcon.colcon_core.package_identification:_identify(src/examples/rclpy/topics/minimal_publisher) by extension 'colcon_meta'
[0.842s] Level 1:colcon.colcon_core.package_identification:_identify(src/examples/rclpy/topics/minimal_publisher) by extensions ['ros']
[0.842s] Level 1:colcon.colcon_core.package_identification:_identify(src/examples/rclpy/topics/minimal_publisher) by extension 'ros'
[0.843s] DEBUG:colcon.colcon_core.package_identification:Package 'src/examples/rclpy/topics/minimal_publisher' with type 'ros.ament_python' and name 'examples_rclpy_minimal_publisher'
[0.843s] Level 1:colcon.colcon_core.package_identification:_identify(src/examples/rclpy/topics/minimal_subscriber) by extensions ['ignore', 'ignore_ament_install']
[0.843s] Level 1:colcon.colcon_core.package_identification:_identify(src/examples/rclpy/topics/minimal_subscriber) by extension 'ignore'
[0.843s] Level 1:colcon.colcon_core.package_identification:_identify(src/examples/rclpy/topics/minimal_subscriber) by extension 'ignore_ament_install'
[0.844s] Level 1:colcon.colcon_core.package_identification:_identify(src/examples/rclpy/topics/minimal_subscriber) by extensions ['colcon_pkg']
[0.844s] Level 1:colcon.colcon_core.package_identification:_identify(src/examples/rclpy/topics/minimal_subscriber) by extension 'colcon_pkg'
[0.844s] Level 1:colcon.colcon_core.package_identification:_identify(src/examples/rclpy/topics/minimal_subscriber) by extensions ['colcon_meta']
[0.844s] Level 1:colcon.colcon_core.package_identification:_identify(src/examples/rclpy/topics/minimal_subscriber) by extension 'colcon_meta'
[0.844s] Level 1:colcon.colcon_core.package_identification:_identify(src/examples/rclpy/topics/minimal_subscriber) by extensions ['ros']
[0.844s] Level 1:colcon.colcon_core.package_identification:_identify(src/examples/rclpy/topics/minimal_subscriber) by extension 'ros'
[0.845s] DEBUG:colcon.colcon_core.package_identification:Package 'src/examples/rclpy/topics/minimal_subscriber' with type 'ros.ament_python' and name 'examples_rclpy_minimal_subscriber'
[0.845s] Level 1:colcon.colcon_core.package_identification:_identify(src/examples/rclpy/topics/pointcloud_publisher) by extensions ['ignore', 'ignore_ament_install']
[0.846s] Level 1:colcon.colcon_core.package_identification:_identify(src/examples/rclpy/topics/pointcloud_publisher) by extension 'ignore'
[0.846s] Level 1:colcon.colcon_core.package_identification:_identify(src/examples/rclpy/topics/pointcloud_publisher) by extension 'ignore_ament_install'
[0.846s] Level 1:colcon.colcon_core.package_identification:_identify(src/examples/rclpy/topics/pointcloud_publisher) by extensions ['colcon_pkg']
[0.846s] Level 1:colcon.colcon_core.package_identification:_identify(src/examples/rclpy/topics/pointcloud_publisher) by extension 'colcon_pkg'
[0.846s] Level 1:colcon.colcon_core.package_identification:_identify(src/examples/rclpy/topics/pointcloud_publisher) by extensions ['colcon_meta']
[0.846s] Level 1:colcon.colcon_core.package_identification:_identify(src/examples/rclpy/topics/pointcloud_publisher) by extension 'colcon_meta'
[0.846s] Level 1:colcon.colcon_core.package_identification:_identify(src/examples/rclpy/topics/pointcloud_publisher) by extensions ['ros']
[0.846s] Level 1:colcon.colcon_core.package_identification:_identify(src/examples/rclpy/topics/pointcloud_publisher) by extension 'ros'
[0.847s] DEBUG:colcon.colcon_core.package_identification:Package 'src/examples/rclpy/topics/pointcloud_publisher' with type 'ros.ament_python' and name 'examples_rclpy_pointcloud_publisher'
[0.848s] Level 1:colcon.colcon_core.package_identification:_identify(src/install) by extensions ['ignore', 'ignore_ament_install']
[0.848s] Level 1:colcon.colcon_core.package_identification:_identify(src/install) by extension 'ignore'
[0.848s] Level 1:colcon.colcon_core.package_identification:_identify(src/install) ignored
[0.848s] Level 1:colcon.colcon_core.package_identification:_identify(src/intro_interfaces) by extensions ['ignore', 'ignore_ament_install']
[0.848s] Level 1:colcon.colcon_core.package_identification:_identify(src/intro_interfaces) by extension 'ignore'
[0.848s] Level 1:colcon.colcon_core.package_identification:_identify(src/intro_interfaces) by extension 'ignore_ament_install'
[0.848s] Level 1:colcon.colcon_core.package_identification:_identify(src/intro_interfaces) by extensions ['colcon_pkg']
[0.848s] Level 1:colcon.colcon_core.package_identification:_identify(src/intro_interfaces) by extension 'colcon_pkg'
[0.848s] Level 1:colcon.colcon_core.package_identification:_identify(src/intro_interfaces) by extensions ['colcon_meta']
[0.849s] Level 1:colcon.colcon_core.package_identification:_identify(src/intro_interfaces) by extension 'colcon_meta'
[0.849s] Level 1:colcon.colcon_core.package_identification:_identify(src/intro_interfaces) by extensions ['ros']
[0.849s] Level 1:colcon.colcon_core.package_identification:_identify(src/intro_interfaces) by extension 'ros'
[0.850s] DEBUG:colcon.colcon_core.package_identification:Package 'src/intro_interfaces' with type 'ros.ament_cmake' and name 'intro_interfaces'
[0.850s] Level 1:colcon.colcon_core.package_identification:_identify(src/log) by extensions ['ignore', 'ignore_ament_install']
[0.851s] Level 1:colcon.colcon_core.package_identification:_identify(src/log) by extension 'ignore'
[0.851s] Level 1:colcon.colcon_core.package_identification:_identify(src/log) ignored
[0.851s] Level 1:colcon.colcon_core.package_identification:_identify(src/turtle_test) by extensions ['ignore', 'ignore_ament_install']
[0.851s] Level 1:colcon.colcon_core.package_identification:_identify(src/turtle_test) by extension 'ignore'
[0.851s] Level 1:colcon.colcon_core.package_identification:_identify(src/turtle_test) by extension 'ignore_ament_install'
[0.851s] Level 1:colcon.colcon_core.package_identification:_identify(src/turtle_test) by extensions ['colcon_pkg']
[0.851s] Level 1:colcon.colcon_core.package_identification:_identify(src/turtle_test) by extension 'colcon_pkg'
[0.851s] Level 1:colcon.colcon_core.package_identification:_identify(src/turtle_test) by extensions ['colcon_meta']
[0.851s] Level 1:colcon.colcon_core.package_identification:_identify(src/turtle_test) by extension 'colcon_meta'
[0.852s] Level 1:colcon.colcon_core.package_identification:_identify(src/turtle_test) by extensions ['ros']
[0.852s] Level 1:colcon.colcon_core.package_identification:_identify(src/turtle_test) by extension 'ros'
[0.853s] DEBUG:colcon.colcon_core.package_identification:Found ROS schema reference in package manifest in 'src/turtle_test'
[0.853s] WARNING:colcon.colcon_core.package_identification:Failed to parse ROS package manifest in 'src/turtle_test': Error(s) in package 'src/turtle_test/package.xml':
Error(s):
- The generic dependency on 'std_srvs' is redundant with: exec_depend
- The generic dependency on 'turtle_interfaces' is redundant with: exec_depend
[0.854s] Level 1:colcon.colcon_core.package_identification:_identify(src/turtle_test) by extensions ['cmake', 'python']
[0.854s] Level 1:colcon.colcon_core.package_identification:_identify(src/turtle_test) by extension 'cmake'
[0.854s] Level 1:colcon.colcon_core.package_identification:_identify(src/turtle_test) by extension 'python'
[0.854s] DEBUG:colcon.colcon_core.package_identification:Python package in 'src/turtle_test' passes arguments to the setup() function which requires a different identification extension than 'python'
[0.854s] Level 1:colcon.colcon_core.package_identification:_identify(src/turtle_test) by extensions ['python_setup_py']
[0.854s] Level 1:colcon.colcon_core.package_identification:_identify(src/turtle_test) by extension 'python_setup_py'
[1.576s] DEBUG:colcon.colcon_core.package_identification:Package 'src/turtle_test' with type 'python' and name 'turtle_test'
[1.577s] Level 1:colcon.colcon_core.package_discovery:discover_packages(recursive) using defaults
[1.577s] Level 1:colcon.colcon_core.package_discovery:discover_packages(ignore) discover
[1.577s] Level 1:colcon.colcon_core.package_discovery:discover_packages(ignore) using defaults
[1.577s] Level 1:colcon.colcon_core.package_discovery:discover_packages(path) discover
[1.577s] Level 1:colcon.colcon_core.package_discovery:discover_packages(path) using defaults
[1.641s] Level 1:colcon.colcon_core.package_discovery:discover_packages(prefix_path) check parameters
[1.641s] Level 1:colcon.colcon_core.package_discovery:discover_packages(prefix_path) discover
[1.654s] DEBUG:colcon.colcon_installed_package_information.package_discovery:Found 2 installed packages in /home/yahboom/intro_ws/install
[1.656s] DEBUG:colcon.colcon_installed_package_information.package_discovery:Found 19 installed packages in /home/yahboom/yahboomcar_ws/install
[1.657s] DEBUG:colcon.colcon_installed_package_information.package_discovery:Found 2 installed packages in /home/yahboom/gmapping_ws/install
[1.662s] DEBUG:colcon.colcon_installed_package_information.package_discovery:Found 76 installed packages in /home/yahboom/cartoros2/install
[1.668s] DEBUG:colcon.colcon_installed_package_information.package_discovery:Found 354 installed packages in /opt/ros/humble
[1.675s] Level 1:colcon.colcon_core.package_discovery:discover_packages(prefix_path) using defaults
[1.778s] WARNING:colcon.colcon_core.package_selection:Some selected packages are already built in one or more underlay workspaces:
	'examples_rclcpp_minimal_timer' is in: /opt/ros/humble
	'examples_rclcpp_minimal_service' is in: /opt/ros/humble
	'examples_rclcpp_minimal_client' is in: /opt/ros/humble
	'examples_rclpy_minimal_action_client' is in: /opt/ros/humble
	'examples_rclpy_minimal_service' is in: /opt/ros/humble
	'examples_rclpy_minimal_client' is in: /opt/ros/humble
	'examples_rclpy_minimal_publisher' is in: /opt/ros/humble
	'examples_rclpy_minimal_subscriber' is in: /opt/ros/humble
	'examples_rclcpp_minimal_publisher' is in: /opt/ros/humble
	'examples_rclpy_executors' is in: /opt/ros/humble
	'examples_rclcpp_minimal_composition' is in: /opt/ros/humble
	'examples_rclpy_minimal_action_server' is in: /opt/ros/humble
	'examples_rclcpp_minimal_action_server' is in: /opt/ros/humble
	'examples_rclcpp_minimal_subscriber' is in: /opt/ros/humble
	'examples_rclcpp_minimal_action_client' is in: /opt/ros/humble
	'examples_rclcpp_multithreaded_executor' is in: /opt/ros/humble
If a package in a merged underlay workspace is overridden and it installs headers, then all packages in the overlay must sort their include directories by workspace order. Failure to do so may result in build failures or undefined behavior at run time.
If the overridden package is used by another package in any underlay, then the overriding package in the overlay must be API and ABI compatible or undefined behavior at run time may occur.

If you understand the risks and want to override a package anyways, add the following to the command line:
	--allow-overriding examples_rclcpp_minimal_action_client examples_rclcpp_minimal_action_server examples_rclcpp_minimal_client examples_rclcpp_minimal_composition examples_rclcpp_minimal_publisher examples_rclcpp_minimal_service examples_rclcpp_minimal_subscriber examples_rclcpp_minimal_timer examples_rclcpp_multithreaded_executor examples_rclpy_executors examples_rclpy_minimal_action_client examples_rclpy_minimal_action_server examples_rclpy_minimal_client examples_rclpy_minimal_publisher examples_rclpy_minimal_service examples_rclpy_minimal_subscriber

This may be promoted to an error in a future release of colcon-override-check.
[1.780s] Level 5:colcon.colcon_core.verb:set package 'examples_rclcpp_async_client' build argument 'cmake_args' from command line to 'None'
[1.780s] Level 5:colcon.colcon_core.verb:set package 'examples_rclcpp_async_client' build argument 'cmake_target' from command line to 'None'
[1.780s] Level 5:colcon.colcon_core.verb:set package 'examples_rclcpp_async_client' build argument 'cmake_target_skip_unavailable' from command line to 'False'
[1.780s] Level 5:colcon.colcon_core.verb:set package 'examples_rclcpp_async_client' build argument 'cmake_clean_cache' from command line to 'False'
[1.780s] Level 5:colcon.colcon_core.verb:set package 'examples_rclcpp_async_client' build argument 'cmake_clean_first' from command line to 'False'
[1.780s] Level 5:colcon.colcon_core.verb:set package 'examples_rclcpp_async_client' build argument 'cmake_force_configure' from command line to 'False'
[1.780s] Level 5:colcon.colcon_core.verb:set package 'examples_rclcpp_async_client' build argument 'ament_cmake_args' from command line to 'None'
[1.780s] Level 5:colcon.colcon_core.verb:set package 'examples_rclcpp_async_client' build argument 'catkin_cmake_args' from command line to 'None'
[1.780s] Level 5:colcon.colcon_core.verb:set package 'examples_rclcpp_async_client' build argument 'catkin_skip_building_tests' from command line to 'False'
[1.780s] DEBUG:colcon.colcon_core.verb:Building package 'examples_rclcpp_async_client' with the following arguments: {'ament_cmake_args': None, 'build_base': '/home/yahboom/intro_ws/build/examples_rclcpp_async_client', 'catkin_cmake_args': None, 'catkin_skip_building_tests': False, 'cmake_args': None, 'cmake_clean_cache': False, 'cmake_clean_first': False, 'cmake_force_configure': False, 'cmake_target': None, 'cmake_target_skip_unavailable': False, 'install_base': '/home/yahboom/intro_ws/install/examples_rclcpp_async_client', 'merge_install': False, 'path': '/home/yahboom/intro_ws/src/examples/rclcpp/services/async_client', 'symlink_install': False, 'test_result_base': None}
[1.781s] Level 5:colcon.colcon_core.verb:set package 'examples_rclcpp_cbg_executor' build argument 'cmake_args' from command line to 'None'
[1.781s] Level 5:colcon.colcon_core.verb:set package 'examples_rclcpp_cbg_executor' build argument 'cmake_target' from command line to 'None'
[1.781s] Level 5:colcon.colcon_core.verb:set package 'examples_rclcpp_cbg_executor' build argument 'cmake_target_skip_unavailable' from command line to 'False'
[1.781s] Level 5:colcon.colcon_core.verb:set package 'examples_rclcpp_cbg_executor' build argument 'cmake_clean_cache' from command line to 'False'
[1.781s] Level 5:colcon.colcon_core.verb:set package 'examples_rclcpp_cbg_executor' build argument 'cmake_clean_first' from command line to 'False'
[1.781s] Level 5:colcon.colcon_core.verb:set package 'examples_rclcpp_cbg_executor' build argument 'cmake_force_configure' from command line to 'False'
[1.781s] Level 5:colcon.colcon_core.verb:set package 'examples_rclcpp_cbg_executor' build argument 'ament_cmake_args' from command line to 'None'
[1.781s] Level 5:colcon.colcon_core.verb:set package 'examples_rclcpp_cbg_executor' build argument 'catkin_cmake_args' from command line to 'None'
[1.781s] Level 5:colcon.colcon_core.verb:set package 'examples_rclcpp_cbg_executor' build argument 'catkin_skip_building_tests' from command line to 'False'
[1.782s] DEBUG:colcon.colcon_core.verb:Building package 'examples_rclcpp_cbg_executor' with the following arguments: {'ament_cmake_args': None, 'build_base': '/home/yahboom/intro_ws/build/examples_rclcpp_cbg_executor', 'catkin_cmake_args': None, 'catkin_skip_building_tests': False, 'cmake_args': None, 'cmake_clean_cache': False, 'cmake_clean_first': False, 'cmake_force_configure': False, 'cmake_target': None, 'cmake_target_skip_unavailable': False, 'install_base': '/home/yahboom/intro_ws/install/examples_rclcpp_cbg_executor', 'merge_install': False, 'path': '/home/yahboom/intro_ws/src/examples/rclcpp/executors/cbg_executor', 'symlink_install': False, 'test_result_base': None}
[1.782s] Level 5:colcon.colcon_core.verb:set package 'examples_rclcpp_minimal_action_client' build argument 'cmake_args' from command line to 'None'
[1.782s] Level 5:colcon.colcon_core.verb:set package 'examples_rclcpp_minimal_action_client' build argument 'cmake_target' from command line to 'None'
[1.782s] Level 5:colcon.colcon_core.verb:set package 'examples_rclcpp_minimal_action_client' build argument 'cmake_target_skip_unavailable' from command line to 'False'
[1.782s] Level 5:colcon.colcon_core.verb:set package 'examples_rclcpp_minimal_action_client' build argument 'cmake_clean_cache' from command line to 'False'
[1.782s] Level 5:colcon.colcon_core.verb:set package 'examples_rclcpp_minimal_action_client' build argument 'cmake_clean_first' from command line to 'False'
[1.782s] Level 5:colcon.colcon_core.verb:set package 'examples_rclcpp_minimal_action_client' build argument 'cmake_force_configure' from command line to 'False'
[1.783s] Level 5:colcon.colcon_core.verb:set package 'examples_rclcpp_minimal_action_client' build argument 'ament_cmake_args' from command line to 'None'
[1.783s] Level 5:colcon.colcon_core.verb:set package 'examples_rclcpp_minimal_action_client' build argument 'catkin_cmake_args' from command line to 'None'
[1.783s] Level 5:colcon.colcon_core.verb:set package 'examples_rclcpp_minimal_action_client' build argument 'catkin_skip_building_tests' from command line to 'False'
[1.783s] DEBUG:colcon.colcon_core.verb:Building package 'examples_rclcpp_minimal_action_client' with the following arguments: {'ament_cmake_args': None, 'build_base': '/home/yahboom/intro_ws/build/examples_rclcpp_minimal_action_client', 'catkin_cmake_args': None, 'catkin_skip_building_tests': False, 'cmake_args': None, 'cmake_clean_cache': False, 'cmake_clean_first': False, 'cmake_force_configure': False, 'cmake_target': None, 'cmake_target_skip_unavailable': False, 'install_base': '/home/yahboom/intro_ws/install/examples_rclcpp_minimal_action_client', 'merge_install': False, 'path': '/home/yahboom/intro_ws/src/examples/rclcpp/actions/minimal_action_client', 'symlink_install': False, 'test_result_base': None}
[1.783s] Level 5:colcon.colcon_core.verb:set package 'examples_rclcpp_minimal_action_server' build argument 'cmake_args' from command line to 'None'
[1.783s] Level 5:colcon.colcon_core.verb:set package 'examples_rclcpp_minimal_action_server' build argument 'cmake_target' from command line to 'None'
[1.783s] Level 5:colcon.colcon_core.verb:set package 'examples_rclcpp_minimal_action_server' build argument 'cmake_target_skip_unavailable' from command line to 'False'
[1.783s] Level 5:colcon.colcon_core.verb:set package 'examples_rclcpp_minimal_action_server' build argument 'cmake_clean_cache' from command line to 'False'
[1.783s] Level 5:colcon.colcon_core.verb:set package 'examples_rclcpp_minimal_action_server' build argument 'cmake_clean_first' from command line to 'False'
[1.783s] Level 5:colcon.colcon_core.verb:set package 'examples_rclcpp_minimal_action_server' build argument 'cmake_force_configure' from command line to 'False'
[1.784s] Level 5:colcon.colcon_core.verb:set package 'examples_rclcpp_minimal_action_server' build argument 'ament_cmake_args' from command line to 'None'
[1.784s] Level 5:colcon.colcon_core.verb:set package 'examples_rclcpp_minimal_action_server' build argument 'catkin_cmake_args' from command line to 'None'
[1.784s] Level 5:colcon.colcon_core.verb:set package 'examples_rclcpp_minimal_action_server' build argument 'catkin_skip_building_tests' from command line to 'False'
[1.784s] DEBUG:colcon.colcon_core.verb:Building package 'examples_rclcpp_minimal_action_server' with the following arguments: {'ament_cmake_args': None, 'build_base': '/home/yahboom/intro_ws/build/examples_rclcpp_minimal_action_server', 'catkin_cmake_args': None, 'catkin_skip_building_tests': False, 'cmake_args': None, 'cmake_clean_cache': False, 'cmake_clean_first': False, 'cmake_force_configure': False, 'cmake_target': None, 'cmake_target_skip_unavailable': False, 'install_base': '/home/yahboom/intro_ws/install/examples_rclcpp_minimal_action_server', 'merge_install': False, 'path': '/home/yahboom/intro_ws/src/examples/rclcpp/actions/minimal_action_server', 'symlink_install': False, 'test_result_base': None}
[1.784s] Level 5:colcon.colcon_core.verb:set package 'examples_rclcpp_minimal_client' build argument 'cmake_args' from command line to 'None'
[1.784s] Level 5:colcon.colcon_core.verb:set package 'examples_rclcpp_minimal_client' build argument 'cmake_target' from command line to 'None'
[1.784s] Level 5:colcon.colcon_core.verb:set package 'examples_rclcpp_minimal_client' build argument 'cmake_target_skip_unavailable' from command line to 'False'
[1.784s] Level 5:colcon.colcon_core.verb:set package 'examples_rclcpp_minimal_client' build argument 'cmake_clean_cache' from command line to 'False'
[1.785s] Level 5:colcon.colcon_core.verb:set package 'examples_rclcpp_minimal_client' build argument 'cmake_clean_first' from command line to 'False'
[1.785s] Level 5:colcon.colcon_core.verb:set package 'examples_rclcpp_minimal_client' build argument 'cmake_force_configure' from command line to 'False'
[1.785s] Level 5:colcon.colcon_core.verb:set package 'examples_rclcpp_minimal_client' build argument 'ament_cmake_args' from command line to 'None'
[1.785s] Level 5:colcon.colcon_core.verb:set package 'examples_rclcpp_minimal_client' build argument 'catkin_cmake_args' from command line to 'None'
[1.785s] Level 5:colcon.colcon_core.verb:set package 'examples_rclcpp_minimal_client' build argument 'catkin_skip_building_tests' from command line to 'False'
[1.785s] DEBUG:colcon.colcon_core.verb:Building package 'examples_rclcpp_minimal_client' with the following arguments: {'ament_cmake_args': None, 'build_base': '/home/yahboom/intro_ws/build/examples_rclcpp_minimal_client', 'catkin_cmake_args': None, 'catkin_skip_building_tests': False, 'cmake_args': None, 'cmake_clean_cache': False, 'cmake_clean_first': False, 'cmake_force_configure': False, 'cmake_target': None, 'cmake_target_skip_unavailable': False, 'install_base': '/home/yahboom/intro_ws/install/examples_rclcpp_minimal_client', 'merge_install': False, 'path': '/home/yahboom/intro_ws/src/examples/rclcpp/services/minimal_client', 'symlink_install': False, 'test_result_base': None}
[1.785s] Level 5:colcon.colcon_core.verb:set package 'examples_rclcpp_minimal_composition' build argument 'cmake_args' from command line to 'None'
[1.785s] Level 5:colcon.colcon_core.verb:set package 'examples_rclcpp_minimal_composition' build argument 'cmake_target' from command line to 'None'
[1.785s] Level 5:colcon.colcon_core.verb:set package 'examples_rclcpp_minimal_composition' build argument 'cmake_target_skip_unavailable' from command line to 'False'
[1.786s] Level 5:colcon.colcon_core.verb:set package 'examples_rclcpp_minimal_composition' build argument 'cmake_clean_cache' from command line to 'False'
[1.786s] Level 5:colcon.colcon_core.verb:set package 'examples_rclcpp_minimal_composition' build argument 'cmake_clean_first' from command line to 'False'
[1.786s] Level 5:colcon.colcon_core.verb:set package 'examples_rclcpp_minimal_composition' build argument 'cmake_force_configure' from command line to 'False'
[1.786s] Level 5:colcon.colcon_core.verb:set package 'examples_rclcpp_minimal_composition' build argument 'ament_cmake_args' from command line to 'None'
[1.786s] Level 5:colcon.colcon_core.verb:set package 'examples_rclcpp_minimal_composition' build argument 'catkin_cmake_args' from command line to 'None'
[1.786s] Level 5:colcon.colcon_core.verb:set package 'examples_rclcpp_minimal_composition' build argument 'catkin_skip_building_tests' from command line to 'False'
[1.786s] DEBUG:colcon.colcon_core.verb:Building package 'examples_rclcpp_minimal_composition' with the following arguments: {'ament_cmake_args': None, 'build_base': '/home/yahboom/intro_ws/build/examples_rclcpp_minimal_composition', 'catkin_cmake_args': None, 'catkin_skip_building_tests': False, 'cmake_args': None, 'cmake_clean_cache': False, 'cmake_clean_first': False, 'cmake_force_configure': False, 'cmake_target': None, 'cmake_target_skip_unavailable': False, 'install_base': '/home/yahboom/intro_ws/install/examples_rclcpp_minimal_composition', 'merge_install': False, 'path': '/home/yahboom/intro_ws/src/examples/rclcpp/composition/minimal_composition', 'symlink_install': False, 'test_result_base': None}
[1.786s] Level 5:colcon.colcon_core.verb:set package 'examples_rclcpp_minimal_publisher' build argument 'cmake_args' from command line to 'None'
[1.786s] Level 5:colcon.colcon_core.verb:set package 'examples_rclcpp_minimal_publisher' build argument 'cmake_target' from command line to 'None'
[1.787s] Level 5:colcon.colcon_core.verb:set package 'examples_rclcpp_minimal_publisher' build argument 'cmake_target_skip_unavailable' from command line to 'False'
[1.787s] Level 5:colcon.colcon_core.verb:set package 'examples_rclcpp_minimal_publisher' build argument 'cmake_clean_cache' from command line to 'False'
[1.787s] Level 5:colcon.colcon_core.verb:set package 'examples_rclcpp_minimal_publisher' build argument 'cmake_clean_first' from command line to 'False'
[1.787s] Level 5:colcon.colcon_core.verb:set package 'examples_rclcpp_minimal_publisher' build argument 'cmake_force_configure' from command line to 'False'
[1.787s] Level 5:colcon.colcon_core.verb:set package 'examples_rclcpp_minimal_publisher' build argument 'ament_cmake_args' from command line to 'None'
[1.787s] Level 5:colcon.colcon_core.verb:set package 'examples_rclcpp_minimal_publisher' build argument 'catkin_cmake_args' from command line to 'None'
[1.787s] Level 5:colcon.colcon_core.verb:set package 'examples_rclcpp_minimal_publisher' build argument 'catkin_skip_building_tests' from command line to 'False'
[1.787s] DEBUG:colcon.colcon_core.verb:Building package 'examples_rclcpp_minimal_publisher' with the following arguments: {'ament_cmake_args': None, 'build_base': '/home/yahboom/intro_ws/build/examples_rclcpp_minimal_publisher', 'catkin_cmake_args': None, 'catkin_skip_building_tests': False, 'cmake_args': None, 'cmake_clean_cache': False, 'cmake_clean_first': False, 'cmake_force_configure': False, 'cmake_target': None, 'cmake_target_skip_unavailable': False, 'install_base': '/home/yahboom/intro_ws/install/examples_rclcpp_minimal_publisher', 'merge_install': False, 'path': '/home/yahboom/intro_ws/src/examples/rclcpp/topics/minimal_publisher', 'symlink_install': False, 'test_result_base': None}
[1.787s] Level 5:colcon.colcon_core.verb:set package 'examples_rclcpp_minimal_service' build argument 'cmake_args' from command line to 'None'
[1.787s] Level 5:colcon.colcon_core.verb:set package 'examples_rclcpp_minimal_service' build argument 'cmake_target' from command line to 'None'
[1.788s] Level 5:colcon.colcon_core.verb:set package 'examples_rclcpp_minimal_service' build argument 'cmake_target_skip_unavailable' from command line to 'False'
[1.788s] Level 5:colcon.colcon_core.verb:set package 'examples_rclcpp_minimal_service' build argument 'cmake_clean_cache' from command line to 'False'
[1.788s] Level 5:colcon.colcon_core.verb:set package 'examples_rclcpp_minimal_service' build argument 'cmake_clean_first' from command line to 'False'
[1.788s] Level 5:colcon.colcon_core.verb:set package 'examples_rclcpp_minimal_service' build argument 'cmake_force_configure' from command line to 'False'
[1.788s] Level 5:colcon.colcon_core.verb:set package 'examples_rclcpp_minimal_service' build argument 'ament_cmake_args' from command line to 'None'
[1.788s] Level 5:colcon.colcon_core.verb:set package 'examples_rclcpp_minimal_service' build argument 'catkin_cmake_args' from command line to 'None'
[1.788s] Level 5:colcon.colcon_core.verb:set package 'examples_rclcpp_minimal_service' build argument 'catkin_skip_building_tests' from command line to 'False'
[1.788s] DEBUG:colcon.colcon_core.verb:Building package 'examples_rclcpp_minimal_service' with the following arguments: {'ament_cmake_args': None, 'build_base': '/home/yahboom/intro_ws/build/examples_rclcpp_minimal_service', 'catkin_cmake_args': None, 'catkin_skip_building_tests': False, 'cmake_args': None, 'cmake_clean_cache': False, 'cmake_clean_first': False, 'cmake_force_configure': False, 'cmake_target': None, 'cmake_target_skip_unavailable': False, 'install_base': '/home/yahboom/intro_ws/install/examples_rclcpp_minimal_service', 'merge_install': False, 'path': '/home/yahboom/intro_ws/src/examples/rclcpp/services/minimal_service', 'symlink_install': False, 'test_result_base': None}
[1.788s] Level 5:colcon.colcon_core.verb:set package 'examples_rclcpp_minimal_subscriber' build argument 'cmake_args' from command line to 'None'
[1.789s] Level 5:colcon.colcon_core.verb:set package 'examples_rclcpp_minimal_subscriber' build argument 'cmake_target' from command line to 'None'
[1.789s] Level 5:colcon.colcon_core.verb:set package 'examples_rclcpp_minimal_subscriber' build argument 'cmake_target_skip_unavailable' from command line to 'False'
[1.789s] Level 5:colcon.colcon_core.verb:set package 'examples_rclcpp_minimal_subscriber' build argument 'cmake_clean_cache' from command line to 'False'
[1.789s] Level 5:colcon.colcon_core.verb:set package 'examples_rclcpp_minimal_subscriber' build argument 'cmake_clean_first' from command line to 'False'
[1.789s] Level 5:colcon.colcon_core.verb:set package 'examples_rclcpp_minimal_subscriber' build argument 'cmake_force_configure' from command line to 'False'
[1.789s] Level 5:colcon.colcon_core.verb:set package 'examples_rclcpp_minimal_subscriber' build argument 'ament_cmake_args' from command line to 'None'
[1.789s] Level 5:colcon.colcon_core.verb:set package 'examples_rclcpp_minimal_subscriber' build argument 'catkin_cmake_args' from command line to 'None'
[1.789s] Level 5:colcon.colcon_core.verb:set package 'examples_rclcpp_minimal_subscriber' build argument 'catkin_skip_building_tests' from command line to 'False'
[1.789s] DEBUG:colcon.colcon_core.verb:Building package 'examples_rclcpp_minimal_subscriber' with the following arguments: {'ament_cmake_args': None, 'build_base': '/home/yahboom/intro_ws/build/examples_rclcpp_minimal_subscriber', 'catkin_cmake_args': None, 'catkin_skip_building_tests': False, 'cmake_args': None, 'cmake_clean_cache': False, 'cmake_clean_first': False, 'cmake_force_configure': False, 'cmake_target': None, 'cmake_target_skip_unavailable': False, 'install_base': '/home/yahboom/intro_ws/install/examples_rclcpp_minimal_subscriber', 'merge_install': False, 'path': '/home/yahboom/intro_ws/src/examples/rclcpp/topics/minimal_subscriber', 'symlink_install': False, 'test_result_base': None}
[1.790s] Level 5:colcon.colcon_core.verb:set package 'examples_rclcpp_minimal_timer' build argument 'cmake_args' from command line to 'None'
[1.790s] Level 5:colcon.colcon_core.verb:set package 'examples_rclcpp_minimal_timer' build argument 'cmake_target' from command line to 'None'
[1.790s] Level 5:colcon.colcon_core.verb:set package 'examples_rclcpp_minimal_timer' build argument 'cmake_target_skip_unavailable' from command line to 'False'
[1.790s] Level 5:colcon.colcon_core.verb:set package 'examples_rclcpp_minimal_timer' build argument 'cmake_clean_cache' from command line to 'False'
[1.790s] Level 5:colcon.colcon_core.verb:set package 'examples_rclcpp_minimal_timer' build argument 'cmake_clean_first' from command line to 'False'
[1.790s] Level 5:colcon.colcon_core.verb:set package 'examples_rclcpp_minimal_timer' build argument 'cmake_force_configure' from command line to 'False'
[1.790s] Level 5:colcon.colcon_core.verb:set package 'examples_rclcpp_minimal_timer' build argument 'ament_cmake_args' from command line to 'None'
[1.790s] Level 5:colcon.colcon_core.verb:set package 'examples_rclcpp_minimal_timer' build argument 'catkin_cmake_args' from command line to 'None'
[1.790s] Level 5:colcon.colcon_core.verb:set package 'examples_rclcpp_minimal_timer' build argument 'catkin_skip_building_tests' from command line to 'False'
[1.790s] DEBUG:colcon.colcon_core.verb:Building package 'examples_rclcpp_minimal_timer' with the following arguments: {'ament_cmake_args': None, 'build_base': '/home/yahboom/intro_ws/build/examples_rclcpp_minimal_timer', 'catkin_cmake_args': None, 'catkin_skip_building_tests': False, 'cmake_args': None, 'cmake_clean_cache': False, 'cmake_clean_first': False, 'cmake_force_configure': False, 'cmake_target': None, 'cmake_target_skip_unavailable': False, 'install_base': '/home/yahboom/intro_ws/install/examples_rclcpp_minimal_timer', 'merge_install': False, 'path': '/home/yahboom/intro_ws/src/examples/rclcpp/timers/minimal_timer', 'symlink_install': False, 'test_result_base': None}
[1.791s] Level 5:colcon.colcon_core.verb:set package 'examples_rclcpp_multithreaded_executor' build argument 'cmake_args' from command line to 'None'
[1.791s] Level 5:colcon.colcon_core.verb:set package 'examples_rclcpp_multithreaded_executor' build argument 'cmake_target' from command line to 'None'
[1.791s] Level 5:colcon.colcon_core.verb:set package 'examples_rclcpp_multithreaded_executor' build argument 'cmake_target_skip_unavailable' from command line to 'False'
[1.791s] Level 5:colcon.colcon_core.verb:set package 'examples_rclcpp_multithreaded_executor' build argument 'cmake_clean_cache' from command line to 'False'
[1.791s] Level 5:colcon.colcon_core.verb:set package 'examples_rclcpp_multithreaded_executor' build argument 'cmake_clean_first' from command line to 'False'
[1.791s] Level 5:colcon.colcon_core.verb:set package 'examples_rclcpp_multithreaded_executor' build argument 'cmake_force_configure' from command line to 'False'
[1.791s] Level 5:colcon.colcon_core.verb:set package 'examples_rclcpp_multithreaded_executor' build argument 'ament_cmake_args' from command line to 'None'
[1.791s] Level 5:colcon.colcon_core.verb:set package 'examples_rclcpp_multithreaded_executor' build argument 'catkin_cmake_args' from command line to 'None'
[1.791s] Level 5:colcon.colcon_core.verb:set package 'examples_rclcpp_multithreaded_executor' build argument 'catkin_skip_building_tests' from command line to 'False'
[1.791s] DEBUG:colcon.colcon_core.verb:Building package 'examples_rclcpp_multithreaded_executor' with the following arguments: {'ament_cmake_args': None, 'build_base': '/home/yahboom/intro_ws/build/examples_rclcpp_multithreaded_executor', 'catkin_cmake_args': None, 'catkin_skip_building_tests': False, 'cmake_args': None, 'cmake_clean_cache': False, 'cmake_clean_first': False, 'cmake_force_configure': False, 'cmake_target': None, 'cmake_target_skip_unavailable': False, 'install_base': '/home/yahboom/intro_ws/install/examples_rclcpp_multithreaded_executor', 'merge_install': False, 'path': '/home/yahboom/intro_ws/src/examples/rclcpp/executors/multithreaded_executor', 'symlink_install': False, 'test_result_base': None}
[1.792s] Level 5:colcon.colcon_core.verb:set package 'examples_rclcpp_wait_set' build argument 'cmake_args' from command line to 'None'
[1.792s] Level 5:colcon.colcon_core.verb:set package 'examples_rclcpp_wait_set' build argument 'cmake_target' from command line to 'None'
[1.792s] Level 5:colcon.colcon_core.verb:set package 'examples_rclcpp_wait_set' build argument 'cmake_target_skip_unavailable' from command line to 'False'
[1.792s] Level 5:colcon.colcon_core.verb:set package 'examples_rclcpp_wait_set' build argument 'cmake_clean_cache' from command line to 'False'
[1.792s] Level 5:colcon.colcon_core.verb:set package 'examples_rclcpp_wait_set' build argument 'cmake_clean_first' from command line to 'False'
[1.792s] Level 5:colcon.colcon_core.verb:set package 'examples_rclcpp_wait_set' build argument 'cmake_force_configure' from command line to 'False'
[1.792s] Level 5:colcon.colcon_core.verb:set package 'examples_rclcpp_wait_set' build argument 'ament_cmake_args' from command line to 'None'
[1.792s] Level 5:colcon.colcon_core.verb:set package 'examples_rclcpp_wait_set' build argument 'catkin_cmake_args' from command line to 'None'
[1.792s] Level 5:colcon.colcon_core.verb:set package 'examples_rclcpp_wait_set' build argument 'catkin_skip_building_tests' from command line to 'False'
[1.792s] DEBUG:colcon.colcon_core.verb:Building package 'examples_rclcpp_wait_set' with the following arguments: {'ament_cmake_args': None, 'build_base': '/home/yahboom/intro_ws/build/examples_rclcpp_wait_set', 'catkin_cmake_args': None, 'catkin_skip_building_tests': False, 'cmake_args': None, 'cmake_clean_cache': False, 'cmake_clean_first': False, 'cmake_force_configure': False, 'cmake_target': None, 'cmake_target_skip_unavailable': False, 'install_base': '/home/yahboom/intro_ws/install/examples_rclcpp_wait_set', 'merge_install': False, 'path': '/home/yahboom/intro_ws/src/examples/rclcpp/wait_set', 'symlink_install': False, 'test_result_base': None}
[1.793s] Level 5:colcon.colcon_core.verb:set package 'examples_rclpy_executors' build argument 'cmake_args' from command line to 'None'
[1.793s] Level 5:colcon.colcon_core.verb:set package 'examples_rclpy_executors' build argument 'cmake_target' from command line to 'None'
[1.793s] Level 5:colcon.colcon_core.verb:set package 'examples_rclpy_executors' build argument 'cmake_target_skip_unavailable' from command line to 'False'
[1.793s] Level 5:colcon.colcon_core.verb:set package 'examples_rclpy_executors' build argument 'cmake_clean_cache' from command line to 'False'
[1.793s] Level 5:colcon.colcon_core.verb:set package 'examples_rclpy_executors' build argument 'cmake_clean_first' from command line to 'False'
[1.793s] Level 5:colcon.colcon_core.verb:set package 'examples_rclpy_executors' build argument 'cmake_force_configure' from command line to 'False'
[1.793s] Level 5:colcon.colcon_core.verb:set package 'examples_rclpy_executors' build argument 'ament_cmake_args' from command line to 'None'
[1.793s] Level 5:colcon.colcon_core.verb:set package 'examples_rclpy_executors' build argument 'catkin_cmake_args' from command line to 'None'
[1.793s] Level 5:colcon.colcon_core.verb:set package 'examples_rclpy_executors' build argument 'catkin_skip_building_tests' from command line to 'False'
[1.793s] DEBUG:colcon.colcon_core.verb:Building package 'examples_rclpy_executors' with the following arguments: {'ament_cmake_args': None, 'build_base': '/home/yahboom/intro_ws/build/examples_rclpy_executors', 'catkin_cmake_args': None, 'catkin_skip_building_tests': False, 'cmake_args': None, 'cmake_clean_cache': False, 'cmake_clean_first': False, 'cmake_force_configure': False, 'cmake_target': None, 'cmake_target_skip_unavailable': False, 'install_base': '/home/yahboom/intro_ws/install/examples_rclpy_executors', 'merge_install': False, 'path': '/home/yahboom/intro_ws/src/examples/rclpy/executors', 'symlink_install': False, 'test_result_base': None}
[1.794s] Level 5:colcon.colcon_core.verb:set package 'examples_rclpy_guard_conditions' build argument 'cmake_args' from command line to 'None'
[1.794s] Level 5:colcon.colcon_core.verb:set package 'examples_rclpy_guard_conditions' build argument 'cmake_target' from command line to 'None'
[1.794s] Level 5:colcon.colcon_core.verb:set package 'examples_rclpy_guard_conditions' build argument 'cmake_target_skip_unavailable' from command line to 'False'
[1.794s] Level 5:colcon.colcon_core.verb:set package 'examples_rclpy_guard_conditions' build argument 'cmake_clean_cache' from command line to 'False'
[1.794s] Level 5:colcon.colcon_core.verb:set package 'examples_rclpy_guard_conditions' build argument 'cmake_clean_first' from command line to 'False'
[1.794s] Level 5:colcon.colcon_core.verb:set package 'examples_rclpy_guard_conditions' build argument 'cmake_force_configure' from command line to 'False'
[1.794s] Level 5:colcon.colcon_core.verb:set package 'examples_rclpy_guard_conditions' build argument 'ament_cmake_args' from command line to 'None'
[1.794s] Level 5:colcon.colcon_core.verb:set package 'examples_rclpy_guard_conditions' build argument 'catkin_cmake_args' from command line to 'None'
[1.794s] Level 5:colcon.colcon_core.verb:set package 'examples_rclpy_guard_conditions' build argument 'catkin_skip_building_tests' from command line to 'False'
[1.794s] DEBUG:colcon.colcon_core.verb:Building package 'examples_rclpy_guard_conditions' with the following arguments: {'ament_cmake_args': None, 'build_base': '/home/yahboom/intro_ws/build/examples_rclpy_guard_conditions', 'catkin_cmake_args': None, 'catkin_skip_building_tests': False, 'cmake_args': None, 'cmake_clean_cache': False, 'cmake_clean_first': False, 'cmake_force_configure': False, 'cmake_target': None, 'cmake_target_skip_unavailable': False, 'install_base': '/home/yahboom/intro_ws/install/examples_rclpy_guard_conditions', 'merge_install': False, 'path': '/home/yahboom/intro_ws/src/examples/rclpy/guard_conditions', 'symlink_install': False, 'test_result_base': None}
[1.795s] Level 5:colcon.colcon_core.verb:set package 'examples_rclpy_minimal_action_client' build argument 'cmake_args' from command line to 'None'
[1.795s] Level 5:colcon.colcon_core.verb:set package 'examples_rclpy_minimal_action_client' build argument 'cmake_target' from command line to 'None'
[1.795s] Level 5:colcon.colcon_core.verb:set package 'examples_rclpy_minimal_action_client' build argument 'cmake_target_skip_unavailable' from command line to 'False'
[1.795s] Level 5:colcon.colcon_core.verb:set package 'examples_rclpy_minimal_action_client' build argument 'cmake_clean_cache' from command line to 'False'
[1.795s] Level 5:colcon.colcon_core.verb:set package 'examples_rclpy_minimal_action_client' build argument 'cmake_clean_first' from command line to 'False'
[1.795s] Level 5:colcon.colcon_core.verb:set package 'examples_rclpy_minimal_action_client' build argument 'cmake_force_configure' from command line to 'False'
[1.795s] Level 5:colcon.colcon_core.verb:set package 'examples_rclpy_minimal_action_client' build argument 'ament_cmake_args' from command line to 'None'
[1.795s] Level 5:colcon.colcon_core.verb:set package 'examples_rclpy_minimal_action_client' build argument 'catkin_cmake_args' from command line to 'None'
[1.795s] Level 5:colcon.colcon_core.verb:set package 'examples_rclpy_minimal_action_client' build argument 'catkin_skip_building_tests' from command line to 'False'
[1.795s] DEBUG:colcon.colcon_core.verb:Building package 'examples_rclpy_minimal_action_client' with the following arguments: {'ament_cmake_args': None, 'build_base': '/home/yahboom/intro_ws/build/examples_rclpy_minimal_action_client', 'catkin_cmake_args': None, 'catkin_skip_building_tests': False, 'cmake_args': None, 'cmake_clean_cache': False, 'cmake_clean_first': False, 'cmake_force_configure': False, 'cmake_target': None, 'cmake_target_skip_unavailable': False, 'install_base': '/home/yahboom/intro_ws/install/examples_rclpy_minimal_action_client', 'merge_install': False, 'path': '/home/yahboom/intro_ws/src/examples/rclpy/actions/minimal_action_client', 'symlink_install': False, 'test_result_base': None}
[1.796s] Level 5:colcon.colcon_core.verb:set package 'examples_rclpy_minimal_action_server' build argument 'cmake_args' from command line to 'None'
[1.796s] Level 5:colcon.colcon_core.verb:set package 'examples_rclpy_minimal_action_server' build argument 'cmake_target' from command line to 'None'
[1.796s] Level 5:colcon.colcon_core.verb:set package 'examples_rclpy_minimal_action_server' build argument 'cmake_target_skip_unavailable' from command line to 'False'
[1.796s] Level 5:colcon.colcon_core.verb:set package 'examples_rclpy_minimal_action_server' build argument 'cmake_clean_cache' from command line to 'False'
[1.796s] Level 5:colcon.colcon_core.verb:set package 'examples_rclpy_minimal_action_server' build argument 'cmake_clean_first' from command line to 'False'
[1.796s] Level 5:colcon.colcon_core.verb:set package 'examples_rclpy_minimal_action_server' build argument 'cmake_force_configure' from command line to 'False'
[1.796s] Level 5:colcon.colcon_core.verb:set package 'examples_rclpy_minimal_action_server' build argument 'ament_cmake_args' from command line to 'None'
[1.796s] Level 5:colcon.colcon_core.verb:set package 'examples_rclpy_minimal_action_server' build argument 'catkin_cmake_args' from command line to 'None'
[1.796s] Level 5:colcon.colcon_core.verb:set package 'examples_rclpy_minimal_action_server' build argument 'catkin_skip_building_tests' from command line to 'False'
[1.797s] DEBUG:colcon.colcon_core.verb:Building package 'examples_rclpy_minimal_action_server' with the following arguments: {'ament_cmake_args': None, 'build_base': '/home/yahboom/intro_ws/build/examples_rclpy_minimal_action_server', 'catkin_cmake_args': None, 'catkin_skip_building_tests': False, 'cmake_args': None, 'cmake_clean_cache': False, 'cmake_clean_first': False, 'cmake_force_configure': False, 'cmake_target': None, 'cmake_target_skip_unavailable': False, 'install_base': '/home/yahboom/intro_ws/install/examples_rclpy_minimal_action_server', 'merge_install': False, 'path': '/home/yahboom/intro_ws/src/examples/rclpy/actions/minimal_action_server', 'symlink_install': False, 'test_result_base': None}
[1.797s] Level 5:colcon.colcon_core.verb:set package 'examples_rclpy_minimal_client' build argument 'cmake_args' from command line to 'None'
[1.797s] Level 5:colcon.colcon_core.verb:set package 'examples_rclpy_minimal_client' build argument 'cmake_target' from command line to 'None'
[1.797s] Level 5:colcon.colcon_core.verb:set package 'examples_rclpy_minimal_client' build argument 'cmake_target_skip_unavailable' from command line to 'False'
[1.797s] Level 5:colcon.colcon_core.verb:set package 'examples_rclpy_minimal_client' build argument 'cmake_clean_cache' from command line to 'False'
[1.797s] Level 5:colcon.colcon_core.verb:set package 'examples_rclpy_minimal_client' build argument 'cmake_clean_first' from command line to 'False'
[1.797s] Level 5:colcon.colcon_core.verb:set package 'examples_rclpy_minimal_client' build argument 'cmake_force_configure' from command line to 'False'
[1.797s] Level 5:colcon.colcon_core.verb:set package 'examples_rclpy_minimal_client' build argument 'ament_cmake_args' from command line to 'None'
[1.797s] Level 5:colcon.colcon_core.verb:set package 'examples_rclpy_minimal_client' build argument 'catkin_cmake_args' from command line to 'None'
[1.798s] Level 5:colcon.colcon_core.verb:set package 'examples_rclpy_minimal_client' build argument 'catkin_skip_building_tests' from command line to 'False'
[1.798s] DEBUG:colcon.colcon_core.verb:Building package 'examples_rclpy_minimal_client' with the following arguments: {'ament_cmake_args': None, 'build_base': '/home/yahboom/intro_ws/build/examples_rclpy_minimal_client', 'catkin_cmake_args': None, 'catkin_skip_building_tests': False, 'cmake_args': None, 'cmake_clean_cache': False, 'cmake_clean_first': False, 'cmake_force_configure': False, 'cmake_target': None, 'cmake_target_skip_unavailable': False, 'install_base': '/home/yahboom/intro_ws/install/examples_rclpy_minimal_client', 'merge_install': False, 'path': '/home/yahboom/intro_ws/src/examples/rclpy/services/minimal_client', 'symlink_install': False, 'test_result_base': None}
[1.798s] Level 5:colcon.colcon_core.verb:set package 'examples_rclpy_minimal_publisher' build argument 'cmake_args' from command line to 'None'
[1.798s] Level 5:colcon.colcon_core.verb:set package 'examples_rclpy_minimal_publisher' build argument 'cmake_target' from command line to 'None'
[1.799s] Level 5:colcon.colcon_core.verb:set package 'examples_rclpy_minimal_publisher' build argument 'cmake_target_skip_unavailable' from command line to 'False'
[1.799s] Level 5:colcon.colcon_core.verb:set package 'examples_rclpy_minimal_publisher' build argument 'cmake_clean_cache' from command line to 'False'
[1.799s] Level 5:colcon.colcon_core.verb:set package 'examples_rclpy_minimal_publisher' build argument 'cmake_clean_first' from command line to 'False'
[1.799s] Level 5:colcon.colcon_core.verb:set package 'examples_rclpy_minimal_publisher' build argument 'cmake_force_configure' from command line to 'False'
[1.799s] Level 5:colcon.colcon_core.verb:set package 'examples_rclpy_minimal_publisher' build argument 'ament_cmake_args' from command line to 'None'
[1.799s] Level 5:colcon.colcon_core.verb:set package 'examples_rclpy_minimal_publisher' build argument 'catkin_cmake_args' from command line to 'None'
[1.799s] Level 5:colcon.colcon_core.verb:set package 'examples_rclpy_minimal_publisher' build argument 'catkin_skip_building_tests' from command line to 'False'
[1.799s] DEBUG:colcon.colcon_core.verb:Building package 'examples_rclpy_minimal_publisher' with the following arguments: {'ament_cmake_args': None, 'build_base': '/home/yahboom/intro_ws/build/examples_rclpy_minimal_publisher', 'catkin_cmake_args': None, 'catkin_skip_building_tests': False, 'cmake_args': None, 'cmake_clean_cache': False, 'cmake_clean_first': False, 'cmake_force_configure': False, 'cmake_target': None, 'cmake_target_skip_unavailable': False, 'install_base': '/home/yahboom/intro_ws/install/examples_rclpy_minimal_publisher', 'merge_install': False, 'path': '/home/yahboom/intro_ws/src/examples/rclpy/topics/minimal_publisher', 'symlink_install': False, 'test_result_base': None}
[1.799s] Level 5:colcon.colcon_core.verb:set package 'examples_rclpy_minimal_service' build argument 'cmake_args' from command line to 'None'
[1.800s] Level 5:colcon.colcon_core.verb:set package 'examples_rclpy_minimal_service' build argument 'cmake_target' from command line to 'None'
[1.800s] Level 5:colcon.colcon_core.verb:set package 'examples_rclpy_minimal_service' build argument 'cmake_target_skip_unavailable' from command line to 'False'
[1.800s] Level 5:colcon.colcon_core.verb:set package 'examples_rclpy_minimal_service' build argument 'cmake_clean_cache' from command line to 'False'
[1.800s] Level 5:colcon.colcon_core.verb:set package 'examples_rclpy_minimal_service' build argument 'cmake_clean_first' from command line to 'False'
[1.800s] Level 5:colcon.colcon_core.verb:set package 'examples_rclpy_minimal_service' build argument 'cmake_force_configure' from command line to 'False'
[1.800s] Level 5:colcon.colcon_core.verb:set package 'examples_rclpy_minimal_service' build argument 'ament_cmake_args' from command line to 'None'
[1.800s] Level 5:colcon.colcon_core.verb:set package 'examples_rclpy_minimal_service' build argument 'catkin_cmake_args' from command line to 'None'
[1.800s] Level 5:colcon.colcon_core.verb:set package 'examples_rclpy_minimal_service' build argument 'catkin_skip_building_tests' from command line to 'False'
[1.800s] DEBUG:colcon.colcon_core.verb:Building package 'examples_rclpy_minimal_service' with the following arguments: {'ament_cmake_args': None, 'build_base': '/home/yahboom/intro_ws/build/examples_rclpy_minimal_service', 'catkin_cmake_args': None, 'catkin_skip_building_tests': False, 'cmake_args': None, 'cmake_clean_cache': False, 'cmake_clean_first': False, 'cmake_force_configure': False, 'cmake_target': None, 'cmake_target_skip_unavailable': False, 'install_base': '/home/yahboom/intro_ws/install/examples_rclpy_minimal_service', 'merge_install': False, 'path': '/home/yahboom/intro_ws/src/examples/rclpy/services/minimal_service', 'symlink_install': False, 'test_result_base': None}
[1.801s] Level 5:colcon.colcon_core.verb:set package 'examples_rclpy_minimal_subscriber' build argument 'cmake_args' from command line to 'None'
[1.801s] Level 5:colcon.colcon_core.verb:set package 'examples_rclpy_minimal_subscriber' build argument 'cmake_target' from command line to 'None'
[1.801s] Level 5:colcon.colcon_core.verb:set package 'examples_rclpy_minimal_subscriber' build argument 'cmake_target_skip_unavailable' from command line to 'False'
[1.801s] Level 5:colcon.colcon_core.verb:set package 'examples_rclpy_minimal_subscriber' build argument 'cmake_clean_cache' from command line to 'False'
[1.801s] Level 5:colcon.colcon_core.verb:set package 'examples_rclpy_minimal_subscriber' build argument 'cmake_clean_first' from command line to 'False'
[1.801s] Level 5:colcon.colcon_core.verb:set package 'examples_rclpy_minimal_subscriber' build argument 'cmake_force_configure' from command line to 'False'
[1.801s] Level 5:colcon.colcon_core.verb:set package 'examples_rclpy_minimal_subscriber' build argument 'ament_cmake_args' from command line to 'None'
[1.801s] Level 5:colcon.colcon_core.verb:set package 'examples_rclpy_minimal_subscriber' build argument 'catkin_cmake_args' from command line to 'None'
[1.801s] Level 5:colcon.colcon_core.verb:set package 'examples_rclpy_minimal_subscriber' build argument 'catkin_skip_building_tests' from command line to 'False'
[1.801s] DEBUG:colcon.colcon_core.verb:Building package 'examples_rclpy_minimal_subscriber' with the following arguments: {'ament_cmake_args': None, 'build_base': '/home/yahboom/intro_ws/build/examples_rclpy_minimal_subscriber', 'catkin_cmake_args': None, 'catkin_skip_building_tests': False, 'cmake_args': None, 'cmake_clean_cache': False, 'cmake_clean_first': False, 'cmake_force_configure': False, 'cmake_target': None, 'cmake_target_skip_unavailable': False, 'install_base': '/home/yahboom/intro_ws/install/examples_rclpy_minimal_subscriber', 'merge_install': False, 'path': '/home/yahboom/intro_ws/src/examples/rclpy/topics/minimal_subscriber', 'symlink_install': False, 'test_result_base': None}
[1.802s] Level 5:colcon.colcon_core.verb:set package 'examples_rclpy_pointcloud_publisher' build argument 'cmake_args' from command line to 'None'
[1.802s] Level 5:colcon.colcon_core.verb:set package 'examples_rclpy_pointcloud_publisher' build argument 'cmake_target' from command line to 'None'
[1.802s] Level 5:colcon.colcon_core.verb:set package 'examples_rclpy_pointcloud_publisher' build argument 'cmake_target_skip_unavailable' from command line to 'False'
[1.802s] Level 5:colcon.colcon_core.verb:set package 'examples_rclpy_pointcloud_publisher' build argument 'cmake_clean_cache' from command line to 'False'
[1.802s] Level 5:colcon.colcon_core.verb:set package 'examples_rclpy_pointcloud_publisher' build argument 'cmake_clean_first' from command line to 'False'
[1.802s] Level 5:colcon.colcon_core.verb:set package 'examples_rclpy_pointcloud_publisher' build argument 'cmake_force_configure' from command line to 'False'
[1.802s] Level 5:colcon.colcon_core.verb:set package 'examples_rclpy_pointcloud_publisher' build argument 'ament_cmake_args' from command line to 'None'
[1.802s] Level 5:colcon.colcon_core.verb:set package 'examples_rclpy_pointcloud_publisher' build argument 'catkin_cmake_args' from command line to 'None'
[1.802s] Level 5:colcon.colcon_core.verb:set package 'examples_rclpy_pointcloud_publisher' build argument 'catkin_skip_building_tests' from command line to 'False'
[1.802s] DEBUG:colcon.colcon_core.verb:Building package 'examples_rclpy_pointcloud_publisher' with the following arguments: {'ament_cmake_args': None, 'build_base': '/home/yahboom/intro_ws/build/examples_rclpy_pointcloud_publisher', 'catkin_cmake_args': None, 'catkin_skip_building_tests': False, 'cmake_args': None, 'cmake_clean_cache': False, 'cmake_clean_first': False, 'cmake_force_configure': False, 'cmake_target': None, 'cmake_target_skip_unavailable': False, 'install_base': '/home/yahboom/intro_ws/install/examples_rclpy_pointcloud_publisher', 'merge_install': False, 'path': '/home/yahboom/intro_ws/src/examples/rclpy/topics/pointcloud_publisher', 'symlink_install': False, 'test_result_base': None}
[1.803s] Level 5:colcon.colcon_core.verb:set package 'intro_interfaces' build argument 'cmake_args' from command line to 'None'
[1.803s] Level 5:colcon.colcon_core.verb:set package 'intro_interfaces' build argument 'cmake_target' from command line to 'None'
[1.803s] Level 5:colcon.colcon_core.verb:set package 'intro_interfaces' build argument 'cmake_target_skip_unavailable' from command line to 'False'
[1.803s] Level 5:colcon.colcon_core.verb:set package 'intro_interfaces' build argument 'cmake_clean_cache' from command line to 'False'
[1.803s] Level 5:colcon.colcon_core.verb:set package 'intro_interfaces' build argument 'cmake_clean_first' from command line to 'False'
[1.803s] Level 5:colcon.colcon_core.verb:set package 'intro_interfaces' build argument 'cmake_force_configure' from command line to 'False'
[1.803s] Level 5:colcon.colcon_core.verb:set package 'intro_interfaces' build argument 'ament_cmake_args' from command line to 'None'
[1.803s] Level 5:colcon.colcon_core.verb:set package 'intro_interfaces' build argument 'catkin_cmake_args' from command line to 'None'
[1.803s] Level 5:colcon.colcon_core.verb:set package 'intro_interfaces' build argument 'catkin_skip_building_tests' from command line to 'False'
[1.803s] DEBUG:colcon.colcon_core.verb:Building package 'intro_interfaces' with the following arguments: {'ament_cmake_args': None, 'build_base': '/home/yahboom/intro_ws/build/intro_interfaces', 'catkin_cmake_args': None, 'catkin_skip_building_tests': False, 'cmake_args': None, 'cmake_clean_cache': False, 'cmake_clean_first': False, 'cmake_force_configure': False, 'cmake_target': None, 'cmake_target_skip_unavailable': False, 'install_base': '/home/yahboom/intro_ws/install/intro_interfaces', 'merge_install': False, 'path': '/home/yahboom/intro_ws/src/intro_interfaces', 'symlink_install': False, 'test_result_base': None}
[1.804s] Level 5:colcon.colcon_core.verb:set package 'launch_testing_examples' build argument 'cmake_args' from command line to 'None'
[1.804s] Level 5:colcon.colcon_core.verb:set package 'launch_testing_examples' build argument 'cmake_target' from command line to 'None'
[1.804s] Level 5:colcon.colcon_core.verb:set package 'launch_testing_examples' build argument 'cmake_target_skip_unavailable' from command line to 'False'
[1.804s] Level 5:colcon.colcon_core.verb:set package 'launch_testing_examples' build argument 'cmake_clean_cache' from command line to 'False'
[1.804s] Level 5:colcon.colcon_core.verb:set package 'launch_testing_examples' build argument 'cmake_clean_first' from command line to 'False'
[1.804s] Level 5:colcon.colcon_core.verb:set package 'launch_testing_examples' build argument 'cmake_force_configure' from command line to 'False'
[1.804s] Level 5:colcon.colcon_core.verb:set package 'launch_testing_examples' build argument 'ament_cmake_args' from command line to 'None'
[1.804s] Level 5:colcon.colcon_core.verb:set package 'launch_testing_examples' build argument 'catkin_cmake_args' from command line to 'None'
[1.804s] Level 5:colcon.colcon_core.verb:set package 'launch_testing_examples' build argument 'catkin_skip_building_tests' from command line to 'False'
[1.804s] DEBUG:colcon.colcon_core.verb:Building package 'launch_testing_examples' with the following arguments: {'ament_cmake_args': None, 'build_base': '/home/yahboom/intro_ws/build/launch_testing_examples', 'catkin_cmake_args': None, 'catkin_skip_building_tests': False, 'cmake_args': None, 'cmake_clean_cache': False, 'cmake_clean_first': False, 'cmake_force_configure': False, 'cmake_target': None, 'cmake_target_skip_unavailable': False, 'install_base': '/home/yahboom/intro_ws/install/launch_testing_examples', 'merge_install': False, 'path': '/home/yahboom/intro_ws/src/examples/launch_testing/launch_testing_examples', 'symlink_install': False, 'test_result_base': None}
[1.805s] Level 5:colcon.colcon_core.verb:set package 'turtle_test' build argument 'cmake_args' from command line to 'None'
[1.805s] Level 5:colcon.colcon_core.verb:set package 'turtle_test' build argument 'cmake_target' from command line to 'None'
[1.805s] Level 5:colcon.colcon_core.verb:set package 'turtle_test' build argument 'cmake_target_skip_unavailable' from command line to 'False'
[1.805s] Level 5:colcon.colcon_core.verb:set package 'turtle_test' build argument 'cmake_clean_cache' from command line to 'False'
[1.805s] Level 5:colcon.colcon_core.verb:set package 'turtle_test' build argument 'cmake_clean_first' from command line to 'False'
[1.805s] Level 5:colcon.colcon_core.verb:set package 'turtle_test' build argument 'cmake_force_configure' from command line to 'False'
[1.805s] Level 5:colcon.colcon_core.verb:set package 'turtle_test' build argument 'ament_cmake_args' from command line to 'None'
[1.805s] Level 5:colcon.colcon_core.verb:set package 'turtle_test' build argument 'catkin_cmake_args' from command line to 'None'
[1.805s] Level 5:colcon.colcon_core.verb:set package 'turtle_test' build argument 'catkin_skip_building_tests' from command line to 'False'
[1.805s] DEBUG:colcon.colcon_core.verb:Building package 'turtle_test' with the following arguments: {'ament_cmake_args': None, 'build_base': '/home/yahboom/intro_ws/build/turtle_test', 'catkin_cmake_args': None, 'catkin_skip_building_tests': False, 'cmake_args': None, 'cmake_clean_cache': False, 'cmake_clean_first': False, 'cmake_force_configure': False, 'cmake_target': None, 'cmake_target_skip_unavailable': False, 'install_base': '/home/yahboom/intro_ws/install/turtle_test', 'merge_install': False, 'path': '/home/yahboom/intro_ws/src/turtle_test', 'symlink_install': False, 'test_result_base': None}
[1.806s] INFO:colcon.colcon_core.executor:Executing jobs using 'parallel' executor
[1.811s] DEBUG:colcon.colcon_parallel_executor.executor.parallel:run_until_complete
[1.811s] INFO:colcon.colcon_ros.task.ament_cmake.build:Building ROS package in '/home/yahboom/intro_ws/src/examples/rclcpp/services/async_client' with build type 'ament_cmake'
[1.812s] INFO:colcon.colcon_cmake.task.cmake.build:Building CMake package in '/home/yahboom/intro_ws/src/examples/rclcpp/services/async_client'
[1.819s] INFO:colcon.colcon_core.plugin_system:Skipping extension 'colcon_core.shell.bat': Not used on non-Windows systems
[1.819s] INFO:colcon.colcon_core.shell:Skip shell extension 'powershell' for command environment: Not usable outside of PowerShell
[1.819s] DEBUG:colcon.colcon_core.shell:Skip shell extension 'dsv' for command environment
[1.846s] INFO:colcon.colcon_ros.task.ament_cmake.build:Building ROS package in '/home/yahboom/intro_ws/src/examples/rclcpp/executors/cbg_executor' with build type 'ament_cmake'
[1.846s] INFO:colcon.colcon_cmake.task.cmake.build:Building CMake package in '/home/yahboom/intro_ws/src/examples/rclcpp/executors/cbg_executor'
[1.847s] INFO:colcon.colcon_core.shell:Skip shell extension 'powershell' for command environment: Not usable outside of PowerShell
[1.847s] DEBUG:colcon.colcon_core.shell:Skip shell extension 'dsv' for command environment
[1.873s] INFO:colcon.colcon_ros.task.ament_cmake.build:Building ROS package in '/home/yahboom/intro_ws/src/examples/rclcpp/actions/minimal_action_client' with build type 'ament_cmake'
[1.873s] INFO:colcon.colcon_cmake.task.cmake.build:Building CMake package in '/home/yahboom/intro_ws/src/examples/rclcpp/actions/minimal_action_client'
[1.874s] INFO:colcon.colcon_core.shell:Skip shell extension 'powershell' for command environment: Not usable outside of PowerShell
[1.875s] DEBUG:colcon.colcon_core.shell:Skip shell extension 'dsv' for command environment
[1.902s] INFO:colcon.colcon_ros.task.ament_cmake.build:Building ROS package in '/home/yahboom/intro_ws/src/examples/rclcpp/actions/minimal_action_server' with build type 'ament_cmake'
[1.903s] INFO:colcon.colcon_cmake.task.cmake.build:Building CMake package in '/home/yahboom/intro_ws/src/examples/rclcpp/actions/minimal_action_server'
[1.903s] INFO:colcon.colcon_core.shell:Skip shell extension 'powershell' for command environment: Not usable outside of PowerShell
[1.903s] DEBUG:colcon.colcon_core.shell:Skip shell extension 'dsv' for command environment
[1.944s] DEBUG:colcon.colcon_core.event_handler.log_command:Invoking command in '/home/yahboom/intro_ws/build/examples_rclcpp_async_client': CMAKE_PREFIX_PATH=${CMAKE_PREFIX_PATH}:/home/yahboom/cartoros2/install/yahboomcar_nav:/home/yahboom/cartoros2/install/yahboomcar_ctrl:/home/yahboom/cartoros2/install/yahboom_visual:/home/yahboom/cartoros2/install/yahboom_dog_joint_state:/home/yahboom/cartoros2/install/yahboom_description:/home/yahboom/cartoros2/install/yahboom_color_identify_server:/home/yahboom/cartoros2/install/yahboom_bringup:/home/yahboom/cartoros2/install/yahboom_base:/home/yahboom/cartoros2/install/yahboom_app_save_map:/home/yahboom/cartoros2/install/update_map:/home/yahboom/cartoros2/install/rosboard:/home/yahboom/cartoros2/install/path_planner_server:/home/yahboom/cartoros2/install/nav2_simple_commander:/home/yahboom/cartoros2/install/nav2_gazebo_spawner:/home/yahboom/cartoros2/install/localization_server:/home/yahboom/cartoros2/install/laserscan_to_point_pulisher:/home/yahboom/yahboomcar_ws/install/yahboom_dog_example:/opt/ros/humble /usr/bin/cmake /home/yahboom/intro_ws/src/examples/rclcpp/services/async_client -DCMAKE_INSTALL_PREFIX=/home/yahboom/intro_ws/install/examples_rclcpp_async_client
[1.960s] DEBUG:colcon.colcon_core.event_handler.log_command:Invoking command in '/home/yahboom/intro_ws/build/examples_rclcpp_cbg_executor': CMAKE_PREFIX_PATH=${CMAKE_PREFIX_PATH}:/home/yahboom/cartoros2/install/yahboomcar_nav:/home/yahboom/cartoros2/install/yahboomcar_ctrl:/home/yahboom/cartoros2/install/yahboom_visual:/home/yahboom/cartoros2/install/yahboom_dog_joint_state:/home/yahboom/cartoros2/install/yahboom_description:/home/yahboom/cartoros2/install/yahboom_color_identify_server:/home/yahboom/cartoros2/install/yahboom_bringup:/home/yahboom/cartoros2/install/yahboom_base:/home/yahboom/cartoros2/install/yahboom_app_save_map:/home/yahboom/cartoros2/install/update_map:/home/yahboom/cartoros2/install/rosboard:/home/yahboom/cartoros2/install/path_planner_server:/home/yahboom/cartoros2/install/nav2_simple_commander:/home/yahboom/cartoros2/install/nav2_gazebo_spawner:/home/yahboom/cartoros2/install/localization_server:/home/yahboom/cartoros2/install/laserscan_to_point_pulisher:/home/yahboom/yahboomcar_ws/install/yahboom_dog_example:/opt/ros/humble /usr/bin/cmake /home/yahboom/intro_ws/src/examples/rclcpp/executors/cbg_executor -DCMAKE_INSTALL_PREFIX=/home/yahboom/intro_ws/install/examples_rclcpp_cbg_executor
[1.970s] DEBUG:colcon.colcon_core.event_handler.log_command:Invoking command in '/home/yahboom/intro_ws/build/examples_rclcpp_minimal_action_client': CMAKE_PREFIX_PATH=${CMAKE_PREFIX_PATH}:/home/yahboom/cartoros2/install/yahboomcar_nav:/home/yahboom/cartoros2/install/yahboomcar_ctrl:/home/yahboom/cartoros2/install/yahboom_visual:/home/yahboom/cartoros2/install/yahboom_dog_joint_state:/home/yahboom/cartoros2/install/yahboom_description:/home/yahboom/cartoros2/install/yahboom_color_identify_server:/home/yahboom/cartoros2/install/yahboom_bringup:/home/yahboom/cartoros2/install/yahboom_base:/home/yahboom/cartoros2/install/yahboom_app_save_map:/home/yahboom/cartoros2/install/update_map:/home/yahboom/cartoros2/install/rosboard:/home/yahboom/cartoros2/install/path_planner_server:/home/yahboom/cartoros2/install/nav2_simple_commander:/home/yahboom/cartoros2/install/nav2_gazebo_spawner:/home/yahboom/cartoros2/install/localization_server:/home/yahboom/cartoros2/install/laserscan_to_point_pulisher:/home/yahboom/yahboomcar_ws/install/yahboom_dog_example:/opt/ros/humble /usr/bin/cmake /home/yahboom/intro_ws/src/examples/rclcpp/actions/minimal_action_client -DCMAKE_INSTALL_PREFIX=/home/yahboom/intro_ws/install/examples_rclcpp_minimal_action_client
[1.984s] DEBUG:colcon.colcon_core.event_handler.log_command:Invoking command in '/home/yahboom/intro_ws/build/examples_rclcpp_minimal_action_server': CMAKE_PREFIX_PATH=${CMAKE_PREFIX_PATH}:/home/yahboom/cartoros2/install/yahboomcar_nav:/home/yahboom/cartoros2/install/yahboomcar_ctrl:/home/yahboom/cartoros2/install/yahboom_visual:/home/yahboom/cartoros2/install/yahboom_dog_joint_state:/home/yahboom/cartoros2/install/yahboom_description:/home/yahboom/cartoros2/install/yahboom_color_identify_server:/home/yahboom/cartoros2/install/yahboom_bringup:/home/yahboom/cartoros2/install/yahboom_base:/home/yahboom/cartoros2/install/yahboom_app_save_map:/home/yahboom/cartoros2/install/update_map:/home/yahboom/cartoros2/install/rosboard:/home/yahboom/cartoros2/install/path_planner_server:/home/yahboom/cartoros2/install/nav2_simple_commander:/home/yahboom/cartoros2/install/nav2_gazebo_spawner:/home/yahboom/cartoros2/install/localization_server:/home/yahboom/cartoros2/install/laserscan_to_point_pulisher:/home/yahboom/yahboomcar_ws/install/yahboom_dog_example:/opt/ros/humble /usr/bin/cmake /home/yahboom/intro_ws/src/examples/rclcpp/actions/minimal_action_server -DCMAKE_INSTALL_PREFIX=/home/yahboom/intro_ws/install/examples_rclcpp_minimal_action_server
[9.429s] DEBUG:colcon.colcon_core.event_handler.log_command:Invoked command in '/home/yahboom/intro_ws/build/examples_rclcpp_async_client' returned '0': CMAKE_PREFIX_PATH=${CMAKE_PREFIX_PATH}:/home/yahboom/cartoros2/install/yahboomcar_nav:/home/yahboom/cartoros2/install/yahboomcar_ctrl:/home/yahboom/cartoros2/install/yahboom_visual:/home/yahboom/cartoros2/install/yahboom_dog_joint_state:/home/yahboom/cartoros2/install/yahboom_description:/home/yahboom/cartoros2/install/yahboom_color_identify_server:/home/yahboom/cartoros2/install/yahboom_bringup:/home/yahboom/cartoros2/install/yahboom_base:/home/yahboom/cartoros2/install/yahboom_app_save_map:/home/yahboom/cartoros2/install/update_map:/home/yahboom/cartoros2/install/rosboard:/home/yahboom/cartoros2/install/path_planner_server:/home/yahboom/cartoros2/install/nav2_simple_commander:/home/yahboom/cartoros2/install/nav2_gazebo_spawner:/home/yahboom/cartoros2/install/localization_server:/home/yahboom/cartoros2/install/laserscan_to_point_pulisher:/home/yahboom/yahboomcar_ws/install/yahboom_dog_example:/opt/ros/humble /usr/bin/cmake /home/yahboom/intro_ws/src/examples/rclcpp/services/async_client -DCMAKE_INSTALL_PREFIX=/home/yahboom/intro_ws/install/examples_rclcpp_async_client
[9.432s] DEBUG:colcon.colcon_core.event_handler.log_command:Invoking command in '/home/yahboom/intro_ws/build/examples_rclcpp_async_client': CMAKE_PREFIX_PATH=${CMAKE_PREFIX_PATH}:/home/yahboom/cartoros2/install/yahboomcar_nav:/home/yahboom/cartoros2/install/yahboomcar_ctrl:/home/yahboom/cartoros2/install/yahboom_visual:/home/yahboom/cartoros2/install/yahboom_dog_joint_state:/home/yahboom/cartoros2/install/yahboom_description:/home/yahboom/cartoros2/install/yahboom_color_identify_server:/home/yahboom/cartoros2/install/yahboom_bringup:/home/yahboom/cartoros2/install/yahboom_base:/home/yahboom/cartoros2/install/yahboom_app_save_map:/home/yahboom/cartoros2/install/update_map:/home/yahboom/cartoros2/install/rosboard:/home/yahboom/cartoros2/install/path_planner_server:/home/yahboom/cartoros2/install/nav2_simple_commander:/home/yahboom/cartoros2/install/nav2_gazebo_spawner:/home/yahboom/cartoros2/install/localization_server:/home/yahboom/cartoros2/install/laserscan_to_point_pulisher:/home/yahboom/yahboomcar_ws/install/yahboom_dog_example:/opt/ros/humble /usr/bin/cmake --build /home/yahboom/intro_ws/build/examples_rclcpp_async_client -- -j4 -l4
[9.454s] DEBUG:colcon.colcon_core.event_handler.log_command:Invoked command in '/home/yahboom/intro_ws/build/examples_rclcpp_minimal_action_server' returned '0': CMAKE_PREFIX_PATH=${CMAKE_PREFIX_PATH}:/home/yahboom/cartoros2/install/yahboomcar_nav:/home/yahboom/cartoros2/install/yahboomcar_ctrl:/home/yahboom/cartoros2/install/yahboom_visual:/home/yahboom/cartoros2/install/yahboom_dog_joint_state:/home/yahboom/cartoros2/install/yahboom_description:/home/yahboom/cartoros2/install/yahboom_color_identify_server:/home/yahboom/cartoros2/install/yahboom_bringup:/home/yahboom/cartoros2/install/yahboom_base:/home/yahboom/cartoros2/install/yahboom_app_save_map:/home/yahboom/cartoros2/install/update_map:/home/yahboom/cartoros2/install/rosboard:/home/yahboom/cartoros2/install/path_planner_server:/home/yahboom/cartoros2/install/nav2_simple_commander:/home/yahboom/cartoros2/install/nav2_gazebo_spawner:/home/yahboom/cartoros2/install/localization_server:/home/yahboom/cartoros2/install/laserscan_to_point_pulisher:/home/yahboom/yahboomcar_ws/install/yahboom_dog_example:/opt/ros/humble /usr/bin/cmake /home/yahboom/intro_ws/src/examples/rclcpp/actions/minimal_action_server -DCMAKE_INSTALL_PREFIX=/home/yahboom/intro_ws/install/examples_rclcpp_minimal_action_server
[9.456s] DEBUG:colcon.colcon_core.event_handler.log_command:Invoking command in '/home/yahboom/intro_ws/build/examples_rclcpp_minimal_action_server': CMAKE_PREFIX_PATH=${CMAKE_PREFIX_PATH}:/home/yahboom/cartoros2/install/yahboomcar_nav:/home/yahboom/cartoros2/install/yahboomcar_ctrl:/home/yahboom/cartoros2/install/yahboom_visual:/home/yahboom/cartoros2/install/yahboom_dog_joint_state:/home/yahboom/cartoros2/install/yahboom_description:/home/yahboom/cartoros2/install/yahboom_color_identify_server:/home/yahboom/cartoros2/install/yahboom_bringup:/home/yahboom/cartoros2/install/yahboom_base:/home/yahboom/cartoros2/install/yahboom_app_save_map:/home/yahboom/cartoros2/install/update_map:/home/yahboom/cartoros2/install/rosboard:/home/yahboom/cartoros2/install/path_planner_server:/home/yahboom/cartoros2/install/nav2_simple_commander:/home/yahboom/cartoros2/install/nav2_gazebo_spawner:/home/yahboom/cartoros2/install/localization_server:/home/yahboom/cartoros2/install/laserscan_to_point_pulisher:/home/yahboom/yahboomcar_ws/install/yahboom_dog_example:/opt/ros/humble /usr/bin/cmake --build /home/yahboom/intro_ws/build/examples_rclcpp_minimal_action_server -- -j4 -l4
[9.461s] DEBUG:colcon.colcon_core.event_handler.log_command:Invoked command in '/home/yahboom/intro_ws/build/examples_rclcpp_cbg_executor' returned '0': CMAKE_PREFIX_PATH=${CMAKE_PREFIX_PATH}:/home/yahboom/cartoros2/install/yahboomcar_nav:/home/yahboom/cartoros2/install/yahboomcar_ctrl:/home/yahboom/cartoros2/install/yahboom_visual:/home/yahboom/cartoros2/install/yahboom_dog_joint_state:/home/yahboom/cartoros2/install/yahboom_description:/home/yahboom/cartoros2/install/yahboom_color_identify_server:/home/yahboom/cartoros2/install/yahboom_bringup:/home/yahboom/cartoros2/install/yahboom_base:/home/yahboom/cartoros2/install/yahboom_app_save_map:/home/yahboom/cartoros2/install/update_map:/home/yahboom/cartoros2/install/rosboard:/home/yahboom/cartoros2/install/path_planner_server:/home/yahboom/cartoros2/install/nav2_simple_commander:/home/yahboom/cartoros2/install/nav2_gazebo_spawner:/home/yahboom/cartoros2/install/localization_server:/home/yahboom/cartoros2/install/laserscan_to_point_pulisher:/home/yahboom/yahboomcar_ws/install/yahboom_dog_example:/opt/ros/humble /usr/bin/cmake /home/yahboom/intro_ws/src/examples/rclcpp/executors/cbg_executor -DCMAKE_INSTALL_PREFIX=/home/yahboom/intro_ws/install/examples_rclcpp_cbg_executor
[9.467s] DEBUG:colcon.colcon_core.event_handler.log_command:Invoking command in '/home/yahboom/intro_ws/build/examples_rclcpp_cbg_executor': CMAKE_PREFIX_PATH=${CMAKE_PREFIX_PATH}:/home/yahboom/cartoros2/install/yahboomcar_nav:/home/yahboom/cartoros2/install/yahboomcar_ctrl:/home/yahboom/cartoros2/install/yahboom_visual:/home/yahboom/cartoros2/install/yahboom_dog_joint_state:/home/yahboom/cartoros2/install/yahboom_description:/home/yahboom/cartoros2/install/yahboom_color_identify_server:/home/yahboom/cartoros2/install/yahboom_bringup:/home/yahboom/cartoros2/install/yahboom_base:/home/yahboom/cartoros2/install/yahboom_app_save_map:/home/yahboom/cartoros2/install/update_map:/home/yahboom/cartoros2/install/rosboard:/home/yahboom/cartoros2/install/path_planner_server:/home/yahboom/cartoros2/install/nav2_simple_commander:/home/yahboom/cartoros2/install/nav2_gazebo_spawner:/home/yahboom/cartoros2/install/localization_server:/home/yahboom/cartoros2/install/laserscan_to_point_pulisher:/home/yahboom/yahboomcar_ws/install/yahboom_dog_example:/opt/ros/humble /usr/bin/cmake --build /home/yahboom/intro_ws/build/examples_rclcpp_cbg_executor -- -j4 -l4
[9.558s] DEBUG:colcon.colcon_core.event_handler.log_command:Invoked command in '/home/yahboom/intro_ws/build/examples_rclcpp_minimal_action_client' returned '0': CMAKE_PREFIX_PATH=${CMAKE_PREFIX_PATH}:/home/yahboom/cartoros2/install/yahboomcar_nav:/home/yahboom/cartoros2/install/yahboomcar_ctrl:/home/yahboom/cartoros2/install/yahboom_visual:/home/yahboom/cartoros2/install/yahboom_dog_joint_state:/home/yahboom/cartoros2/install/yahboom_description:/home/yahboom/cartoros2/install/yahboom_color_identify_server:/home/yahboom/cartoros2/install/yahboom_bringup:/home/yahboom/cartoros2/install/yahboom_base:/home/yahboom/cartoros2/install/yahboom_app_save_map:/home/yahboom/cartoros2/install/update_map:/home/yahboom/cartoros2/install/rosboard:/home/yahboom/cartoros2/install/path_planner_server:/home/yahboom/cartoros2/install/nav2_simple_commander:/home/yahboom/cartoros2/install/nav2_gazebo_spawner:/home/yahboom/cartoros2/install/localization_server:/home/yahboom/cartoros2/install/laserscan_to_point_pulisher:/home/yahboom/yahboomcar_ws/install/yahboom_dog_example:/opt/ros/humble /usr/bin/cmake /home/yahboom/intro_ws/src/examples/rclcpp/actions/minimal_action_client -DCMAKE_INSTALL_PREFIX=/home/yahboom/intro_ws/install/examples_rclcpp_minimal_action_client
[9.565s] DEBUG:colcon.colcon_core.event_handler.log_command:Invoking command in '/home/yahboom/intro_ws/build/examples_rclcpp_minimal_action_client': CMAKE_PREFIX_PATH=${CMAKE_PREFIX_PATH}:/home/yahboom/cartoros2/install/yahboomcar_nav:/home/yahboom/cartoros2/install/yahboomcar_ctrl:/home/yahboom/cartoros2/install/yahboom_visual:/home/yahboom/cartoros2/install/yahboom_dog_joint_state:/home/yahboom/cartoros2/install/yahboom_description:/home/yahboom/cartoros2/install/yahboom_color_identify_server:/home/yahboom/cartoros2/install/yahboom_bringup:/home/yahboom/cartoros2/install/yahboom_base:/home/yahboom/cartoros2/install/yahboom_app_save_map:/home/yahboom/cartoros2/install/update_map:/home/yahboom/cartoros2/install/rosboard:/home/yahboom/cartoros2/install/path_planner_server:/home/yahboom/cartoros2/install/nav2_simple_commander:/home/yahboom/cartoros2/install/nav2_gazebo_spawner:/home/yahboom/cartoros2/install/localization_server:/home/yahboom/cartoros2/install/laserscan_to_point_pulisher:/home/yahboom/yahboomcar_ws/install/yahboom_dog_example:/opt/ros/humble /usr/bin/cmake --build /home/yahboom/intro_ws/build/examples_rclcpp_minimal_action_client -- -j4 -l4
[48.625s] DEBUG:colcon.colcon_core.event_handler.log_command:Invoked command in '/home/yahboom/intro_ws/build/examples_rclcpp_minimal_action_server' returned '0': CMAKE_PREFIX_PATH=${CMAKE_PREFIX_PATH}:/home/yahboom/cartoros2/install/yahboomcar_nav:/home/yahboom/cartoros2/install/yahboomcar_ctrl:/home/yahboom/cartoros2/install/yahboom_visual:/home/yahboom/cartoros2/install/yahboom_dog_joint_state:/home/yahboom/cartoros2/install/yahboom_description:/home/yahboom/cartoros2/install/yahboom_color_identify_server:/home/yahboom/cartoros2/install/yahboom_bringup:/home/yahboom/cartoros2/install/yahboom_base:/home/yahboom/cartoros2/install/yahboom_app_save_map:/home/yahboom/cartoros2/install/update_map:/home/yahboom/cartoros2/install/rosboard:/home/yahboom/cartoros2/install/path_planner_server:/home/yahboom/cartoros2/install/nav2_simple_commander:/home/yahboom/cartoros2/install/nav2_gazebo_spawner:/home/yahboom/cartoros2/install/localization_server:/home/yahboom/cartoros2/install/laserscan_to_point_pulisher:/home/yahboom/yahboomcar_ws/install/yahboom_dog_example:/opt/ros/humble /usr/bin/cmake --build /home/yahboom/intro_ws/build/examples_rclcpp_minimal_action_server -- -j4 -l4
[48.936s] DEBUG:colcon.colcon_core.event_handler.log_command:Invoking command in '/home/yahboom/intro_ws/build/examples_rclcpp_minimal_action_server': CMAKE_PREFIX_PATH=${CMAKE_PREFIX_PATH}:/home/yahboom/cartoros2/install/yahboomcar_nav:/home/yahboom/cartoros2/install/yahboomcar_ctrl:/home/yahboom/cartoros2/install/yahboom_visual:/home/yahboom/cartoros2/install/yahboom_dog_joint_state:/home/yahboom/cartoros2/install/yahboom_description:/home/yahboom/cartoros2/install/yahboom_color_identify_server:/home/yahboom/cartoros2/install/yahboom_bringup:/home/yahboom/cartoros2/install/yahboom_base:/home/yahboom/cartoros2/install/yahboom_app_save_map:/home/yahboom/cartoros2/install/update_map:/home/yahboom/cartoros2/install/rosboard:/home/yahboom/cartoros2/install/path_planner_server:/home/yahboom/cartoros2/install/nav2_simple_commander:/home/yahboom/cartoros2/install/nav2_gazebo_spawner:/home/yahboom/cartoros2/install/localization_server:/home/yahboom/cartoros2/install/laserscan_to_point_pulisher:/home/yahboom/yahboomcar_ws/install/yahboom_dog_example:/opt/ros/humble /usr/bin/cmake --install /home/yahboom/intro_ws/build/examples_rclcpp_minimal_action_server
[49.049s] DEBUG:colcon.colcon_core.event_handler.log_command:Invoked command in '/home/yahboom/intro_ws/build/examples_rclcpp_async_client' returned '0': CMAKE_PREFIX_PATH=${CMAKE_PREFIX_PATH}:/home/yahboom/cartoros2/install/yahboomcar_nav:/home/yahboom/cartoros2/install/yahboomcar_ctrl:/home/yahboom/cartoros2/install/yahboom_visual:/home/yahboom/cartoros2/install/yahboom_dog_joint_state:/home/yahboom/cartoros2/install/yahboom_description:/home/yahboom/cartoros2/install/yahboom_color_identify_server:/home/yahboom/cartoros2/install/yahboom_bringup:/home/yahboom/cartoros2/install/yahboom_base:/home/yahboom/cartoros2/install/yahboom_app_save_map:/home/yahboom/cartoros2/install/update_map:/home/yahboom/cartoros2/install/rosboard:/home/yahboom/cartoros2/install/path_planner_server:/home/yahboom/cartoros2/install/nav2_simple_commander:/home/yahboom/cartoros2/install/nav2_gazebo_spawner:/home/yahboom/cartoros2/install/localization_server:/home/yahboom/cartoros2/install/laserscan_to_point_pulisher:/home/yahboom/yahboomcar_ws/install/yahboom_dog_example:/opt/ros/humble /usr/bin/cmake --build /home/yahboom/intro_ws/build/examples_rclcpp_async_client -- -j4 -l4
[49.067s] DEBUG:colcon.colcon_core.event_handler.log_command:Invoking command in '/home/yahboom/intro_ws/build/examples_rclcpp_async_client': CMAKE_PREFIX_PATH=${CMAKE_PREFIX_PATH}:/home/yahboom/cartoros2/install/yahboomcar_nav:/home/yahboom/cartoros2/install/yahboomcar_ctrl:/home/yahboom/cartoros2/install/yahboom_visual:/home/yahboom/cartoros2/install/yahboom_dog_joint_state:/home/yahboom/cartoros2/install/yahboom_description:/home/yahboom/cartoros2/install/yahboom_color_identify_server:/home/yahboom/cartoros2/install/yahboom_bringup:/home/yahboom/cartoros2/install/yahboom_base:/home/yahboom/cartoros2/install/yahboom_app_save_map:/home/yahboom/cartoros2/install/update_map:/home/yahboom/cartoros2/install/rosboard:/home/yahboom/cartoros2/install/path_planner_server:/home/yahboom/cartoros2/install/nav2_simple_commander:/home/yahboom/cartoros2/install/nav2_gazebo_spawner:/home/yahboom/cartoros2/install/localization_server:/home/yahboom/cartoros2/install/laserscan_to_point_pulisher:/home/yahboom/yahboomcar_ws/install/yahboom_dog_example:/opt/ros/humble /usr/bin/cmake --install /home/yahboom/intro_ws/build/examples_rclcpp_async_client
[49.136s] DEBUG:colcon.colcon_core.event_handler.log_command:Invoked command in '/home/yahboom/intro_ws/build/examples_rclcpp_minimal_action_server' returned '0': CMAKE_PREFIX_PATH=${CMAKE_PREFIX_PATH}:/home/yahboom/cartoros2/install/yahboomcar_nav:/home/yahboom/cartoros2/install/yahboomcar_ctrl:/home/yahboom/cartoros2/install/yahboom_visual:/home/yahboom/cartoros2/install/yahboom_dog_joint_state:/home/yahboom/cartoros2/install/yahboom_description:/home/yahboom/cartoros2/install/yahboom_color_identify_server:/home/yahboom/cartoros2/install/yahboom_bringup:/home/yahboom/cartoros2/install/yahboom_base:/home/yahboom/cartoros2/install/yahboom_app_save_map:/home/yahboom/cartoros2/install/update_map:/home/yahboom/cartoros2/install/rosboard:/home/yahboom/cartoros2/install/path_planner_server:/home/yahboom/cartoros2/install/nav2_simple_commander:/home/yahboom/cartoros2/install/nav2_gazebo_spawner:/home/yahboom/cartoros2/install/localization_server:/home/yahboom/cartoros2/install/laserscan_to_point_pulisher:/home/yahboom/yahboomcar_ws/install/yahboom_dog_example:/opt/ros/humble /usr/bin/cmake --install /home/yahboom/intro_ws/build/examples_rclcpp_minimal_action_server
[49.145s] Level 1:colcon.colcon_core.environment:create_environment_scripts_only(examples_rclcpp_minimal_action_server)
[49.368s] Level 1:colcon.colcon_core.environment:checking '/home/yahboom/intro_ws/install/examples_rclcpp_minimal_action_server' for CMake module files
[49.371s] Level 1:colcon.colcon_core.environment:checking '/home/yahboom/intro_ws/install/examples_rclcpp_minimal_action_server' for CMake config files
[49.379s] Level 1:colcon.colcon_core.shell:create_environment_hook('examples_rclcpp_minimal_action_server', 'cmake_prefix_path')
[49.389s] INFO:colcon.colcon_core.shell:Creating environment hook '/home/yahboom/intro_ws/install/examples_rclcpp_minimal_action_server/share/examples_rclcpp_minimal_action_server/hook/cmake_prefix_path.ps1'
[49.451s] INFO:colcon.colcon_core.shell:Creating environment descriptor '/home/yahboom/intro_ws/install/examples_rclcpp_minimal_action_server/share/examples_rclcpp_minimal_action_server/hook/cmake_prefix_path.dsv'
[49.459s] INFO:colcon.colcon_core.shell:Creating environment hook '/home/yahboom/intro_ws/install/examples_rclcpp_minimal_action_server/share/examples_rclcpp_minimal_action_server/hook/cmake_prefix_path.sh'
[49.483s] Level 1:colcon.colcon_core.environment:checking '/home/yahboom/intro_ws/install/examples_rclcpp_minimal_action_server/lib'
[49.486s] Level 1:colcon.colcon_core.environment:checking '/home/yahboom/intro_ws/install/examples_rclcpp_minimal_action_server/bin'
[49.486s] Level 1:colcon.colcon_core.environment:checking '/home/yahboom/intro_ws/install/examples_rclcpp_minimal_action_server/lib/pkgconfig/examples_rclcpp_minimal_action_server.pc'
[49.511s] Level 1:colcon.colcon_core.environment:checking '/home/yahboom/intro_ws/install/examples_rclcpp_minimal_action_server/lib/python3.10/site-packages'
[49.512s] Level 1:colcon.colcon_core.environment:checking '/home/yahboom/intro_ws/install/examples_rclcpp_minimal_action_server/bin'
[49.517s] INFO:colcon.colcon_core.shell:Creating package script '/home/yahboom/intro_ws/install/examples_rclcpp_minimal_action_server/share/examples_rclcpp_minimal_action_server/package.ps1'
[49.527s] INFO:colcon.colcon_core.shell:Creating package descriptor '/home/yahboom/intro_ws/install/examples_rclcpp_minimal_action_server/share/examples_rclcpp_minimal_action_server/package.dsv'
[49.533s] INFO:colcon.colcon_core.shell:Creating package script '/home/yahboom/intro_ws/install/examples_rclcpp_minimal_action_server/share/examples_rclcpp_minimal_action_server/package.sh'
[49.539s] INFO:colcon.colcon_core.shell:Creating package script '/home/yahboom/intro_ws/install/examples_rclcpp_minimal_action_server/share/examples_rclcpp_minimal_action_server/package.bash'
[49.551s] INFO:colcon.colcon_core.shell:Creating package script '/home/yahboom/intro_ws/install/examples_rclcpp_minimal_action_server/share/examples_rclcpp_minimal_action_server/package.zsh'
[49.563s] Level 1:colcon.colcon_core.environment:create_file_with_runtime_dependencies(/home/yahboom/intro_ws/install/examples_rclcpp_minimal_action_server/share/colcon-core/packages/examples_rclcpp_minimal_action_server)
[49.602s] Level 1:colcon.colcon_core.environment:create_environment_scripts_only(examples_rclcpp_minimal_action_server)
[49.605s] Level 1:colcon.colcon_core.environment:checking '/home/yahboom/intro_ws/install/examples_rclcpp_minimal_action_server' for CMake module files
[49.606s] Level 1:colcon.colcon_core.environment:checking '/home/yahboom/intro_ws/install/examples_rclcpp_minimal_action_server' for CMake config files
[49.607s] Level 1:colcon.colcon_core.shell:create_environment_hook('examples_rclcpp_minimal_action_server', 'cmake_prefix_path')
[49.612s] INFO:colcon.colcon_core.shell:Creating environment hook '/home/yahboom/intro_ws/install/examples_rclcpp_minimal_action_server/share/examples_rclcpp_minimal_action_server/hook/cmake_prefix_path.ps1'
[49.622s] INFO:colcon.colcon_core.shell:Creating environment descriptor '/home/yahboom/intro_ws/install/examples_rclcpp_minimal_action_server/share/examples_rclcpp_minimal_action_server/hook/cmake_prefix_path.dsv'
[49.627s] INFO:colcon.colcon_core.shell:Creating environment hook '/home/yahboom/intro_ws/install/examples_rclcpp_minimal_action_server/share/examples_rclcpp_minimal_action_server/hook/cmake_prefix_path.sh'
[49.637s] Level 1:colcon.colcon_core.environment:checking '/home/yahboom/intro_ws/install/examples_rclcpp_minimal_action_server/lib'
[49.638s] Level 1:colcon.colcon_core.environment:checking '/home/yahboom/intro_ws/install/examples_rclcpp_minimal_action_server/bin'
[49.638s] Level 1:colcon.colcon_core.environment:checking '/home/yahboom/intro_ws/install/examples_rclcpp_minimal_action_server/lib/pkgconfig/examples_rclcpp_minimal_action_server.pc'
[49.638s] Level 1:colcon.colcon_core.environment:checking '/home/yahboom/intro_ws/install/examples_rclcpp_minimal_action_server/lib/python3.10/site-packages'
[49.639s] Level 1:colcon.colcon_core.environment:checking '/home/yahboom/intro_ws/install/examples_rclcpp_minimal_action_server/bin'
[49.640s] INFO:colcon.colcon_core.shell:Creating package script '/home/yahboom/intro_ws/install/examples_rclcpp_minimal_action_server/share/examples_rclcpp_minimal_action_server/package.ps1'
[49.642s] INFO:colcon.colcon_core.shell:Creating package descriptor '/home/yahboom/intro_ws/install/examples_rclcpp_minimal_action_server/share/examples_rclcpp_minimal_action_server/package.dsv'
[49.644s] INFO:colcon.colcon_core.shell:Creating package script '/home/yahboom/intro_ws/install/examples_rclcpp_minimal_action_server/share/examples_rclcpp_minimal_action_server/package.sh'
[49.645s] INFO:colcon.colcon_core.shell:Creating package script '/home/yahboom/intro_ws/install/examples_rclcpp_minimal_action_server/share/examples_rclcpp_minimal_action_server/package.bash'
[49.650s] INFO:colcon.colcon_core.shell:Creating package script '/home/yahboom/intro_ws/install/examples_rclcpp_minimal_action_server/share/examples_rclcpp_minimal_action_server/package.zsh'
[49.652s] Level 1:colcon.colcon_core.environment:create_file_with_runtime_dependencies(/home/yahboom/intro_ws/install/examples_rclcpp_minimal_action_server/share/colcon-core/packages/examples_rclcpp_minimal_action_server)
[49.676s] INFO:colcon.colcon_ros.task.ament_cmake.build:Building ROS package in '/home/yahboom/intro_ws/src/examples/rclcpp/services/minimal_client' with build type 'ament_cmake'
[49.677s] INFO:colcon.colcon_cmake.task.cmake.build:Building CMake package in '/home/yahboom/intro_ws/src/examples/rclcpp/services/minimal_client'
[49.679s] INFO:colcon.colcon_core.shell:Skip shell extension 'powershell' for command environment: Not usable outside of PowerShell
[49.679s] DEBUG:colcon.colcon_core.shell:Skip shell extension 'dsv' for command environment
[50.096s] Level 1:colcon.colcon_core.environment:create_environment_scripts_only(examples_rclcpp_async_client)
[50.100s] Level 1:colcon.colcon_core.environment:checking '/home/yahboom/intro_ws/install/examples_rclcpp_async_client' for CMake module files
[50.102s] Level 1:colcon.colcon_core.environment:checking '/home/yahboom/intro_ws/install/examples_rclcpp_async_client' for CMake config files
[50.102s] Level 1:colcon.colcon_core.shell:create_environment_hook('examples_rclcpp_async_client', 'cmake_prefix_path')
[50.103s] INFO:colcon.colcon_core.shell:Creating environment hook '/home/yahboom/intro_ws/install/examples_rclcpp_async_client/share/examples_rclcpp_async_client/hook/cmake_prefix_path.ps1'
[50.101s] DEBUG:colcon.colcon_core.event_handler.log_command:Invoked command in '/home/yahboom/intro_ws/build/examples_rclcpp_async_client' returned '0': CMAKE_PREFIX_PATH=${CMAKE_PREFIX_PATH}:/home/yahboom/cartoros2/install/yahboomcar_nav:/home/yahboom/cartoros2/install/yahboomcar_ctrl:/home/yahboom/cartoros2/install/yahboom_visual:/home/yahboom/cartoros2/install/yahboom_dog_joint_state:/home/yahboom/cartoros2/install/yahboom_description:/home/yahboom/cartoros2/install/yahboom_color_identify_server:/home/yahboom/cartoros2/install/yahboom_bringup:/home/yahboom/cartoros2/install/yahboom_base:/home/yahboom/cartoros2/install/yahboom_app_save_map:/home/yahboom/cartoros2/install/update_map:/home/yahboom/cartoros2/install/rosboard:/home/yahboom/cartoros2/install/path_planner_server:/home/yahboom/cartoros2/install/nav2_simple_commander:/home/yahboom/cartoros2/install/nav2_gazebo_spawner:/home/yahboom/cartoros2/install/localization_server:/home/yahboom/cartoros2/install/laserscan_to_point_pulisher:/home/yahboom/yahboomcar_ws/install/yahboom_dog_example:/opt/ros/humble /usr/bin/cmake --install /home/yahboom/intro_ws/build/examples_rclcpp_async_client
[50.107s] INFO:colcon.colcon_core.shell:Creating environment descriptor '/home/yahboom/intro_ws/install/examples_rclcpp_async_client/share/examples_rclcpp_async_client/hook/cmake_prefix_path.dsv'
[50.108s] INFO:colcon.colcon_core.shell:Creating environment hook '/home/yahboom/intro_ws/install/examples_rclcpp_async_client/share/examples_rclcpp_async_client/hook/cmake_prefix_path.sh'
[50.118s] Level 1:colcon.colcon_core.environment:checking '/home/yahboom/intro_ws/install/examples_rclcpp_async_client/lib'
[50.118s] Level 1:colcon.colcon_core.environment:checking '/home/yahboom/intro_ws/install/examples_rclcpp_async_client/bin'
[50.118s] Level 1:colcon.colcon_core.environment:checking '/home/yahboom/intro_ws/install/examples_rclcpp_async_client/lib/pkgconfig/examples_rclcpp_async_client.pc'
[50.119s] Level 1:colcon.colcon_core.environment:checking '/home/yahboom/intro_ws/install/examples_rclcpp_async_client/lib/python3.10/site-packages'
[50.121s] Level 1:colcon.colcon_core.environment:checking '/home/yahboom/intro_ws/install/examples_rclcpp_async_client/bin'
[50.123s] INFO:colcon.colcon_core.shell:Creating package script '/home/yahboom/intro_ws/install/examples_rclcpp_async_client/share/examples_rclcpp_async_client/package.ps1'
[50.124s] INFO:colcon.colcon_core.shell:Creating package descriptor '/home/yahboom/intro_ws/install/examples_rclcpp_async_client/share/examples_rclcpp_async_client/package.dsv'
[50.133s] INFO:colcon.colcon_core.shell:Creating package script '/home/yahboom/intro_ws/install/examples_rclcpp_async_client/share/examples_rclcpp_async_client/package.sh'
[50.135s] INFO:colcon.colcon_core.shell:Creating package script '/home/yahboom/intro_ws/install/examples_rclcpp_async_client/share/examples_rclcpp_async_client/package.bash'
[50.139s] INFO:colcon.colcon_core.shell:Creating package script '/home/yahboom/intro_ws/install/examples_rclcpp_async_client/share/examples_rclcpp_async_client/package.zsh'
[50.141s] Level 1:colcon.colcon_core.environment:create_file_with_runtime_dependencies(/home/yahboom/intro_ws/install/examples_rclcpp_async_client/share/colcon-core/packages/examples_rclcpp_async_client)
[50.147s] Level 1:colcon.colcon_core.environment:create_environment_scripts_only(examples_rclcpp_async_client)
[50.150s] Level 1:colcon.colcon_core.environment:checking '/home/yahboom/intro_ws/install/examples_rclcpp_async_client' for CMake module files
[50.155s] Level 1:colcon.colcon_core.environment:checking '/home/yahboom/intro_ws/install/examples_rclcpp_async_client' for CMake config files
[50.156s] Level 1:colcon.colcon_core.shell:create_environment_hook('examples_rclcpp_async_client', 'cmake_prefix_path')
[50.156s] INFO:colcon.colcon_core.shell:Creating environment hook '/home/yahboom/intro_ws/install/examples_rclcpp_async_client/share/examples_rclcpp_async_client/hook/cmake_prefix_path.ps1'
[50.158s] INFO:colcon.colcon_core.shell:Creating environment descriptor '/home/yahboom/intro_ws/install/examples_rclcpp_async_client/share/examples_rclcpp_async_client/hook/cmake_prefix_path.dsv'
[50.162s] INFO:colcon.colcon_core.shell:Creating environment hook '/home/yahboom/intro_ws/install/examples_rclcpp_async_client/share/examples_rclcpp_async_client/hook/cmake_prefix_path.sh'
[50.164s] Level 1:colcon.colcon_core.environment:checking '/home/yahboom/intro_ws/install/examples_rclcpp_async_client/lib'
[50.167s] Level 1:colcon.colcon_core.environment:checking '/home/yahboom/intro_ws/install/examples_rclcpp_async_client/bin'
[50.168s] Level 1:colcon.colcon_core.environment:checking '/home/yahboom/intro_ws/install/examples_rclcpp_async_client/lib/pkgconfig/examples_rclcpp_async_client.pc'
[50.168s] Level 1:colcon.colcon_core.environment:checking '/home/yahboom/intro_ws/install/examples_rclcpp_async_client/lib/python3.10/site-packages'
[50.169s] Level 1:colcon.colcon_core.environment:checking '/home/yahboom/intro_ws/install/examples_rclcpp_async_client/bin'
[50.169s] INFO:colcon.colcon_core.shell:Creating package script '/home/yahboom/intro_ws/install/examples_rclcpp_async_client/share/examples_rclcpp_async_client/package.ps1'
[50.171s] INFO:colcon.colcon_core.shell:Creating package descriptor '/home/yahboom/intro_ws/install/examples_rclcpp_async_client/share/examples_rclcpp_async_client/package.dsv'
[50.173s] INFO:colcon.colcon_core.shell:Creating package script '/home/yahboom/intro_ws/install/examples_rclcpp_async_client/share/examples_rclcpp_async_client/package.sh'
[50.176s] INFO:colcon.colcon_core.shell:Creating package script '/home/yahboom/intro_ws/install/examples_rclcpp_async_client/share/examples_rclcpp_async_client/package.bash'
[50.177s] INFO:colcon.colcon_core.shell:Creating package script '/home/yahboom/intro_ws/install/examples_rclcpp_async_client/share/examples_rclcpp_async_client/package.zsh'
[50.179s] Level 1:colcon.colcon_core.environment:create_file_with_runtime_dependencies(/home/yahboom/intro_ws/install/examples_rclcpp_async_client/share/colcon-core/packages/examples_rclcpp_async_client)
[50.194s] INFO:colcon.colcon_ros.task.ament_cmake.build:Building ROS package in '/home/yahboom/intro_ws/src/examples/rclcpp/composition/minimal_composition' with build type 'ament_cmake'
[50.195s] INFO:colcon.colcon_cmake.task.cmake.build:Building CMake package in '/home/yahboom/intro_ws/src/examples/rclcpp/composition/minimal_composition'
[50.198s] INFO:colcon.colcon_core.shell:Skip shell extension 'powershell' for command environment: Not usable outside of PowerShell
[50.199s] DEBUG:colcon.colcon_core.shell:Skip shell extension 'dsv' for command environment
[50.293s] DEBUG:colcon.colcon_core.event_handler.log_command:Invoking command in '/home/yahboom/intro_ws/build/examples_rclcpp_minimal_client': CMAKE_PREFIX_PATH=${CMAKE_PREFIX_PATH}:/home/yahboom/cartoros2/install/yahboomcar_nav:/home/yahboom/cartoros2/install/yahboomcar_ctrl:/home/yahboom/cartoros2/install/yahboom_visual:/home/yahboom/cartoros2/install/yahboom_dog_joint_state:/home/yahboom/cartoros2/install/yahboom_description:/home/yahboom/cartoros2/install/yahboom_color_identify_server:/home/yahboom/cartoros2/install/yahboom_bringup:/home/yahboom/cartoros2/install/yahboom_base:/home/yahboom/cartoros2/install/yahboom_app_save_map:/home/yahboom/cartoros2/install/update_map:/home/yahboom/cartoros2/install/rosboard:/home/yahboom/cartoros2/install/path_planner_server:/home/yahboom/cartoros2/install/nav2_simple_commander:/home/yahboom/cartoros2/install/nav2_gazebo_spawner:/home/yahboom/cartoros2/install/localization_server:/home/yahboom/cartoros2/install/laserscan_to_point_pulisher:/home/yahboom/yahboomcar_ws/install/yahboom_dog_example:/opt/ros/humble /usr/bin/cmake /home/yahboom/intro_ws/src/examples/rclcpp/services/minimal_client -DCMAKE_INSTALL_PREFIX=/home/yahboom/intro_ws/install/examples_rclcpp_minimal_client
[50.324s] DEBUG:colcon.colcon_core.event_handler.log_command:Invoking command in '/home/yahboom/intro_ws/build/examples_rclcpp_minimal_composition': CMAKE_PREFIX_PATH=${CMAKE_PREFIX_PATH}:/home/yahboom/cartoros2/install/yahboomcar_nav:/home/yahboom/cartoros2/install/yahboomcar_ctrl:/home/yahboom/cartoros2/install/yahboom_visual:/home/yahboom/cartoros2/install/yahboom_dog_joint_state:/home/yahboom/cartoros2/install/yahboom_description:/home/yahboom/cartoros2/install/yahboom_color_identify_server:/home/yahboom/cartoros2/install/yahboom_bringup:/home/yahboom/cartoros2/install/yahboom_base:/home/yahboom/cartoros2/install/yahboom_app_save_map:/home/yahboom/cartoros2/install/update_map:/home/yahboom/cartoros2/install/rosboard:/home/yahboom/cartoros2/install/path_planner_server:/home/yahboom/cartoros2/install/nav2_simple_commander:/home/yahboom/cartoros2/install/nav2_gazebo_spawner:/home/yahboom/cartoros2/install/localization_server:/home/yahboom/cartoros2/install/laserscan_to_point_pulisher:/home/yahboom/yahboomcar_ws/install/yahboom_dog_example:/opt/ros/humble /usr/bin/cmake /home/yahboom/intro_ws/src/examples/rclcpp/composition/minimal_composition -DCMAKE_INSTALL_PREFIX=/home/yahboom/intro_ws/install/examples_rclcpp_minimal_composition
[50.640s] DEBUG:colcon.colcon_core.event_handler.log_command:Invoked command in '/home/yahboom/intro_ws/build/examples_rclcpp_minimal_action_client' returned '0': CMAKE_PREFIX_PATH=${CMAKE_PREFIX_PATH}:/home/yahboom/cartoros2/install/yahboomcar_nav:/home/yahboom/cartoros2/install/yahboomcar_ctrl:/home/yahboom/cartoros2/install/yahboom_visual:/home/yahboom/cartoros2/install/yahboom_dog_joint_state:/home/yahboom/cartoros2/install/yahboom_description:/home/yahboom/cartoros2/install/yahboom_color_identify_server:/home/yahboom/cartoros2/install/yahboom_bringup:/home/yahboom/cartoros2/install/yahboom_base:/home/yahboom/cartoros2/install/yahboom_app_save_map:/home/yahboom/cartoros2/install/update_map:/home/yahboom/cartoros2/install/rosboard:/home/yahboom/cartoros2/install/path_planner_server:/home/yahboom/cartoros2/install/nav2_simple_commander:/home/yahboom/cartoros2/install/nav2_gazebo_spawner:/home/yahboom/cartoros2/install/localization_server:/home/yahboom/cartoros2/install/laserscan_to_point_pulisher:/home/yahboom/yahboomcar_ws/install/yahboom_dog_example:/opt/ros/humble /usr/bin/cmake --build /home/yahboom/intro_ws/build/examples_rclcpp_minimal_action_client -- -j4 -l4
[50.648s] DEBUG:colcon.colcon_core.event_handler.log_command:Invoking command in '/home/yahboom/intro_ws/build/examples_rclcpp_minimal_action_client': CMAKE_PREFIX_PATH=${CMAKE_PREFIX_PATH}:/home/yahboom/cartoros2/install/yahboomcar_nav:/home/yahboom/cartoros2/install/yahboomcar_ctrl:/home/yahboom/cartoros2/install/yahboom_visual:/home/yahboom/cartoros2/install/yahboom_dog_joint_state:/home/yahboom/cartoros2/install/yahboom_description:/home/yahboom/cartoros2/install/yahboom_color_identify_server:/home/yahboom/cartoros2/install/yahboom_bringup:/home/yahboom/cartoros2/install/yahboom_base:/home/yahboom/cartoros2/install/yahboom_app_save_map:/home/yahboom/cartoros2/install/update_map:/home/yahboom/cartoros2/install/rosboard:/home/yahboom/cartoros2/install/path_planner_server:/home/yahboom/cartoros2/install/nav2_simple_commander:/home/yahboom/cartoros2/install/nav2_gazebo_spawner:/home/yahboom/cartoros2/install/localization_server:/home/yahboom/cartoros2/install/laserscan_to_point_pulisher:/home/yahboom/yahboomcar_ws/install/yahboom_dog_example:/opt/ros/humble /usr/bin/cmake --install /home/yahboom/intro_ws/build/examples_rclcpp_minimal_action_client
[50.761s] Level 1:colcon.colcon_core.environment:create_environment_scripts_only(examples_rclcpp_minimal_action_client)
[50.761s] Level 1:colcon.colcon_core.environment:checking '/home/yahboom/intro_ws/install/examples_rclcpp_minimal_action_client' for CMake module files
[50.763s] DEBUG:colcon.colcon_core.event_handler.log_command:Invoked command in '/home/yahboom/intro_ws/build/examples_rclcpp_minimal_action_client' returned '0': CMAKE_PREFIX_PATH=${CMAKE_PREFIX_PATH}:/home/yahboom/cartoros2/install/yahboomcar_nav:/home/yahboom/cartoros2/install/yahboomcar_ctrl:/home/yahboom/cartoros2/install/yahboom_visual:/home/yahboom/cartoros2/install/yahboom_dog_joint_state:/home/yahboom/cartoros2/install/yahboom_description:/home/yahboom/cartoros2/install/yahboom_color_identify_server:/home/yahboom/cartoros2/install/yahboom_bringup:/home/yahboom/cartoros2/install/yahboom_base:/home/yahboom/cartoros2/install/yahboom_app_save_map:/home/yahboom/cartoros2/install/update_map:/home/yahboom/cartoros2/install/rosboard:/home/yahboom/cartoros2/install/path_planner_server:/home/yahboom/cartoros2/install/nav2_simple_commander:/home/yahboom/cartoros2/install/nav2_gazebo_spawner:/home/yahboom/cartoros2/install/localization_server:/home/yahboom/cartoros2/install/laserscan_to_point_pulisher:/home/yahboom/yahboomcar_ws/install/yahboom_dog_example:/opt/ros/humble /usr/bin/cmake --install /home/yahboom/intro_ws/build/examples_rclcpp_minimal_action_client
[50.763s] Level 1:colcon.colcon_core.environment:checking '/home/yahboom/intro_ws/install/examples_rclcpp_minimal_action_client' for CMake config files
[50.764s] Level 1:colcon.colcon_core.shell:create_environment_hook('examples_rclcpp_minimal_action_client', 'cmake_prefix_path')
[50.767s] INFO:colcon.colcon_core.shell:Creating environment hook '/home/yahboom/intro_ws/install/examples_rclcpp_minimal_action_client/share/examples_rclcpp_minimal_action_client/hook/cmake_prefix_path.ps1'
[50.769s] INFO:colcon.colcon_core.shell:Creating environment descriptor '/home/yahboom/intro_ws/install/examples_rclcpp_minimal_action_client/share/examples_rclcpp_minimal_action_client/hook/cmake_prefix_path.dsv'
[50.770s] INFO:colcon.colcon_core.shell:Creating environment hook '/home/yahboom/intro_ws/install/examples_rclcpp_minimal_action_client/share/examples_rclcpp_minimal_action_client/hook/cmake_prefix_path.sh'
[50.771s] Level 1:colcon.colcon_core.environment:checking '/home/yahboom/intro_ws/install/examples_rclcpp_minimal_action_client/lib'
[50.774s] Level 1:colcon.colcon_core.environment:checking '/home/yahboom/intro_ws/install/examples_rclcpp_minimal_action_client/bin'
[50.774s] Level 1:colcon.colcon_core.environment:checking '/home/yahboom/intro_ws/install/examples_rclcpp_minimal_action_client/lib/pkgconfig/examples_rclcpp_minimal_action_client.pc'
[50.775s] Level 1:colcon.colcon_core.environment:checking '/home/yahboom/intro_ws/install/examples_rclcpp_minimal_action_client/lib/python3.10/site-packages'
[50.776s] Level 1:colcon.colcon_core.environment:checking '/home/yahboom/intro_ws/install/examples_rclcpp_minimal_action_client/bin'
[50.779s] INFO:colcon.colcon_core.shell:Creating package script '/home/yahboom/intro_ws/install/examples_rclcpp_minimal_action_client/share/examples_rclcpp_minimal_action_client/package.ps1'
[50.783s] INFO:colcon.colcon_core.shell:Creating package descriptor '/home/yahboom/intro_ws/install/examples_rclcpp_minimal_action_client/share/examples_rclcpp_minimal_action_client/package.dsv'
[50.784s] INFO:colcon.colcon_core.shell:Creating package script '/home/yahboom/intro_ws/install/examples_rclcpp_minimal_action_client/share/examples_rclcpp_minimal_action_client/package.sh'
[50.786s] INFO:colcon.colcon_core.shell:Creating package script '/home/yahboom/intro_ws/install/examples_rclcpp_minimal_action_client/share/examples_rclcpp_minimal_action_client/package.bash'
[50.786s] INFO:colcon.colcon_core.shell:Creating package script '/home/yahboom/intro_ws/install/examples_rclcpp_minimal_action_client/share/examples_rclcpp_minimal_action_client/package.zsh'
[50.787s] Level 1:colcon.colcon_core.environment:create_file_with_runtime_dependencies(/home/yahboom/intro_ws/install/examples_rclcpp_minimal_action_client/share/colcon-core/packages/examples_rclcpp_minimal_action_client)
[50.793s] Level 1:colcon.colcon_core.environment:create_environment_scripts_only(examples_rclcpp_minimal_action_client)
[50.794s] Level 1:colcon.colcon_core.environment:checking '/home/yahboom/intro_ws/install/examples_rclcpp_minimal_action_client' for CMake module files
[50.795s] Level 1:colcon.colcon_core.environment:checking '/home/yahboom/intro_ws/install/examples_rclcpp_minimal_action_client' for CMake config files
[50.799s] Level 1:colcon.colcon_core.shell:create_environment_hook('examples_rclcpp_minimal_action_client', 'cmake_prefix_path')
[50.803s] INFO:colcon.colcon_core.shell:Creating environment hook '/home/yahboom/intro_ws/install/examples_rclcpp_minimal_action_client/share/examples_rclcpp_minimal_action_client/hook/cmake_prefix_path.ps1'
[50.804s] INFO:colcon.colcon_core.shell:Creating environment descriptor '/home/yahboom/intro_ws/install/examples_rclcpp_minimal_action_client/share/examples_rclcpp_minimal_action_client/hook/cmake_prefix_path.dsv'
[50.807s] INFO:colcon.colcon_core.shell:Creating environment hook '/home/yahboom/intro_ws/install/examples_rclcpp_minimal_action_client/share/examples_rclcpp_minimal_action_client/hook/cmake_prefix_path.sh'
[50.811s] Level 1:colcon.colcon_core.environment:checking '/home/yahboom/intro_ws/install/examples_rclcpp_minimal_action_client/lib'
[50.811s] Level 1:colcon.colcon_core.environment:checking '/home/yahboom/intro_ws/install/examples_rclcpp_minimal_action_client/bin'
[50.811s] Level 1:colcon.colcon_core.environment:checking '/home/yahboom/intro_ws/install/examples_rclcpp_minimal_action_client/lib/pkgconfig/examples_rclcpp_minimal_action_client.pc'
[50.811s] Level 1:colcon.colcon_core.environment:checking '/home/yahboom/intro_ws/install/examples_rclcpp_minimal_action_client/lib/python3.10/site-packages'
[50.812s] Level 1:colcon.colcon_core.environment:checking '/home/yahboom/intro_ws/install/examples_rclcpp_minimal_action_client/bin'
[50.818s] INFO:colcon.colcon_core.shell:Creating package script '/home/yahboom/intro_ws/install/examples_rclcpp_minimal_action_client/share/examples_rclcpp_minimal_action_client/package.ps1'
[50.820s] INFO:colcon.colcon_core.shell:Creating package descriptor '/home/yahboom/intro_ws/install/examples_rclcpp_minimal_action_client/share/examples_rclcpp_minimal_action_client/package.dsv'
[50.821s] INFO:colcon.colcon_core.shell:Creating package script '/home/yahboom/intro_ws/install/examples_rclcpp_minimal_action_client/share/examples_rclcpp_minimal_action_client/package.sh'
[50.827s] INFO:colcon.colcon_core.shell:Creating package script '/home/yahboom/intro_ws/install/examples_rclcpp_minimal_action_client/share/examples_rclcpp_minimal_action_client/package.bash'
[50.828s] INFO:colcon.colcon_core.shell:Creating package script '/home/yahboom/intro_ws/install/examples_rclcpp_minimal_action_client/share/examples_rclcpp_minimal_action_client/package.zsh'
[50.833s] Level 1:colcon.colcon_core.environment:create_file_with_runtime_dependencies(/home/yahboom/intro_ws/install/examples_rclcpp_minimal_action_client/share/colcon-core/packages/examples_rclcpp_minimal_action_client)
[50.839s] INFO:colcon.colcon_ros.task.ament_cmake.build:Building ROS package in '/home/yahboom/intro_ws/src/examples/rclcpp/topics/minimal_publisher' with build type 'ament_cmake'
[50.842s] INFO:colcon.colcon_cmake.task.cmake.build:Building CMake package in '/home/yahboom/intro_ws/src/examples/rclcpp/topics/minimal_publisher'
[50.844s] INFO:colcon.colcon_core.shell:Skip shell extension 'powershell' for command environment: Not usable outside of PowerShell
[50.845s] DEBUG:colcon.colcon_core.shell:Skip shell extension 'dsv' for command environment
[50.965s] DEBUG:colcon.colcon_core.event_handler.log_command:Invoking command in '/home/yahboom/intro_ws/build/examples_rclcpp_minimal_publisher': CMAKE_PREFIX_PATH=${CMAKE_PREFIX_PATH}:/home/yahboom/cartoros2/install/yahboomcar_nav:/home/yahboom/cartoros2/install/yahboomcar_ctrl:/home/yahboom/cartoros2/install/yahboom_visual:/home/yahboom/cartoros2/install/yahboom_dog_joint_state:/home/yahboom/cartoros2/install/yahboom_description:/home/yahboom/cartoros2/install/yahboom_color_identify_server:/home/yahboom/cartoros2/install/yahboom_bringup:/home/yahboom/cartoros2/install/yahboom_base:/home/yahboom/cartoros2/install/yahboom_app_save_map:/home/yahboom/cartoros2/install/update_map:/home/yahboom/cartoros2/install/rosboard:/home/yahboom/cartoros2/install/path_planner_server:/home/yahboom/cartoros2/install/nav2_simple_commander:/home/yahboom/cartoros2/install/nav2_gazebo_spawner:/home/yahboom/cartoros2/install/localization_server:/home/yahboom/cartoros2/install/laserscan_to_point_pulisher:/home/yahboom/yahboomcar_ws/install/yahboom_dog_example:/opt/ros/humble /usr/bin/cmake /home/yahboom/intro_ws/src/examples/rclcpp/topics/minimal_publisher -DCMAKE_INSTALL_PREFIX=/home/yahboom/intro_ws/install/examples_rclcpp_minimal_publisher
[60.104s] DEBUG:colcon.colcon_core.event_handler.log_command:Invoked command in '/home/yahboom/intro_ws/build/examples_rclcpp_minimal_client' returned '0': CMAKE_PREFIX_PATH=${CMAKE_PREFIX_PATH}:/home/yahboom/cartoros2/install/yahboomcar_nav:/home/yahboom/cartoros2/install/yahboomcar_ctrl:/home/yahboom/cartoros2/install/yahboom_visual:/home/yahboom/cartoros2/install/yahboom_dog_joint_state:/home/yahboom/cartoros2/install/yahboom_description:/home/yahboom/cartoros2/install/yahboom_color_identify_server:/home/yahboom/cartoros2/install/yahboom_bringup:/home/yahboom/cartoros2/install/yahboom_base:/home/yahboom/cartoros2/install/yahboom_app_save_map:/home/yahboom/cartoros2/install/update_map:/home/yahboom/cartoros2/install/rosboard:/home/yahboom/cartoros2/install/path_planner_server:/home/yahboom/cartoros2/install/nav2_simple_commander:/home/yahboom/cartoros2/install/nav2_gazebo_spawner:/home/yahboom/cartoros2/install/localization_server:/home/yahboom/cartoros2/install/laserscan_to_point_pulisher:/home/yahboom/yahboomcar_ws/install/yahboom_dog_example:/opt/ros/humble /usr/bin/cmake /home/yahboom/intro_ws/src/examples/rclcpp/services/minimal_client -DCMAKE_INSTALL_PREFIX=/home/yahboom/intro_ws/install/examples_rclcpp_minimal_client
[60.115s] DEBUG:colcon.colcon_core.event_handler.log_command:Invoking command in '/home/yahboom/intro_ws/build/examples_rclcpp_minimal_client': CMAKE_PREFIX_PATH=${CMAKE_PREFIX_PATH}:/home/yahboom/cartoros2/install/yahboomcar_nav:/home/yahboom/cartoros2/install/yahboomcar_ctrl:/home/yahboom/cartoros2/install/yahboom_visual:/home/yahboom/cartoros2/install/yahboom_dog_joint_state:/home/yahboom/cartoros2/install/yahboom_description:/home/yahboom/cartoros2/install/yahboom_color_identify_server:/home/yahboom/cartoros2/install/yahboom_bringup:/home/yahboom/cartoros2/install/yahboom_base:/home/yahboom/cartoros2/install/yahboom_app_save_map:/home/yahboom/cartoros2/install/update_map:/home/yahboom/cartoros2/install/rosboard:/home/yahboom/cartoros2/install/path_planner_server:/home/yahboom/cartoros2/install/nav2_simple_commander:/home/yahboom/cartoros2/install/nav2_gazebo_spawner:/home/yahboom/cartoros2/install/localization_server:/home/yahboom/cartoros2/install/laserscan_to_point_pulisher:/home/yahboom/yahboomcar_ws/install/yahboom_dog_example:/opt/ros/humble /usr/bin/cmake --build /home/yahboom/intro_ws/build/examples_rclcpp_minimal_client -- -j4 -l4
[60.227s] DEBUG:colcon.colcon_core.event_handler.log_command:Invoked command in '/home/yahboom/intro_ws/build/examples_rclcpp_minimal_publisher' returned '0': CMAKE_PREFIX_PATH=${CMAKE_PREFIX_PATH}:/home/yahboom/cartoros2/install/yahboomcar_nav:/home/yahboom/cartoros2/install/yahboomcar_ctrl:/home/yahboom/cartoros2/install/yahboom_visual:/home/yahboom/cartoros2/install/yahboom_dog_joint_state:/home/yahboom/cartoros2/install/yahboom_description:/home/yahboom/cartoros2/install/yahboom_color_identify_server:/home/yahboom/cartoros2/install/yahboom_bringup:/home/yahboom/cartoros2/install/yahboom_base:/home/yahboom/cartoros2/install/yahboom_app_save_map:/home/yahboom/cartoros2/install/update_map:/home/yahboom/cartoros2/install/rosboard:/home/yahboom/cartoros2/install/path_planner_server:/home/yahboom/cartoros2/install/nav2_simple_commander:/home/yahboom/cartoros2/install/nav2_gazebo_spawner:/home/yahboom/cartoros2/install/localization_server:/home/yahboom/cartoros2/install/laserscan_to_point_pulisher:/home/yahboom/yahboomcar_ws/install/yahboom_dog_example:/opt/ros/humble /usr/bin/cmake /home/yahboom/intro_ws/src/examples/rclcpp/topics/minimal_publisher -DCMAKE_INSTALL_PREFIX=/home/yahboom/intro_ws/install/examples_rclcpp_minimal_publisher
[60.242s] DEBUG:colcon.colcon_core.event_handler.log_command:Invoking command in '/home/yahboom/intro_ws/build/examples_rclcpp_minimal_publisher': CMAKE_PREFIX_PATH=${CMAKE_PREFIX_PATH}:/home/yahboom/cartoros2/install/yahboomcar_nav:/home/yahboom/cartoros2/install/yahboomcar_ctrl:/home/yahboom/cartoros2/install/yahboom_visual:/home/yahboom/cartoros2/install/yahboom_dog_joint_state:/home/yahboom/cartoros2/install/yahboom_description:/home/yahboom/cartoros2/install/yahboom_color_identify_server:/home/yahboom/cartoros2/install/yahboom_bringup:/home/yahboom/cartoros2/install/yahboom_base:/home/yahboom/cartoros2/install/yahboom_app_save_map:/home/yahboom/cartoros2/install/update_map:/home/yahboom/cartoros2/install/rosboard:/home/yahboom/cartoros2/install/path_planner_server:/home/yahboom/cartoros2/install/nav2_simple_commander:/home/yahboom/cartoros2/install/nav2_gazebo_spawner:/home/yahboom/cartoros2/install/localization_server:/home/yahboom/cartoros2/install/laserscan_to_point_pulisher:/home/yahboom/yahboomcar_ws/install/yahboom_dog_example:/opt/ros/humble /usr/bin/cmake --build /home/yahboom/intro_ws/build/examples_rclcpp_minimal_publisher -- -j4 -l4
[61.123s] DEBUG:colcon.colcon_core.event_handler.log_command:Invoked command in '/home/yahboom/intro_ws/build/examples_rclcpp_minimal_composition' returned '0': CMAKE_PREFIX_PATH=${CMAKE_PREFIX_PATH}:/home/yahboom/cartoros2/install/yahboomcar_nav:/home/yahboom/cartoros2/install/yahboomcar_ctrl:/home/yahboom/cartoros2/install/yahboom_visual:/home/yahboom/cartoros2/install/yahboom_dog_joint_state:/home/yahboom/cartoros2/install/yahboom_description:/home/yahboom/cartoros2/install/yahboom_color_identify_server:/home/yahboom/cartoros2/install/yahboom_bringup:/home/yahboom/cartoros2/install/yahboom_base:/home/yahboom/cartoros2/install/yahboom_app_save_map:/home/yahboom/cartoros2/install/update_map:/home/yahboom/cartoros2/install/rosboard:/home/yahboom/cartoros2/install/path_planner_server:/home/yahboom/cartoros2/install/nav2_simple_commander:/home/yahboom/cartoros2/install/nav2_gazebo_spawner:/home/yahboom/cartoros2/install/localization_server:/home/yahboom/cartoros2/install/laserscan_to_point_pulisher:/home/yahboom/yahboomcar_ws/install/yahboom_dog_example:/opt/ros/humble /usr/bin/cmake /home/yahboom/intro_ws/src/examples/rclcpp/composition/minimal_composition -DCMAKE_INSTALL_PREFIX=/home/yahboom/intro_ws/install/examples_rclcpp_minimal_composition
[61.127s] DEBUG:colcon.colcon_core.event_handler.log_command:Invoking command in '/home/yahboom/intro_ws/build/examples_rclcpp_minimal_composition': CMAKE_PREFIX_PATH=${CMAKE_PREFIX_PATH}:/home/yahboom/cartoros2/install/yahboomcar_nav:/home/yahboom/cartoros2/install/yahboomcar_ctrl:/home/yahboom/cartoros2/install/yahboom_visual:/home/yahboom/cartoros2/install/yahboom_dog_joint_state:/home/yahboom/cartoros2/install/yahboom_description:/home/yahboom/cartoros2/install/yahboom_color_identify_server:/home/yahboom/cartoros2/install/yahboom_bringup:/home/yahboom/cartoros2/install/yahboom_base:/home/yahboom/cartoros2/install/yahboom_app_save_map:/home/yahboom/cartoros2/install/update_map:/home/yahboom/cartoros2/install/rosboard:/home/yahboom/cartoros2/install/path_planner_server:/home/yahboom/cartoros2/install/nav2_simple_commander:/home/yahboom/cartoros2/install/nav2_gazebo_spawner:/home/yahboom/cartoros2/install/localization_server:/home/yahboom/cartoros2/install/laserscan_to_point_pulisher:/home/yahboom/yahboomcar_ws/install/yahboom_dog_example:/opt/ros/humble /usr/bin/cmake --build /home/yahboom/intro_ws/build/examples_rclcpp_minimal_composition -- -j4 -l4
[72.789s] DEBUG:colcon.colcon_core.event_handler.log_command:Invoked command in '/home/yahboom/intro_ws/build/examples_rclcpp_minimal_client' returned '0': CMAKE_PREFIX_PATH=${CMAKE_PREFIX_PATH}:/home/yahboom/cartoros2/install/yahboomcar_nav:/home/yahboom/cartoros2/install/yahboomcar_ctrl:/home/yahboom/cartoros2/install/yahboom_visual:/home/yahboom/cartoros2/install/yahboom_dog_joint_state:/home/yahboom/cartoros2/install/yahboom_description:/home/yahboom/cartoros2/install/yahboom_color_identify_server:/home/yahboom/cartoros2/install/yahboom_bringup:/home/yahboom/cartoros2/install/yahboom_base:/home/yahboom/cartoros2/install/yahboom_app_save_map:/home/yahboom/cartoros2/install/update_map:/home/yahboom/cartoros2/install/rosboard:/home/yahboom/cartoros2/install/path_planner_server:/home/yahboom/cartoros2/install/nav2_simple_commander:/home/yahboom/cartoros2/install/nav2_gazebo_spawner:/home/yahboom/cartoros2/install/localization_server:/home/yahboom/cartoros2/install/laserscan_to_point_pulisher:/home/yahboom/yahboomcar_ws/install/yahboom_dog_example:/opt/ros/humble /usr/bin/cmake --build /home/yahboom/intro_ws/build/examples_rclcpp_minimal_client -- -j4 -l4
[72.790s] DEBUG:colcon.colcon_core.event_handler.log_command:Invoking command in '/home/yahboom/intro_ws/build/examples_rclcpp_minimal_client': CMAKE_PREFIX_PATH=${CMAKE_PREFIX_PATH}:/home/yahboom/cartoros2/install/yahboomcar_nav:/home/yahboom/cartoros2/install/yahboomcar_ctrl:/home/yahboom/cartoros2/install/yahboom_visual:/home/yahboom/cartoros2/install/yahboom_dog_joint_state:/home/yahboom/cartoros2/install/yahboom_description:/home/yahboom/cartoros2/install/yahboom_color_identify_server:/home/yahboom/cartoros2/install/yahboom_bringup:/home/yahboom/cartoros2/install/yahboom_base:/home/yahboom/cartoros2/install/yahboom_app_save_map:/home/yahboom/cartoros2/install/update_map:/home/yahboom/cartoros2/install/rosboard:/home/yahboom/cartoros2/install/path_planner_server:/home/yahboom/cartoros2/install/nav2_simple_commander:/home/yahboom/cartoros2/install/nav2_gazebo_spawner:/home/yahboom/cartoros2/install/localization_server:/home/yahboom/cartoros2/install/laserscan_to_point_pulisher:/home/yahboom/yahboomcar_ws/install/yahboom_dog_example:/opt/ros/humble /usr/bin/cmake --install /home/yahboom/intro_ws/build/examples_rclcpp_minimal_client
[72.861s] Level 1:colcon.colcon_core.environment:create_environment_scripts_only(examples_rclcpp_minimal_client)
[72.861s] Level 1:colcon.colcon_core.environment:checking '/home/yahboom/intro_ws/install/examples_rclcpp_minimal_client' for CMake module files
[72.866s] DEBUG:colcon.colcon_core.event_handler.log_command:Invoked command in '/home/yahboom/intro_ws/build/examples_rclcpp_minimal_client' returned '0': CMAKE_PREFIX_PATH=${CMAKE_PREFIX_PATH}:/home/yahboom/cartoros2/install/yahboomcar_nav:/home/yahboom/cartoros2/install/yahboomcar_ctrl:/home/yahboom/cartoros2/install/yahboom_visual:/home/yahboom/cartoros2/install/yahboom_dog_joint_state:/home/yahboom/cartoros2/install/yahboom_description:/home/yahboom/cartoros2/install/yahboom_color_identify_server:/home/yahboom/cartoros2/install/yahboom_bringup:/home/yahboom/cartoros2/install/yahboom_base:/home/yahboom/cartoros2/install/yahboom_app_save_map:/home/yahboom/cartoros2/install/update_map:/home/yahboom/cartoros2/install/rosboard:/home/yahboom/cartoros2/install/path_planner_server:/home/yahboom/cartoros2/install/nav2_simple_commander:/home/yahboom/cartoros2/install/nav2_gazebo_spawner:/home/yahboom/cartoros2/install/localization_server:/home/yahboom/cartoros2/install/laserscan_to_point_pulisher:/home/yahboom/yahboomcar_ws/install/yahboom_dog_example:/opt/ros/humble /usr/bin/cmake --install /home/yahboom/intro_ws/build/examples_rclcpp_minimal_client
[72.866s] Level 1:colcon.colcon_core.environment:checking '/home/yahboom/intro_ws/install/examples_rclcpp_minimal_client' for CMake config files
[72.867s] Level 1:colcon.colcon_core.shell:create_environment_hook('examples_rclcpp_minimal_client', 'cmake_prefix_path')
[72.870s] INFO:colcon.colcon_core.shell:Creating environment hook '/home/yahboom/intro_ws/install/examples_rclcpp_minimal_client/share/examples_rclcpp_minimal_client/hook/cmake_prefix_path.ps1'
[72.874s] INFO:colcon.colcon_core.shell:Creating environment descriptor '/home/yahboom/intro_ws/install/examples_rclcpp_minimal_client/share/examples_rclcpp_minimal_client/hook/cmake_prefix_path.dsv'
[72.875s] INFO:colcon.colcon_core.shell:Creating environment hook '/home/yahboom/intro_ws/install/examples_rclcpp_minimal_client/share/examples_rclcpp_minimal_client/hook/cmake_prefix_path.sh'
[72.878s] Level 1:colcon.colcon_core.environment:checking '/home/yahboom/intro_ws/install/examples_rclcpp_minimal_client/lib'
[72.879s] Level 1:colcon.colcon_core.environment:checking '/home/yahboom/intro_ws/install/examples_rclcpp_minimal_client/bin'
[72.879s] Level 1:colcon.colcon_core.environment:checking '/home/yahboom/intro_ws/install/examples_rclcpp_minimal_client/lib/pkgconfig/examples_rclcpp_minimal_client.pc'
[72.879s] Level 1:colcon.colcon_core.environment:checking '/home/yahboom/intro_ws/install/examples_rclcpp_minimal_client/lib/python3.10/site-packages'
[72.880s] Level 1:colcon.colcon_core.environment:checking '/home/yahboom/intro_ws/install/examples_rclcpp_minimal_client/bin'
[72.884s] INFO:colcon.colcon_core.shell:Creating package script '/home/yahboom/intro_ws/install/examples_rclcpp_minimal_client/share/examples_rclcpp_minimal_client/package.ps1'
[72.885s] INFO:colcon.colcon_core.shell:Creating package descriptor '/home/yahboom/intro_ws/install/examples_rclcpp_minimal_client/share/examples_rclcpp_minimal_client/package.dsv'
[72.886s] INFO:colcon.colcon_core.shell:Creating package script '/home/yahboom/intro_ws/install/examples_rclcpp_minimal_client/share/examples_rclcpp_minimal_client/package.sh'
[72.890s] INFO:colcon.colcon_core.shell:Creating package script '/home/yahboom/intro_ws/install/examples_rclcpp_minimal_client/share/examples_rclcpp_minimal_client/package.bash'
[72.891s] INFO:colcon.colcon_core.shell:Creating package script '/home/yahboom/intro_ws/install/examples_rclcpp_minimal_client/share/examples_rclcpp_minimal_client/package.zsh'
[72.895s] Level 1:colcon.colcon_core.environment:create_file_with_runtime_dependencies(/home/yahboom/intro_ws/install/examples_rclcpp_minimal_client/share/colcon-core/packages/examples_rclcpp_minimal_client)
[72.897s] Level 1:colcon.colcon_core.environment:create_environment_scripts_only(examples_rclcpp_minimal_client)
[72.898s] Level 1:colcon.colcon_core.environment:checking '/home/yahboom/intro_ws/install/examples_rclcpp_minimal_client' for CMake module files
[72.899s] Level 1:colcon.colcon_core.environment:checking '/home/yahboom/intro_ws/install/examples_rclcpp_minimal_client' for CMake config files
[72.901s] Level 1:colcon.colcon_core.shell:create_environment_hook('examples_rclcpp_minimal_client', 'cmake_prefix_path')
[72.902s] INFO:colcon.colcon_core.shell:Creating environment hook '/home/yahboom/intro_ws/install/examples_rclcpp_minimal_client/share/examples_rclcpp_minimal_client/hook/cmake_prefix_path.ps1'
[72.903s] INFO:colcon.colcon_core.shell:Creating environment descriptor '/home/yahboom/intro_ws/install/examples_rclcpp_minimal_client/share/examples_rclcpp_minimal_client/hook/cmake_prefix_path.dsv'
[72.907s] INFO:colcon.colcon_core.shell:Creating environment hook '/home/yahboom/intro_ws/install/examples_rclcpp_minimal_client/share/examples_rclcpp_minimal_client/hook/cmake_prefix_path.sh'
[72.914s] Level 1:colcon.colcon_core.environment:checking '/home/yahboom/intro_ws/install/examples_rclcpp_minimal_client/lib'
[72.915s] Level 1:colcon.colcon_core.environment:checking '/home/yahboom/intro_ws/install/examples_rclcpp_minimal_client/bin'
[72.915s] Level 1:colcon.colcon_core.environment:checking '/home/yahboom/intro_ws/install/examples_rclcpp_minimal_client/lib/pkgconfig/examples_rclcpp_minimal_client.pc'
[72.915s] Level 1:colcon.colcon_core.environment:checking '/home/yahboom/intro_ws/install/examples_rclcpp_minimal_client/lib/python3.10/site-packages'
[72.916s] Level 1:colcon.colcon_core.environment:checking '/home/yahboom/intro_ws/install/examples_rclcpp_minimal_client/bin'
[72.917s] INFO:colcon.colcon_core.shell:Creating package script '/home/yahboom/intro_ws/install/examples_rclcpp_minimal_client/share/examples_rclcpp_minimal_client/package.ps1'
[72.918s] INFO:colcon.colcon_core.shell:Creating package descriptor '/home/yahboom/intro_ws/install/examples_rclcpp_minimal_client/share/examples_rclcpp_minimal_client/package.dsv'
[72.926s] INFO:colcon.colcon_core.shell:Creating package script '/home/yahboom/intro_ws/install/examples_rclcpp_minimal_client/share/examples_rclcpp_minimal_client/package.sh'
[72.928s] INFO:colcon.colcon_core.shell:Creating package script '/home/yahboom/intro_ws/install/examples_rclcpp_minimal_client/share/examples_rclcpp_minimal_client/package.bash'
[72.932s] INFO:colcon.colcon_core.shell:Creating package script '/home/yahboom/intro_ws/install/examples_rclcpp_minimal_client/share/examples_rclcpp_minimal_client/package.zsh'
[72.933s] Level 1:colcon.colcon_core.environment:create_file_with_runtime_dependencies(/home/yahboom/intro_ws/install/examples_rclcpp_minimal_client/share/colcon-core/packages/examples_rclcpp_minimal_client)
[72.937s] INFO:colcon.colcon_ros.task.ament_cmake.build:Building ROS package in '/home/yahboom/intro_ws/src/examples/rclcpp/services/minimal_service' with build type 'ament_cmake'
[72.938s] INFO:colcon.colcon_cmake.task.cmake.build:Building CMake package in '/home/yahboom/intro_ws/src/examples/rclcpp/services/minimal_service'
[72.939s] INFO:colcon.colcon_core.shell:Skip shell extension 'powershell' for command environment: Not usable outside of PowerShell
[72.943s] DEBUG:colcon.colcon_core.shell:Skip shell extension 'dsv' for command environment
[73.040s] DEBUG:colcon.colcon_core.event_handler.log_command:Invoking command in '/home/yahboom/intro_ws/build/examples_rclcpp_minimal_service': CMAKE_PREFIX_PATH=${CMAKE_PREFIX_PATH}:/home/yahboom/cartoros2/install/yahboomcar_nav:/home/yahboom/cartoros2/install/yahboomcar_ctrl:/home/yahboom/cartoros2/install/yahboom_visual:/home/yahboom/cartoros2/install/yahboom_dog_joint_state:/home/yahboom/cartoros2/install/yahboom_description:/home/yahboom/cartoros2/install/yahboom_color_identify_server:/home/yahboom/cartoros2/install/yahboom_bringup:/home/yahboom/cartoros2/install/yahboom_base:/home/yahboom/cartoros2/install/yahboom_app_save_map:/home/yahboom/cartoros2/install/update_map:/home/yahboom/cartoros2/install/rosboard:/home/yahboom/cartoros2/install/path_planner_server:/home/yahboom/cartoros2/install/nav2_simple_commander:/home/yahboom/cartoros2/install/nav2_gazebo_spawner:/home/yahboom/cartoros2/install/localization_server:/home/yahboom/cartoros2/install/laserscan_to_point_pulisher:/home/yahboom/yahboomcar_ws/install/yahboom_dog_example:/opt/ros/humble /usr/bin/cmake /home/yahboom/intro_ws/src/examples/rclcpp/services/minimal_service -DCMAKE_INSTALL_PREFIX=/home/yahboom/intro_ws/install/examples_rclcpp_minimal_service
[79.481s] DEBUG:colcon.colcon_core.event_handler.log_command:Invoked command in '/home/yahboom/intro_ws/build/examples_rclcpp_minimal_service' returned '0': CMAKE_PREFIX_PATH=${CMAKE_PREFIX_PATH}:/home/yahboom/cartoros2/install/yahboomcar_nav:/home/yahboom/cartoros2/install/yahboomcar_ctrl:/home/yahboom/cartoros2/install/yahboom_visual:/home/yahboom/cartoros2/install/yahboom_dog_joint_state:/home/yahboom/cartoros2/install/yahboom_description:/home/yahboom/cartoros2/install/yahboom_color_identify_server:/home/yahboom/cartoros2/install/yahboom_bringup:/home/yahboom/cartoros2/install/yahboom_base:/home/yahboom/cartoros2/install/yahboom_app_save_map:/home/yahboom/cartoros2/install/update_map:/home/yahboom/cartoros2/install/rosboard:/home/yahboom/cartoros2/install/path_planner_server:/home/yahboom/cartoros2/install/nav2_simple_commander:/home/yahboom/cartoros2/install/nav2_gazebo_spawner:/home/yahboom/cartoros2/install/localization_server:/home/yahboom/cartoros2/install/laserscan_to_point_pulisher:/home/yahboom/yahboomcar_ws/install/yahboom_dog_example:/opt/ros/humble /usr/bin/cmake /home/yahboom/intro_ws/src/examples/rclcpp/services/minimal_service -DCMAKE_INSTALL_PREFIX=/home/yahboom/intro_ws/install/examples_rclcpp_minimal_service
[79.491s] DEBUG:colcon.colcon_core.event_handler.log_command:Invoking command in '/home/yahboom/intro_ws/build/examples_rclcpp_minimal_service': CMAKE_PREFIX_PATH=${CMAKE_PREFIX_PATH}:/home/yahboom/cartoros2/install/yahboomcar_nav:/home/yahboom/cartoros2/install/yahboomcar_ctrl:/home/yahboom/cartoros2/install/yahboom_visual:/home/yahboom/cartoros2/install/yahboom_dog_joint_state:/home/yahboom/cartoros2/install/yahboom_description:/home/yahboom/cartoros2/install/yahboom_color_identify_server:/home/yahboom/cartoros2/install/yahboom_bringup:/home/yahboom/cartoros2/install/yahboom_base:/home/yahboom/cartoros2/install/yahboom_app_save_map:/home/yahboom/cartoros2/install/update_map:/home/yahboom/cartoros2/install/rosboard:/home/yahboom/cartoros2/install/path_planner_server:/home/yahboom/cartoros2/install/nav2_simple_commander:/home/yahboom/cartoros2/install/nav2_gazebo_spawner:/home/yahboom/cartoros2/install/localization_server:/home/yahboom/cartoros2/install/laserscan_to_point_pulisher:/home/yahboom/yahboomcar_ws/install/yahboom_dog_example:/opt/ros/humble /usr/bin/cmake --build /home/yahboom/intro_ws/build/examples_rclcpp_minimal_service -- -j4 -l4
[88.011s] DEBUG:colcon.colcon_core.event_handler.log_command:Invoked command in '/home/yahboom/intro_ws/build/examples_rclcpp_minimal_service' returned '0': CMAKE_PREFIX_PATH=${CMAKE_PREFIX_PATH}:/home/yahboom/cartoros2/install/yahboomcar_nav:/home/yahboom/cartoros2/install/yahboomcar_ctrl:/home/yahboom/cartoros2/install/yahboom_visual:/home/yahboom/cartoros2/install/yahboom_dog_joint_state:/home/yahboom/cartoros2/install/yahboom_description:/home/yahboom/cartoros2/install/yahboom_color_identify_server:/home/yahboom/cartoros2/install/yahboom_bringup:/home/yahboom/cartoros2/install/yahboom_base:/home/yahboom/cartoros2/install/yahboom_app_save_map:/home/yahboom/cartoros2/install/update_map:/home/yahboom/cartoros2/install/rosboard:/home/yahboom/cartoros2/install/path_planner_server:/home/yahboom/cartoros2/install/nav2_simple_commander:/home/yahboom/cartoros2/install/nav2_gazebo_spawner:/home/yahboom/cartoros2/install/localization_server:/home/yahboom/cartoros2/install/laserscan_to_point_pulisher:/home/yahboom/yahboomcar_ws/install/yahboom_dog_example:/opt/ros/humble /usr/bin/cmake --build /home/yahboom/intro_ws/build/examples_rclcpp_minimal_service -- -j4 -l4
[88.012s] DEBUG:colcon.colcon_core.event_handler.log_command:Invoking command in '/home/yahboom/intro_ws/build/examples_rclcpp_minimal_service': CMAKE_PREFIX_PATH=${CMAKE_PREFIX_PATH}:/home/yahboom/cartoros2/install/yahboomcar_nav:/home/yahboom/cartoros2/install/yahboomcar_ctrl:/home/yahboom/cartoros2/install/yahboom_visual:/home/yahboom/cartoros2/install/yahboom_dog_joint_state:/home/yahboom/cartoros2/install/yahboom_description:/home/yahboom/cartoros2/install/yahboom_color_identify_server:/home/yahboom/cartoros2/install/yahboom_bringup:/home/yahboom/cartoros2/install/yahboom_base:/home/yahboom/cartoros2/install/yahboom_app_save_map:/home/yahboom/cartoros2/install/update_map:/home/yahboom/cartoros2/install/rosboard:/home/yahboom/cartoros2/install/path_planner_server:/home/yahboom/cartoros2/install/nav2_simple_commander:/home/yahboom/cartoros2/install/nav2_gazebo_spawner:/home/yahboom/cartoros2/install/localization_server:/home/yahboom/cartoros2/install/laserscan_to_point_pulisher:/home/yahboom/yahboomcar_ws/install/yahboom_dog_example:/opt/ros/humble /usr/bin/cmake --install /home/yahboom/intro_ws/build/examples_rclcpp_minimal_service
[88.061s] Level 1:colcon.colcon_core.environment:create_environment_scripts_only(examples_rclcpp_minimal_service)
[88.062s] Level 1:colcon.colcon_core.environment:checking '/home/yahboom/intro_ws/install/examples_rclcpp_minimal_service' for CMake module files
[88.063s] Level 1:colcon.colcon_core.environment:checking '/home/yahboom/intro_ws/install/examples_rclcpp_minimal_service' for CMake config files
[88.064s] Level 1:colcon.colcon_core.shell:create_environment_hook('examples_rclcpp_minimal_service', 'cmake_prefix_path')
[88.064s] INFO:colcon.colcon_core.shell:Creating environment hook '/home/yahboom/intro_ws/install/examples_rclcpp_minimal_service/share/examples_rclcpp_minimal_service/hook/cmake_prefix_path.ps1'
[88.065s] DEBUG:colcon.colcon_core.event_handler.log_command:Invoked command in '/home/yahboom/intro_ws/build/examples_rclcpp_minimal_service' returned '0': CMAKE_PREFIX_PATH=${CMAKE_PREFIX_PATH}:/home/yahboom/cartoros2/install/yahboomcar_nav:/home/yahboom/cartoros2/install/yahboomcar_ctrl:/home/yahboom/cartoros2/install/yahboom_visual:/home/yahboom/cartoros2/install/yahboom_dog_joint_state:/home/yahboom/cartoros2/install/yahboom_description:/home/yahboom/cartoros2/install/yahboom_color_identify_server:/home/yahboom/cartoros2/install/yahboom_bringup:/home/yahboom/cartoros2/install/yahboom_base:/home/yahboom/cartoros2/install/yahboom_app_save_map:/home/yahboom/cartoros2/install/update_map:/home/yahboom/cartoros2/install/rosboard:/home/yahboom/cartoros2/install/path_planner_server:/home/yahboom/cartoros2/install/nav2_simple_commander:/home/yahboom/cartoros2/install/nav2_gazebo_spawner:/home/yahboom/cartoros2/install/localization_server:/home/yahboom/cartoros2/install/laserscan_to_point_pulisher:/home/yahboom/yahboomcar_ws/install/yahboom_dog_example:/opt/ros/humble /usr/bin/cmake --install /home/yahboom/intro_ws/build/examples_rclcpp_minimal_service
[88.066s] INFO:colcon.colcon_core.shell:Creating environment descriptor '/home/yahboom/intro_ws/install/examples_rclcpp_minimal_service/share/examples_rclcpp_minimal_service/hook/cmake_prefix_path.dsv'
[88.067s] INFO:colcon.colcon_core.shell:Creating environment hook '/home/yahboom/intro_ws/install/examples_rclcpp_minimal_service/share/examples_rclcpp_minimal_service/hook/cmake_prefix_path.sh'
[88.069s] Level 1:colcon.colcon_core.environment:checking '/home/yahboom/intro_ws/install/examples_rclcpp_minimal_service/lib'
[88.069s] Level 1:colcon.colcon_core.environment:checking '/home/yahboom/intro_ws/install/examples_rclcpp_minimal_service/bin'
[88.069s] Level 1:colcon.colcon_core.environment:checking '/home/yahboom/intro_ws/install/examples_rclcpp_minimal_service/lib/pkgconfig/examples_rclcpp_minimal_service.pc'
[88.071s] Level 1:colcon.colcon_core.environment:checking '/home/yahboom/intro_ws/install/examples_rclcpp_minimal_service/lib/python3.10/site-packages'
[88.071s] Level 1:colcon.colcon_core.environment:checking '/home/yahboom/intro_ws/install/examples_rclcpp_minimal_service/bin'
[88.072s] INFO:colcon.colcon_core.shell:Creating package script '/home/yahboom/intro_ws/install/examples_rclcpp_minimal_service/share/examples_rclcpp_minimal_service/package.ps1'
[88.073s] INFO:colcon.colcon_core.shell:Creating package descriptor '/home/yahboom/intro_ws/install/examples_rclcpp_minimal_service/share/examples_rclcpp_minimal_service/package.dsv'
[88.075s] INFO:colcon.colcon_core.shell:Creating package script '/home/yahboom/intro_ws/install/examples_rclcpp_minimal_service/share/examples_rclcpp_minimal_service/package.sh'
[88.076s] INFO:colcon.colcon_core.shell:Creating package script '/home/yahboom/intro_ws/install/examples_rclcpp_minimal_service/share/examples_rclcpp_minimal_service/package.bash'
[88.077s] INFO:colcon.colcon_core.shell:Creating package script '/home/yahboom/intro_ws/install/examples_rclcpp_minimal_service/share/examples_rclcpp_minimal_service/package.zsh'
[88.078s] Level 1:colcon.colcon_core.environment:create_file_with_runtime_dependencies(/home/yahboom/intro_ws/install/examples_rclcpp_minimal_service/share/colcon-core/packages/examples_rclcpp_minimal_service)
[88.081s] Level 1:colcon.colcon_core.environment:create_environment_scripts_only(examples_rclcpp_minimal_service)
[88.082s] Level 1:colcon.colcon_core.environment:checking '/home/yahboom/intro_ws/install/examples_rclcpp_minimal_service' for CMake module files
[88.083s] Level 1:colcon.colcon_core.environment:checking '/home/yahboom/intro_ws/install/examples_rclcpp_minimal_service' for CMake config files
[88.083s] Level 1:colcon.colcon_core.shell:create_environment_hook('examples_rclcpp_minimal_service', 'cmake_prefix_path')
[88.084s] INFO:colcon.colcon_core.shell:Creating environment hook '/home/yahboom/intro_ws/install/examples_rclcpp_minimal_service/share/examples_rclcpp_minimal_service/hook/cmake_prefix_path.ps1'
[88.085s] INFO:colcon.colcon_core.shell:Creating environment descriptor '/home/yahboom/intro_ws/install/examples_rclcpp_minimal_service/share/examples_rclcpp_minimal_service/hook/cmake_prefix_path.dsv'
[88.087s] INFO:colcon.colcon_core.shell:Creating environment hook '/home/yahboom/intro_ws/install/examples_rclcpp_minimal_service/share/examples_rclcpp_minimal_service/hook/cmake_prefix_path.sh'
[88.089s] Level 1:colcon.colcon_core.environment:checking '/home/yahboom/intro_ws/install/examples_rclcpp_minimal_service/lib'
[88.089s] Level 1:colcon.colcon_core.environment:checking '/home/yahboom/intro_ws/install/examples_rclcpp_minimal_service/bin'
[88.089s] Level 1:colcon.colcon_core.environment:checking '/home/yahboom/intro_ws/install/examples_rclcpp_minimal_service/lib/pkgconfig/examples_rclcpp_minimal_service.pc'
[88.089s] Level 1:colcon.colcon_core.environment:checking '/home/yahboom/intro_ws/install/examples_rclcpp_minimal_service/lib/python3.10/site-packages'
[88.090s] Level 1:colcon.colcon_core.environment:checking '/home/yahboom/intro_ws/install/examples_rclcpp_minimal_service/bin'
[88.091s] INFO:colcon.colcon_core.shell:Creating package script '/home/yahboom/intro_ws/install/examples_rclcpp_minimal_service/share/examples_rclcpp_minimal_service/package.ps1'
[88.092s] INFO:colcon.colcon_core.shell:Creating package descriptor '/home/yahboom/intro_ws/install/examples_rclcpp_minimal_service/share/examples_rclcpp_minimal_service/package.dsv'
[88.094s] INFO:colcon.colcon_core.shell:Creating package script '/home/yahboom/intro_ws/install/examples_rclcpp_minimal_service/share/examples_rclcpp_minimal_service/package.sh'
[88.095s] INFO:colcon.colcon_core.shell:Creating package script '/home/yahboom/intro_ws/install/examples_rclcpp_minimal_service/share/examples_rclcpp_minimal_service/package.bash'
[88.096s] INFO:colcon.colcon_core.shell:Creating package script '/home/yahboom/intro_ws/install/examples_rclcpp_minimal_service/share/examples_rclcpp_minimal_service/package.zsh'
[88.098s] Level 1:colcon.colcon_core.environment:create_file_with_runtime_dependencies(/home/yahboom/intro_ws/install/examples_rclcpp_minimal_service/share/colcon-core/packages/examples_rclcpp_minimal_service)
[88.100s] INFO:colcon.colcon_ros.task.ament_cmake.build:Building ROS package in '/home/yahboom/intro_ws/src/examples/rclcpp/topics/minimal_subscriber' with build type 'ament_cmake'
[88.100s] INFO:colcon.colcon_cmake.task.cmake.build:Building CMake package in '/home/yahboom/intro_ws/src/examples/rclcpp/topics/minimal_subscriber'
[88.102s] INFO:colcon.colcon_core.shell:Skip shell extension 'powershell' for command environment: Not usable outside of PowerShell
[88.102s] DEBUG:colcon.colcon_core.shell:Skip shell extension 'dsv' for command environment
[88.156s] DEBUG:colcon.colcon_core.event_handler.log_command:Invoking command in '/home/yahboom/intro_ws/build/examples_rclcpp_minimal_subscriber': CMAKE_PREFIX_PATH=${CMAKE_PREFIX_PATH}:/home/yahboom/cartoros2/install/yahboomcar_nav:/home/yahboom/cartoros2/install/yahboomcar_ctrl:/home/yahboom/cartoros2/install/yahboom_visual:/home/yahboom/cartoros2/install/yahboom_dog_joint_state:/home/yahboom/cartoros2/install/yahboom_description:/home/yahboom/cartoros2/install/yahboom_color_identify_server:/home/yahboom/cartoros2/install/yahboom_bringup:/home/yahboom/cartoros2/install/yahboom_base:/home/yahboom/cartoros2/install/yahboom_app_save_map:/home/yahboom/cartoros2/install/update_map:/home/yahboom/cartoros2/install/rosboard:/home/yahboom/cartoros2/install/path_planner_server:/home/yahboom/cartoros2/install/nav2_simple_commander:/home/yahboom/cartoros2/install/nav2_gazebo_spawner:/home/yahboom/cartoros2/install/localization_server:/home/yahboom/cartoros2/install/laserscan_to_point_pulisher:/home/yahboom/yahboomcar_ws/install/yahboom_dog_example:/opt/ros/humble /usr/bin/cmake /home/yahboom/intro_ws/src/examples/rclcpp/topics/minimal_subscriber -DCMAKE_INSTALL_PREFIX=/home/yahboom/intro_ws/install/examples_rclcpp_minimal_subscriber
[93.116s] DEBUG:colcon.colcon_core.event_handler.log_command:Invoked command in '/home/yahboom/intro_ws/build/examples_rclcpp_cbg_executor' returned '0': CMAKE_PREFIX_PATH=${CMAKE_PREFIX_PATH}:/home/yahboom/cartoros2/install/yahboomcar_nav:/home/yahboom/cartoros2/install/yahboomcar_ctrl:/home/yahboom/cartoros2/install/yahboom_visual:/home/yahboom/cartoros2/install/yahboom_dog_joint_state:/home/yahboom/cartoros2/install/yahboom_description:/home/yahboom/cartoros2/install/yahboom_color_identify_server:/home/yahboom/cartoros2/install/yahboom_bringup:/home/yahboom/cartoros2/install/yahboom_base:/home/yahboom/cartoros2/install/yahboom_app_save_map:/home/yahboom/cartoros2/install/update_map:/home/yahboom/cartoros2/install/rosboard:/home/yahboom/cartoros2/install/path_planner_server:/home/yahboom/cartoros2/install/nav2_simple_commander:/home/yahboom/cartoros2/install/nav2_gazebo_spawner:/home/yahboom/cartoros2/install/localization_server:/home/yahboom/cartoros2/install/laserscan_to_point_pulisher:/home/yahboom/yahboomcar_ws/install/yahboom_dog_example:/opt/ros/humble /usr/bin/cmake --build /home/yahboom/intro_ws/build/examples_rclcpp_cbg_executor -- -j4 -l4
[93.119s] DEBUG:colcon.colcon_core.event_handler.log_command:Invoking command in '/home/yahboom/intro_ws/build/examples_rclcpp_cbg_executor': CMAKE_PREFIX_PATH=${CMAKE_PREFIX_PATH}:/home/yahboom/cartoros2/install/yahboomcar_nav:/home/yahboom/cartoros2/install/yahboomcar_ctrl:/home/yahboom/cartoros2/install/yahboom_visual:/home/yahboom/cartoros2/install/yahboom_dog_joint_state:/home/yahboom/cartoros2/install/yahboom_description:/home/yahboom/cartoros2/install/yahboom_color_identify_server:/home/yahboom/cartoros2/install/yahboom_bringup:/home/yahboom/cartoros2/install/yahboom_base:/home/yahboom/cartoros2/install/yahboom_app_save_map:/home/yahboom/cartoros2/install/update_map:/home/yahboom/cartoros2/install/rosboard:/home/yahboom/cartoros2/install/path_planner_server:/home/yahboom/cartoros2/install/nav2_simple_commander:/home/yahboom/cartoros2/install/nav2_gazebo_spawner:/home/yahboom/cartoros2/install/localization_server:/home/yahboom/cartoros2/install/laserscan_to_point_pulisher:/home/yahboom/yahboomcar_ws/install/yahboom_dog_example:/opt/ros/humble /usr/bin/cmake --install /home/yahboom/intro_ws/build/examples_rclcpp_cbg_executor
[93.206s] Level 1:colcon.colcon_core.environment:create_environment_scripts_only(examples_rclcpp_cbg_executor)
[93.207s] Level 1:colcon.colcon_core.environment:checking '/home/yahboom/intro_ws/install/examples_rclcpp_cbg_executor' for CMake module files
[93.208s] Level 1:colcon.colcon_core.environment:checking '/home/yahboom/intro_ws/install/examples_rclcpp_cbg_executor' for CMake config files
[93.209s] Level 1:colcon.colcon_core.shell:create_environment_hook('examples_rclcpp_cbg_executor', 'cmake_prefix_path')
[93.209s] INFO:colcon.colcon_core.shell:Creating environment hook '/home/yahboom/intro_ws/install/examples_rclcpp_cbg_executor/share/examples_rclcpp_cbg_executor/hook/cmake_prefix_path.ps1'
[93.210s] DEBUG:colcon.colcon_core.event_handler.log_command:Invoked command in '/home/yahboom/intro_ws/build/examples_rclcpp_cbg_executor' returned '0': CMAKE_PREFIX_PATH=${CMAKE_PREFIX_PATH}:/home/yahboom/cartoros2/install/yahboomcar_nav:/home/yahboom/cartoros2/install/yahboomcar_ctrl:/home/yahboom/cartoros2/install/yahboom_visual:/home/yahboom/cartoros2/install/yahboom_dog_joint_state:/home/yahboom/cartoros2/install/yahboom_description:/home/yahboom/cartoros2/install/yahboom_color_identify_server:/home/yahboom/cartoros2/install/yahboom_bringup:/home/yahboom/cartoros2/install/yahboom_base:/home/yahboom/cartoros2/install/yahboom_app_save_map:/home/yahboom/cartoros2/install/update_map:/home/yahboom/cartoros2/install/rosboard:/home/yahboom/cartoros2/install/path_planner_server:/home/yahboom/cartoros2/install/nav2_simple_commander:/home/yahboom/cartoros2/install/nav2_gazebo_spawner:/home/yahboom/cartoros2/install/localization_server:/home/yahboom/cartoros2/install/laserscan_to_point_pulisher:/home/yahboom/yahboomcar_ws/install/yahboom_dog_example:/opt/ros/humble /usr/bin/cmake --install /home/yahboom/intro_ws/build/examples_rclcpp_cbg_executor
[93.211s] INFO:colcon.colcon_core.shell:Creating environment descriptor '/home/yahboom/intro_ws/install/examples_rclcpp_cbg_executor/share/examples_rclcpp_cbg_executor/hook/cmake_prefix_path.dsv'
[93.212s] INFO:colcon.colcon_core.shell:Creating environment hook '/home/yahboom/intro_ws/install/examples_rclcpp_cbg_executor/share/examples_rclcpp_cbg_executor/hook/cmake_prefix_path.sh'
[93.213s] Level 1:colcon.colcon_core.environment:checking '/home/yahboom/intro_ws/install/examples_rclcpp_cbg_executor/lib'
[93.213s] Level 1:colcon.colcon_core.environment:checking '/home/yahboom/intro_ws/install/examples_rclcpp_cbg_executor/bin'
[93.214s] Level 1:colcon.colcon_core.environment:checking '/home/yahboom/intro_ws/install/examples_rclcpp_cbg_executor/lib/pkgconfig/examples_rclcpp_cbg_executor.pc'
[93.215s] Level 1:colcon.colcon_core.environment:checking '/home/yahboom/intro_ws/install/examples_rclcpp_cbg_executor/lib/python3.10/site-packages'
[93.215s] Level 1:colcon.colcon_core.environment:checking '/home/yahboom/intro_ws/install/examples_rclcpp_cbg_executor/bin'
[93.216s] INFO:colcon.colcon_core.shell:Creating package script '/home/yahboom/intro_ws/install/examples_rclcpp_cbg_executor/share/examples_rclcpp_cbg_executor/package.ps1'
[93.220s] INFO:colcon.colcon_core.shell:Creating package descriptor '/home/yahboom/intro_ws/install/examples_rclcpp_cbg_executor/share/examples_rclcpp_cbg_executor/package.dsv'
[93.222s] INFO:colcon.colcon_core.shell:Creating package script '/home/yahboom/intro_ws/install/examples_rclcpp_cbg_executor/share/examples_rclcpp_cbg_executor/package.sh'
[93.224s] INFO:colcon.colcon_core.shell:Creating package script '/home/yahboom/intro_ws/install/examples_rclcpp_cbg_executor/share/examples_rclcpp_cbg_executor/package.bash'
[93.225s] INFO:colcon.colcon_core.shell:Creating package script '/home/yahboom/intro_ws/install/examples_rclcpp_cbg_executor/share/examples_rclcpp_cbg_executor/package.zsh'
[93.225s] Level 1:colcon.colcon_core.environment:create_file_with_runtime_dependencies(/home/yahboom/intro_ws/install/examples_rclcpp_cbg_executor/share/colcon-core/packages/examples_rclcpp_cbg_executor)
[93.227s] Level 1:colcon.colcon_core.environment:create_environment_scripts_only(examples_rclcpp_cbg_executor)
[93.228s] Level 1:colcon.colcon_core.environment:checking '/home/yahboom/intro_ws/install/examples_rclcpp_cbg_executor' for CMake module files
[93.230s] Level 1:colcon.colcon_core.environment:checking '/home/yahboom/intro_ws/install/examples_rclcpp_cbg_executor' for CMake config files
[93.231s] Level 1:colcon.colcon_core.shell:create_environment_hook('examples_rclcpp_cbg_executor', 'cmake_prefix_path')
[93.231s] INFO:colcon.colcon_core.shell:Creating environment hook '/home/yahboom/intro_ws/install/examples_rclcpp_cbg_executor/share/examples_rclcpp_cbg_executor/hook/cmake_prefix_path.ps1'
[93.233s] INFO:colcon.colcon_core.shell:Creating environment descriptor '/home/yahboom/intro_ws/install/examples_rclcpp_cbg_executor/share/examples_rclcpp_cbg_executor/hook/cmake_prefix_path.dsv'
[93.234s] INFO:colcon.colcon_core.shell:Creating environment hook '/home/yahboom/intro_ws/install/examples_rclcpp_cbg_executor/share/examples_rclcpp_cbg_executor/hook/cmake_prefix_path.sh'
[93.237s] Level 1:colcon.colcon_core.environment:checking '/home/yahboom/intro_ws/install/examples_rclcpp_cbg_executor/lib'
[93.237s] Level 1:colcon.colcon_core.environment:checking '/home/yahboom/intro_ws/install/examples_rclcpp_cbg_executor/bin'
[93.237s] Level 1:colcon.colcon_core.environment:checking '/home/yahboom/intro_ws/install/examples_rclcpp_cbg_executor/lib/pkgconfig/examples_rclcpp_cbg_executor.pc'
[93.238s] Level 1:colcon.colcon_core.environment:checking '/home/yahboom/intro_ws/install/examples_rclcpp_cbg_executor/lib/python3.10/site-packages'
[93.238s] Level 1:colcon.colcon_core.environment:checking '/home/yahboom/intro_ws/install/examples_rclcpp_cbg_executor/bin'
[93.239s] INFO:colcon.colcon_core.shell:Creating package script '/home/yahboom/intro_ws/install/examples_rclcpp_cbg_executor/share/examples_rclcpp_cbg_executor/package.ps1'
[93.241s] INFO:colcon.colcon_core.shell:Creating package descriptor '/home/yahboom/intro_ws/install/examples_rclcpp_cbg_executor/share/examples_rclcpp_cbg_executor/package.dsv'
[93.242s] INFO:colcon.colcon_core.shell:Creating package script '/home/yahboom/intro_ws/install/examples_rclcpp_cbg_executor/share/examples_rclcpp_cbg_executor/package.sh'
[93.244s] INFO:colcon.colcon_core.shell:Creating package script '/home/yahboom/intro_ws/install/examples_rclcpp_cbg_executor/share/examples_rclcpp_cbg_executor/package.bash'
[93.245s] INFO:colcon.colcon_core.shell:Creating package script '/home/yahboom/intro_ws/install/examples_rclcpp_cbg_executor/share/examples_rclcpp_cbg_executor/package.zsh'
[93.246s] Level 1:colcon.colcon_core.environment:create_file_with_runtime_dependencies(/home/yahboom/intro_ws/install/examples_rclcpp_cbg_executor/share/colcon-core/packages/examples_rclcpp_cbg_executor)
[93.248s] INFO:colcon.colcon_ros.task.ament_cmake.build:Building ROS package in '/home/yahboom/intro_ws/src/examples/rclcpp/timers/minimal_timer' with build type 'ament_cmake'
[93.248s] INFO:colcon.colcon_cmake.task.cmake.build:Building CMake package in '/home/yahboom/intro_ws/src/examples/rclcpp/timers/minimal_timer'
[93.249s] INFO:colcon.colcon_core.shell:Skip shell extension 'powershell' for command environment: Not usable outside of PowerShell
[93.249s] DEBUG:colcon.colcon_core.shell:Skip shell extension 'dsv' for command environment
[93.320s] DEBUG:colcon.colcon_core.event_handler.log_command:Invoking command in '/home/yahboom/intro_ws/build/examples_rclcpp_minimal_timer': CMAKE_PREFIX_PATH=${CMAKE_PREFIX_PATH}:/home/yahboom/cartoros2/install/yahboomcar_nav:/home/yahboom/cartoros2/install/yahboomcar_ctrl:/home/yahboom/cartoros2/install/yahboom_visual:/home/yahboom/cartoros2/install/yahboom_dog_joint_state:/home/yahboom/cartoros2/install/yahboom_description:/home/yahboom/cartoros2/install/yahboom_color_identify_server:/home/yahboom/cartoros2/install/yahboom_bringup:/home/yahboom/cartoros2/install/yahboom_base:/home/yahboom/cartoros2/install/yahboom_app_save_map:/home/yahboom/cartoros2/install/update_map:/home/yahboom/cartoros2/install/rosboard:/home/yahboom/cartoros2/install/path_planner_server:/home/yahboom/cartoros2/install/nav2_simple_commander:/home/yahboom/cartoros2/install/nav2_gazebo_spawner:/home/yahboom/cartoros2/install/localization_server:/home/yahboom/cartoros2/install/laserscan_to_point_pulisher:/home/yahboom/yahboomcar_ws/install/yahboom_dog_example:/opt/ros/humble /usr/bin/cmake /home/yahboom/intro_ws/src/examples/rclcpp/timers/minimal_timer -DCMAKE_INSTALL_PREFIX=/home/yahboom/intro_ws/install/examples_rclcpp_minimal_timer
[94.568s] DEBUG:colcon.colcon_core.event_handler.log_command:Invoked command in '/home/yahboom/intro_ws/build/examples_rclcpp_minimal_subscriber' returned '0': CMAKE_PREFIX_PATH=${CMAKE_PREFIX_PATH}:/home/yahboom/cartoros2/install/yahboomcar_nav:/home/yahboom/cartoros2/install/yahboomcar_ctrl:/home/yahboom/cartoros2/install/yahboom_visual:/home/yahboom/cartoros2/install/yahboom_dog_joint_state:/home/yahboom/cartoros2/install/yahboom_description:/home/yahboom/cartoros2/install/yahboom_color_identify_server:/home/yahboom/cartoros2/install/yahboom_bringup:/home/yahboom/cartoros2/install/yahboom_base:/home/yahboom/cartoros2/install/yahboom_app_save_map:/home/yahboom/cartoros2/install/update_map:/home/yahboom/cartoros2/install/rosboard:/home/yahboom/cartoros2/install/path_planner_server:/home/yahboom/cartoros2/install/nav2_simple_commander:/home/yahboom/cartoros2/install/nav2_gazebo_spawner:/home/yahboom/cartoros2/install/localization_server:/home/yahboom/cartoros2/install/laserscan_to_point_pulisher:/home/yahboom/yahboomcar_ws/install/yahboom_dog_example:/opt/ros/humble /usr/bin/cmake /home/yahboom/intro_ws/src/examples/rclcpp/topics/minimal_subscriber -DCMAKE_INSTALL_PREFIX=/home/yahboom/intro_ws/install/examples_rclcpp_minimal_subscriber
[94.583s] DEBUG:colcon.colcon_core.event_handler.log_command:Invoking command in '/home/yahboom/intro_ws/build/examples_rclcpp_minimal_subscriber': CMAKE_PREFIX_PATH=${CMAKE_PREFIX_PATH}:/home/yahboom/cartoros2/install/yahboomcar_nav:/home/yahboom/cartoros2/install/yahboomcar_ctrl:/home/yahboom/cartoros2/install/yahboom_visual:/home/yahboom/cartoros2/install/yahboom_dog_joint_state:/home/yahboom/cartoros2/install/yahboom_description:/home/yahboom/cartoros2/install/yahboom_color_identify_server:/home/yahboom/cartoros2/install/yahboom_bringup:/home/yahboom/cartoros2/install/yahboom_base:/home/yahboom/cartoros2/install/yahboom_app_save_map:/home/yahboom/cartoros2/install/update_map:/home/yahboom/cartoros2/install/rosboard:/home/yahboom/cartoros2/install/path_planner_server:/home/yahboom/cartoros2/install/nav2_simple_commander:/home/yahboom/cartoros2/install/nav2_gazebo_spawner:/home/yahboom/cartoros2/install/localization_server:/home/yahboom/cartoros2/install/laserscan_to_point_pulisher:/home/yahboom/yahboomcar_ws/install/yahboom_dog_example:/opt/ros/humble /usr/bin/cmake --build /home/yahboom/intro_ws/build/examples_rclcpp_minimal_subscriber -- -j4 -l4
[98.828s] DEBUG:colcon.colcon_core.event_handler.log_command:Invoked command in '/home/yahboom/intro_ws/build/examples_rclcpp_minimal_timer' returned '0': CMAKE_PREFIX_PATH=${CMAKE_PREFIX_PATH}:/home/yahboom/cartoros2/install/yahboomcar_nav:/home/yahboom/cartoros2/install/yahboomcar_ctrl:/home/yahboom/cartoros2/install/yahboom_visual:/home/yahboom/cartoros2/install/yahboom_dog_joint_state:/home/yahboom/cartoros2/install/yahboom_description:/home/yahboom/cartoros2/install/yahboom_color_identify_server:/home/yahboom/cartoros2/install/yahboom_bringup:/home/yahboom/cartoros2/install/yahboom_base:/home/yahboom/cartoros2/install/yahboom_app_save_map:/home/yahboom/cartoros2/install/update_map:/home/yahboom/cartoros2/install/rosboard:/home/yahboom/cartoros2/install/path_planner_server:/home/yahboom/cartoros2/install/nav2_simple_commander:/home/yahboom/cartoros2/install/nav2_gazebo_spawner:/home/yahboom/cartoros2/install/localization_server:/home/yahboom/cartoros2/install/laserscan_to_point_pulisher:/home/yahboom/yahboomcar_ws/install/yahboom_dog_example:/opt/ros/humble /usr/bin/cmake /home/yahboom/intro_ws/src/examples/rclcpp/timers/minimal_timer -DCMAKE_INSTALL_PREFIX=/home/yahboom/intro_ws/install/examples_rclcpp_minimal_timer
[98.834s] DEBUG:colcon.colcon_core.event_handler.log_command:Invoking command in '/home/yahboom/intro_ws/build/examples_rclcpp_minimal_timer': CMAKE_PREFIX_PATH=${CMAKE_PREFIX_PATH}:/home/yahboom/cartoros2/install/yahboomcar_nav:/home/yahboom/cartoros2/install/yahboomcar_ctrl:/home/yahboom/cartoros2/install/yahboom_visual:/home/yahboom/cartoros2/install/yahboom_dog_joint_state:/home/yahboom/cartoros2/install/yahboom_description:/home/yahboom/cartoros2/install/yahboom_color_identify_server:/home/yahboom/cartoros2/install/yahboom_bringup:/home/yahboom/cartoros2/install/yahboom_base:/home/yahboom/cartoros2/install/yahboom_app_save_map:/home/yahboom/cartoros2/install/update_map:/home/yahboom/cartoros2/install/rosboard:/home/yahboom/cartoros2/install/path_planner_server:/home/yahboom/cartoros2/install/nav2_simple_commander:/home/yahboom/cartoros2/install/nav2_gazebo_spawner:/home/yahboom/cartoros2/install/localization_server:/home/yahboom/cartoros2/install/laserscan_to_point_pulisher:/home/yahboom/yahboomcar_ws/install/yahboom_dog_example:/opt/ros/humble /usr/bin/cmake --build /home/yahboom/intro_ws/build/examples_rclcpp_minimal_timer -- -j4 -l4
[112.461s] DEBUG:colcon.colcon_core.event_handler.log_command:Invoked command in '/home/yahboom/intro_ws/build/examples_rclcpp_minimal_timer' returned '0': CMAKE_PREFIX_PATH=${CMAKE_PREFIX_PATH}:/home/yahboom/cartoros2/install/yahboomcar_nav:/home/yahboom/cartoros2/install/yahboomcar_ctrl:/home/yahboom/cartoros2/install/yahboom_visual:/home/yahboom/cartoros2/install/yahboom_dog_joint_state:/home/yahboom/cartoros2/install/yahboom_description:/home/yahboom/cartoros2/install/yahboom_color_identify_server:/home/yahboom/cartoros2/install/yahboom_bringup:/home/yahboom/cartoros2/install/yahboom_base:/home/yahboom/cartoros2/install/yahboom_app_save_map:/home/yahboom/cartoros2/install/update_map:/home/yahboom/cartoros2/install/rosboard:/home/yahboom/cartoros2/install/path_planner_server:/home/yahboom/cartoros2/install/nav2_simple_commander:/home/yahboom/cartoros2/install/nav2_gazebo_spawner:/home/yahboom/cartoros2/install/localization_server:/home/yahboom/cartoros2/install/laserscan_to_point_pulisher:/home/yahboom/yahboomcar_ws/install/yahboom_dog_example:/opt/ros/humble /usr/bin/cmake --build /home/yahboom/intro_ws/build/examples_rclcpp_minimal_timer -- -j4 -l4
[112.467s] DEBUG:colcon.colcon_core.event_handler.log_command:Invoking command in '/home/yahboom/intro_ws/build/examples_rclcpp_minimal_timer': CMAKE_PREFIX_PATH=${CMAKE_PREFIX_PATH}:/home/yahboom/cartoros2/install/yahboomcar_nav:/home/yahboom/cartoros2/install/yahboomcar_ctrl:/home/yahboom/cartoros2/install/yahboom_visual:/home/yahboom/cartoros2/install/yahboom_dog_joint_state:/home/yahboom/cartoros2/install/yahboom_description:/home/yahboom/cartoros2/install/yahboom_color_identify_server:/home/yahboom/cartoros2/install/yahboom_bringup:/home/yahboom/cartoros2/install/yahboom_base:/home/yahboom/cartoros2/install/yahboom_app_save_map:/home/yahboom/cartoros2/install/update_map:/home/yahboom/cartoros2/install/rosboard:/home/yahboom/cartoros2/install/path_planner_server:/home/yahboom/cartoros2/install/nav2_simple_commander:/home/yahboom/cartoros2/install/nav2_gazebo_spawner:/home/yahboom/cartoros2/install/localization_server:/home/yahboom/cartoros2/install/laserscan_to_point_pulisher:/home/yahboom/yahboomcar_ws/install/yahboom_dog_example:/opt/ros/humble /usr/bin/cmake --install /home/yahboom/intro_ws/build/examples_rclcpp_minimal_timer
[112.510s] Level 1:colcon.colcon_core.environment:create_environment_scripts_only(examples_rclcpp_minimal_timer)
[112.512s] Level 1:colcon.colcon_core.environment:checking '/home/yahboom/intro_ws/install/examples_rclcpp_minimal_timer' for CMake module files
[112.514s] Level 1:colcon.colcon_core.environment:checking '/home/yahboom/intro_ws/install/examples_rclcpp_minimal_timer' for CMake config files
[112.514s] Level 1:colcon.colcon_core.shell:create_environment_hook('examples_rclcpp_minimal_timer', 'cmake_prefix_path')
[112.512s] DEBUG:colcon.colcon_core.event_handler.log_command:Invoked command in '/home/yahboom/intro_ws/build/examples_rclcpp_minimal_timer' returned '0': CMAKE_PREFIX_PATH=${CMAKE_PREFIX_PATH}:/home/yahboom/cartoros2/install/yahboomcar_nav:/home/yahboom/cartoros2/install/yahboomcar_ctrl:/home/yahboom/cartoros2/install/yahboom_visual:/home/yahboom/cartoros2/install/yahboom_dog_joint_state:/home/yahboom/cartoros2/install/yahboom_description:/home/yahboom/cartoros2/install/yahboom_color_identify_server:/home/yahboom/cartoros2/install/yahboom_bringup:/home/yahboom/cartoros2/install/yahboom_base:/home/yahboom/cartoros2/install/yahboom_app_save_map:/home/yahboom/cartoros2/install/update_map:/home/yahboom/cartoros2/install/rosboard:/home/yahboom/cartoros2/install/path_planner_server:/home/yahboom/cartoros2/install/nav2_simple_commander:/home/yahboom/cartoros2/install/nav2_gazebo_spawner:/home/yahboom/cartoros2/install/localization_server:/home/yahboom/cartoros2/install/laserscan_to_point_pulisher:/home/yahboom/yahboomcar_ws/install/yahboom_dog_example:/opt/ros/humble /usr/bin/cmake --install /home/yahboom/intro_ws/build/examples_rclcpp_minimal_timer
[112.515s] INFO:colcon.colcon_core.shell:Creating environment hook '/home/yahboom/intro_ws/install/examples_rclcpp_minimal_timer/share/examples_rclcpp_minimal_timer/hook/cmake_prefix_path.ps1'
[112.516s] INFO:colcon.colcon_core.shell:Creating environment descriptor '/home/yahboom/intro_ws/install/examples_rclcpp_minimal_timer/share/examples_rclcpp_minimal_timer/hook/cmake_prefix_path.dsv'
[112.516s] INFO:colcon.colcon_core.shell:Creating environment hook '/home/yahboom/intro_ws/install/examples_rclcpp_minimal_timer/share/examples_rclcpp_minimal_timer/hook/cmake_prefix_path.sh'
[112.518s] Level 1:colcon.colcon_core.environment:checking '/home/yahboom/intro_ws/install/examples_rclcpp_minimal_timer/lib'
[112.519s] Level 1:colcon.colcon_core.environment:checking '/home/yahboom/intro_ws/install/examples_rclcpp_minimal_timer/bin'
[112.519s] Level 1:colcon.colcon_core.environment:checking '/home/yahboom/intro_ws/install/examples_rclcpp_minimal_timer/lib/pkgconfig/examples_rclcpp_minimal_timer.pc'
[112.521s] Level 1:colcon.colcon_core.environment:checking '/home/yahboom/intro_ws/install/examples_rclcpp_minimal_timer/lib/python3.10/site-packages'
[112.522s] Level 1:colcon.colcon_core.environment:checking '/home/yahboom/intro_ws/install/examples_rclcpp_minimal_timer/bin'
[112.523s] INFO:colcon.colcon_core.shell:Creating package script '/home/yahboom/intro_ws/install/examples_rclcpp_minimal_timer/share/examples_rclcpp_minimal_timer/package.ps1'
[112.524s] INFO:colcon.colcon_core.shell:Creating package descriptor '/home/yahboom/intro_ws/install/examples_rclcpp_minimal_timer/share/examples_rclcpp_minimal_timer/package.dsv'
[112.525s] INFO:colcon.colcon_core.shell:Creating package script '/home/yahboom/intro_ws/install/examples_rclcpp_minimal_timer/share/examples_rclcpp_minimal_timer/package.sh'
[112.526s] INFO:colcon.colcon_core.shell:Creating package script '/home/yahboom/intro_ws/install/examples_rclcpp_minimal_timer/share/examples_rclcpp_minimal_timer/package.bash'
[112.527s] INFO:colcon.colcon_core.shell:Creating package script '/home/yahboom/intro_ws/install/examples_rclcpp_minimal_timer/share/examples_rclcpp_minimal_timer/package.zsh'
[112.528s] Level 1:colcon.colcon_core.environment:create_file_with_runtime_dependencies(/home/yahboom/intro_ws/install/examples_rclcpp_minimal_timer/share/colcon-core/packages/examples_rclcpp_minimal_timer)
[112.530s] Level 1:colcon.colcon_core.environment:create_environment_scripts_only(examples_rclcpp_minimal_timer)
[112.530s] Level 1:colcon.colcon_core.environment:checking '/home/yahboom/intro_ws/install/examples_rclcpp_minimal_timer' for CMake module files
[112.531s] Level 1:colcon.colcon_core.environment:checking '/home/yahboom/intro_ws/install/examples_rclcpp_minimal_timer' for CMake config files
[112.532s] Level 1:colcon.colcon_core.shell:create_environment_hook('examples_rclcpp_minimal_timer', 'cmake_prefix_path')
[112.532s] INFO:colcon.colcon_core.shell:Creating environment hook '/home/yahboom/intro_ws/install/examples_rclcpp_minimal_timer/share/examples_rclcpp_minimal_timer/hook/cmake_prefix_path.ps1'
[112.534s] INFO:colcon.colcon_core.shell:Creating environment descriptor '/home/yahboom/intro_ws/install/examples_rclcpp_minimal_timer/share/examples_rclcpp_minimal_timer/hook/cmake_prefix_path.dsv'
[112.535s] INFO:colcon.colcon_core.shell:Creating environment hook '/home/yahboom/intro_ws/install/examples_rclcpp_minimal_timer/share/examples_rclcpp_minimal_timer/hook/cmake_prefix_path.sh'
[112.537s] Level 1:colcon.colcon_core.environment:checking '/home/yahboom/intro_ws/install/examples_rclcpp_minimal_timer/lib'
[112.538s] Level 1:colcon.colcon_core.environment:checking '/home/yahboom/intro_ws/install/examples_rclcpp_minimal_timer/bin'
[112.538s] Level 1:colcon.colcon_core.environment:checking '/home/yahboom/intro_ws/install/examples_rclcpp_minimal_timer/lib/pkgconfig/examples_rclcpp_minimal_timer.pc'
[112.539s] Level 1:colcon.colcon_core.environment:checking '/home/yahboom/intro_ws/install/examples_rclcpp_minimal_timer/lib/python3.10/site-packages'
[112.539s] Level 1:colcon.colcon_core.environment:checking '/home/yahboom/intro_ws/install/examples_rclcpp_minimal_timer/bin'
[112.540s] INFO:colcon.colcon_core.shell:Creating package script '/home/yahboom/intro_ws/install/examples_rclcpp_minimal_timer/share/examples_rclcpp_minimal_timer/package.ps1'
[112.541s] INFO:colcon.colcon_core.shell:Creating package descriptor '/home/yahboom/intro_ws/install/examples_rclcpp_minimal_timer/share/examples_rclcpp_minimal_timer/package.dsv'
[112.543s] INFO:colcon.colcon_core.shell:Creating package script '/home/yahboom/intro_ws/install/examples_rclcpp_minimal_timer/share/examples_rclcpp_minimal_timer/package.sh'
[112.544s] INFO:colcon.colcon_core.shell:Creating package script '/home/yahboom/intro_ws/install/examples_rclcpp_minimal_timer/share/examples_rclcpp_minimal_timer/package.bash'
[112.545s] INFO:colcon.colcon_core.shell:Creating package script '/home/yahboom/intro_ws/install/examples_rclcpp_minimal_timer/share/examples_rclcpp_minimal_timer/package.zsh'
[112.546s] Level 1:colcon.colcon_core.environment:create_file_with_runtime_dependencies(/home/yahboom/intro_ws/install/examples_rclcpp_minimal_timer/share/colcon-core/packages/examples_rclcpp_minimal_timer)
[112.550s] INFO:colcon.colcon_ros.task.ament_cmake.build:Building ROS package in '/home/yahboom/intro_ws/src/examples/rclcpp/executors/multithreaded_executor' with build type 'ament_cmake'
[112.551s] INFO:colcon.colcon_cmake.task.cmake.build:Building CMake package in '/home/yahboom/intro_ws/src/examples/rclcpp/executors/multithreaded_executor'
[112.551s] INFO:colcon.colcon_core.shell:Skip shell extension 'powershell' for command environment: Not usable outside of PowerShell
[112.551s] DEBUG:colcon.colcon_core.shell:Skip shell extension 'dsv' for command environment
[112.619s] DEBUG:colcon.colcon_core.event_handler.log_command:Invoking command in '/home/yahboom/intro_ws/build/examples_rclcpp_multithreaded_executor': CMAKE_PREFIX_PATH=${CMAKE_PREFIX_PATH}:/home/yahboom/cartoros2/install/yahboomcar_nav:/home/yahboom/cartoros2/install/yahboomcar_ctrl:/home/yahboom/cartoros2/install/yahboom_visual:/home/yahboom/cartoros2/install/yahboom_dog_joint_state:/home/yahboom/cartoros2/install/yahboom_description:/home/yahboom/cartoros2/install/yahboom_color_identify_server:/home/yahboom/cartoros2/install/yahboom_bringup:/home/yahboom/cartoros2/install/yahboom_base:/home/yahboom/cartoros2/install/yahboom_app_save_map:/home/yahboom/cartoros2/install/update_map:/home/yahboom/cartoros2/install/rosboard:/home/yahboom/cartoros2/install/path_planner_server:/home/yahboom/cartoros2/install/nav2_simple_commander:/home/yahboom/cartoros2/install/nav2_gazebo_spawner:/home/yahboom/cartoros2/install/localization_server:/home/yahboom/cartoros2/install/laserscan_to_point_pulisher:/home/yahboom/yahboomcar_ws/install/yahboom_dog_example:/opt/ros/humble /usr/bin/cmake /home/yahboom/intro_ws/src/examples/rclcpp/executors/multithreaded_executor -DCMAKE_INSTALL_PREFIX=/home/yahboom/intro_ws/install/examples_rclcpp_multithreaded_executor
[115.776s] DEBUG:colcon.colcon_core.event_handler.log_command:Invoked command in '/home/yahboom/intro_ws/build/examples_rclcpp_minimal_composition' returned '0': CMAKE_PREFIX_PATH=${CMAKE_PREFIX_PATH}:/home/yahboom/cartoros2/install/yahboomcar_nav:/home/yahboom/cartoros2/install/yahboomcar_ctrl:/home/yahboom/cartoros2/install/yahboom_visual:/home/yahboom/cartoros2/install/yahboom_dog_joint_state:/home/yahboom/cartoros2/install/yahboom_description:/home/yahboom/cartoros2/install/yahboom_color_identify_server:/home/yahboom/cartoros2/install/yahboom_bringup:/home/yahboom/cartoros2/install/yahboom_base:/home/yahboom/cartoros2/install/yahboom_app_save_map:/home/yahboom/cartoros2/install/update_map:/home/yahboom/cartoros2/install/rosboard:/home/yahboom/cartoros2/install/path_planner_server:/home/yahboom/cartoros2/install/nav2_simple_commander:/home/yahboom/cartoros2/install/nav2_gazebo_spawner:/home/yahboom/cartoros2/install/localization_server:/home/yahboom/cartoros2/install/laserscan_to_point_pulisher:/home/yahboom/yahboomcar_ws/install/yahboom_dog_example:/opt/ros/humble /usr/bin/cmake --build /home/yahboom/intro_ws/build/examples_rclcpp_minimal_composition -- -j4 -l4
[115.781s] DEBUG:colcon.colcon_core.event_handler.log_command:Invoking command in '/home/yahboom/intro_ws/build/examples_rclcpp_minimal_composition': CMAKE_PREFIX_PATH=${CMAKE_PREFIX_PATH}:/home/yahboom/cartoros2/install/yahboomcar_nav:/home/yahboom/cartoros2/install/yahboomcar_ctrl:/home/yahboom/cartoros2/install/yahboom_visual:/home/yahboom/cartoros2/install/yahboom_dog_joint_state:/home/yahboom/cartoros2/install/yahboom_description:/home/yahboom/cartoros2/install/yahboom_color_identify_server:/home/yahboom/cartoros2/install/yahboom_bringup:/home/yahboom/cartoros2/install/yahboom_base:/home/yahboom/cartoros2/install/yahboom_app_save_map:/home/yahboom/cartoros2/install/update_map:/home/yahboom/cartoros2/install/rosboard:/home/yahboom/cartoros2/install/path_planner_server:/home/yahboom/cartoros2/install/nav2_simple_commander:/home/yahboom/cartoros2/install/nav2_gazebo_spawner:/home/yahboom/cartoros2/install/localization_server:/home/yahboom/cartoros2/install/laserscan_to_point_pulisher:/home/yahboom/yahboomcar_ws/install/yahboom_dog_example:/opt/ros/humble /usr/bin/cmake --install /home/yahboom/intro_ws/build/examples_rclcpp_minimal_composition
[115.852s] Level 1:colcon.colcon_core.environment:create_environment_scripts_only(examples_rclcpp_minimal_composition)
[115.853s] Level 1:colcon.colcon_core.environment:checking '/home/yahboom/intro_ws/install/examples_rclcpp_minimal_composition' for CMake module files
[115.854s] Level 1:colcon.colcon_core.environment:checking '/home/yahboom/intro_ws/install/examples_rclcpp_minimal_composition' for CMake config files
[115.855s] Level 1:colcon.colcon_core.shell:create_environment_hook('examples_rclcpp_minimal_composition', 'cmake_prefix_path')
[115.855s] INFO:colcon.colcon_core.shell:Creating environment hook '/home/yahboom/intro_ws/install/examples_rclcpp_minimal_composition/share/examples_rclcpp_minimal_composition/hook/cmake_prefix_path.ps1'
[115.856s] DEBUG:colcon.colcon_core.event_handler.log_command:Invoked command in '/home/yahboom/intro_ws/build/examples_rclcpp_minimal_composition' returned '0': CMAKE_PREFIX_PATH=${CMAKE_PREFIX_PATH}:/home/yahboom/cartoros2/install/yahboomcar_nav:/home/yahboom/cartoros2/install/yahboomcar_ctrl:/home/yahboom/cartoros2/install/yahboom_visual:/home/yahboom/cartoros2/install/yahboom_dog_joint_state:/home/yahboom/cartoros2/install/yahboom_description:/home/yahboom/cartoros2/install/yahboom_color_identify_server:/home/yahboom/cartoros2/install/yahboom_bringup:/home/yahboom/cartoros2/install/yahboom_base:/home/yahboom/cartoros2/install/yahboom_app_save_map:/home/yahboom/cartoros2/install/update_map:/home/yahboom/cartoros2/install/rosboard:/home/yahboom/cartoros2/install/path_planner_server:/home/yahboom/cartoros2/install/nav2_simple_commander:/home/yahboom/cartoros2/install/nav2_gazebo_spawner:/home/yahboom/cartoros2/install/localization_server:/home/yahboom/cartoros2/install/laserscan_to_point_pulisher:/home/yahboom/yahboomcar_ws/install/yahboom_dog_example:/opt/ros/humble /usr/bin/cmake --install /home/yahboom/intro_ws/build/examples_rclcpp_minimal_composition
[115.857s] INFO:colcon.colcon_core.shell:Creating environment descriptor '/home/yahboom/intro_ws/install/examples_rclcpp_minimal_composition/share/examples_rclcpp_minimal_composition/hook/cmake_prefix_path.dsv'
[115.858s] INFO:colcon.colcon_core.shell:Creating environment hook '/home/yahboom/intro_ws/install/examples_rclcpp_minimal_composition/share/examples_rclcpp_minimal_composition/hook/cmake_prefix_path.sh'
[115.860s] Level 1:colcon.colcon_core.environment:checking '/home/yahboom/intro_ws/install/examples_rclcpp_minimal_composition/lib'
[115.860s] Level 1:colcon.colcon_core.shell:create_environment_hook('examples_rclcpp_minimal_composition', 'ld_library_path_lib')
[115.861s] INFO:colcon.colcon_core.shell:Creating environment hook '/home/yahboom/intro_ws/install/examples_rclcpp_minimal_composition/share/examples_rclcpp_minimal_composition/hook/ld_library_path_lib.ps1'
[115.862s] INFO:colcon.colcon_core.shell:Creating environment descriptor '/home/yahboom/intro_ws/install/examples_rclcpp_minimal_composition/share/examples_rclcpp_minimal_composition/hook/ld_library_path_lib.dsv'
[115.863s] INFO:colcon.colcon_core.shell:Creating environment hook '/home/yahboom/intro_ws/install/examples_rclcpp_minimal_composition/share/examples_rclcpp_minimal_composition/hook/ld_library_path_lib.sh'
[115.864s] Level 1:colcon.colcon_core.environment:checking '/home/yahboom/intro_ws/install/examples_rclcpp_minimal_composition/bin'
[115.864s] Level 1:colcon.colcon_core.environment:checking '/home/yahboom/intro_ws/install/examples_rclcpp_minimal_composition/lib/pkgconfig/examples_rclcpp_minimal_composition.pc'
[115.864s] Level 1:colcon.colcon_core.environment:checking '/home/yahboom/intro_ws/install/examples_rclcpp_minimal_composition/lib/python3.10/site-packages'
[115.865s] Level 1:colcon.colcon_core.environment:checking '/home/yahboom/intro_ws/install/examples_rclcpp_minimal_composition/bin'
[115.866s] INFO:colcon.colcon_core.shell:Creating package script '/home/yahboom/intro_ws/install/examples_rclcpp_minimal_composition/share/examples_rclcpp_minimal_composition/package.ps1'
[115.866s] INFO:colcon.colcon_core.shell:Creating package descriptor '/home/yahboom/intro_ws/install/examples_rclcpp_minimal_composition/share/examples_rclcpp_minimal_composition/package.dsv'
[115.868s] INFO:colcon.colcon_core.shell:Creating package script '/home/yahboom/intro_ws/install/examples_rclcpp_minimal_composition/share/examples_rclcpp_minimal_composition/package.sh'
[115.869s] INFO:colcon.colcon_core.shell:Creating package script '/home/yahboom/intro_ws/install/examples_rclcpp_minimal_composition/share/examples_rclcpp_minimal_composition/package.bash'
[115.869s] INFO:colcon.colcon_core.shell:Creating package script '/home/yahboom/intro_ws/install/examples_rclcpp_minimal_composition/share/examples_rclcpp_minimal_composition/package.zsh'
[115.870s] Level 1:colcon.colcon_core.environment:create_file_with_runtime_dependencies(/home/yahboom/intro_ws/install/examples_rclcpp_minimal_composition/share/colcon-core/packages/examples_rclcpp_minimal_composition)
[115.872s] Level 1:colcon.colcon_core.environment:create_environment_scripts_only(examples_rclcpp_minimal_composition)
[115.873s] Level 1:colcon.colcon_core.environment:checking '/home/yahboom/intro_ws/install/examples_rclcpp_minimal_composition' for CMake module files
[115.874s] Level 1:colcon.colcon_core.environment:checking '/home/yahboom/intro_ws/install/examples_rclcpp_minimal_composition' for CMake config files
[115.874s] Level 1:colcon.colcon_core.shell:create_environment_hook('examples_rclcpp_minimal_composition', 'cmake_prefix_path')
[115.875s] INFO:colcon.colcon_core.shell:Creating environment hook '/home/yahboom/intro_ws/install/examples_rclcpp_minimal_composition/share/examples_rclcpp_minimal_composition/hook/cmake_prefix_path.ps1'
[115.876s] INFO:colcon.colcon_core.shell:Creating environment descriptor '/home/yahboom/intro_ws/install/examples_rclcpp_minimal_composition/share/examples_rclcpp_minimal_composition/hook/cmake_prefix_path.dsv'
[115.877s] INFO:colcon.colcon_core.shell:Creating environment hook '/home/yahboom/intro_ws/install/examples_rclcpp_minimal_composition/share/examples_rclcpp_minimal_composition/hook/cmake_prefix_path.sh'
[115.880s] Level 1:colcon.colcon_core.environment:checking '/home/yahboom/intro_ws/install/examples_rclcpp_minimal_composition/lib'
[115.880s] Level 1:colcon.colcon_core.shell:create_environment_hook('examples_rclcpp_minimal_composition', 'ld_library_path_lib')
[115.880s] INFO:colcon.colcon_core.shell:Creating environment hook '/home/yahboom/intro_ws/install/examples_rclcpp_minimal_composition/share/examples_rclcpp_minimal_composition/hook/ld_library_path_lib.ps1'
[115.882s] INFO:colcon.colcon_core.shell:Creating environment descriptor '/home/yahboom/intro_ws/install/examples_rclcpp_minimal_composition/share/examples_rclcpp_minimal_composition/hook/ld_library_path_lib.dsv'
[115.883s] INFO:colcon.colcon_core.shell:Creating environment hook '/home/yahboom/intro_ws/install/examples_rclcpp_minimal_composition/share/examples_rclcpp_minimal_composition/hook/ld_library_path_lib.sh'
[115.884s] Level 1:colcon.colcon_core.environment:checking '/home/yahboom/intro_ws/install/examples_rclcpp_minimal_composition/bin'
[115.885s] Level 1:colcon.colcon_core.environment:checking '/home/yahboom/intro_ws/install/examples_rclcpp_minimal_composition/lib/pkgconfig/examples_rclcpp_minimal_composition.pc'
[115.885s] Level 1:colcon.colcon_core.environment:checking '/home/yahboom/intro_ws/install/examples_rclcpp_minimal_composition/lib/python3.10/site-packages'
[115.886s] Level 1:colcon.colcon_core.environment:checking '/home/yahboom/intro_ws/install/examples_rclcpp_minimal_composition/bin'
[115.886s] INFO:colcon.colcon_core.shell:Creating package script '/home/yahboom/intro_ws/install/examples_rclcpp_minimal_composition/share/examples_rclcpp_minimal_composition/package.ps1'
[115.889s] INFO:colcon.colcon_core.shell:Creating package descriptor '/home/yahboom/intro_ws/install/examples_rclcpp_minimal_composition/share/examples_rclcpp_minimal_composition/package.dsv'
[115.890s] INFO:colcon.colcon_core.shell:Creating package script '/home/yahboom/intro_ws/install/examples_rclcpp_minimal_composition/share/examples_rclcpp_minimal_composition/package.sh'
[115.891s] INFO:colcon.colcon_core.shell:Creating package script '/home/yahboom/intro_ws/install/examples_rclcpp_minimal_composition/share/examples_rclcpp_minimal_composition/package.bash'
[115.893s] INFO:colcon.colcon_core.shell:Creating package script '/home/yahboom/intro_ws/install/examples_rclcpp_minimal_composition/share/examples_rclcpp_minimal_composition/package.zsh'
[115.895s] Level 1:colcon.colcon_core.environment:create_file_with_runtime_dependencies(/home/yahboom/intro_ws/install/examples_rclcpp_minimal_composition/share/colcon-core/packages/examples_rclcpp_minimal_composition)
[115.897s] INFO:colcon.colcon_ros.task.ament_cmake.build:Building ROS package in '/home/yahboom/intro_ws/src/examples/rclcpp/wait_set' with build type 'ament_cmake'
[115.897s] INFO:colcon.colcon_cmake.task.cmake.build:Building CMake package in '/home/yahboom/intro_ws/src/examples/rclcpp/wait_set'
[115.898s] INFO:colcon.colcon_core.shell:Skip shell extension 'powershell' for command environment: Not usable outside of PowerShell
[115.898s] DEBUG:colcon.colcon_core.shell:Skip shell extension 'dsv' for command environment
[115.944s] DEBUG:colcon.colcon_core.event_handler.log_command:Invoking command in '/home/yahboom/intro_ws/build/examples_rclcpp_wait_set': CMAKE_PREFIX_PATH=${CMAKE_PREFIX_PATH}:/home/yahboom/cartoros2/install/yahboomcar_nav:/home/yahboom/cartoros2/install/yahboomcar_ctrl:/home/yahboom/cartoros2/install/yahboom_visual:/home/yahboom/cartoros2/install/yahboom_dog_joint_state:/home/yahboom/cartoros2/install/yahboom_description:/home/yahboom/cartoros2/install/yahboom_color_identify_server:/home/yahboom/cartoros2/install/yahboom_bringup:/home/yahboom/cartoros2/install/yahboom_base:/home/yahboom/cartoros2/install/yahboom_app_save_map:/home/yahboom/cartoros2/install/update_map:/home/yahboom/cartoros2/install/rosboard:/home/yahboom/cartoros2/install/path_planner_server:/home/yahboom/cartoros2/install/nav2_simple_commander:/home/yahboom/cartoros2/install/nav2_gazebo_spawner:/home/yahboom/cartoros2/install/localization_server:/home/yahboom/cartoros2/install/laserscan_to_point_pulisher:/home/yahboom/yahboomcar_ws/install/yahboom_dog_example:/opt/ros/humble /usr/bin/cmake /home/yahboom/intro_ws/src/examples/rclcpp/wait_set -DCMAKE_INSTALL_PREFIX=/home/yahboom/intro_ws/install/examples_rclcpp_wait_set
[118.205s] DEBUG:colcon.colcon_core.event_handler.log_command:Invoked command in '/home/yahboom/intro_ws/build/examples_rclcpp_multithreaded_executor' returned '0': CMAKE_PREFIX_PATH=${CMAKE_PREFIX_PATH}:/home/yahboom/cartoros2/install/yahboomcar_nav:/home/yahboom/cartoros2/install/yahboomcar_ctrl:/home/yahboom/cartoros2/install/yahboom_visual:/home/yahboom/cartoros2/install/yahboom_dog_joint_state:/home/yahboom/cartoros2/install/yahboom_description:/home/yahboom/cartoros2/install/yahboom_color_identify_server:/home/yahboom/cartoros2/install/yahboom_bringup:/home/yahboom/cartoros2/install/yahboom_base:/home/yahboom/cartoros2/install/yahboom_app_save_map:/home/yahboom/cartoros2/install/update_map:/home/yahboom/cartoros2/install/rosboard:/home/yahboom/cartoros2/install/path_planner_server:/home/yahboom/cartoros2/install/nav2_simple_commander:/home/yahboom/cartoros2/install/nav2_gazebo_spawner:/home/yahboom/cartoros2/install/localization_server:/home/yahboom/cartoros2/install/laserscan_to_point_pulisher:/home/yahboom/yahboomcar_ws/install/yahboom_dog_example:/opt/ros/humble /usr/bin/cmake /home/yahboom/intro_ws/src/examples/rclcpp/executors/multithreaded_executor -DCMAKE_INSTALL_PREFIX=/home/yahboom/intro_ws/install/examples_rclcpp_multithreaded_executor
[118.206s] DEBUG:colcon.colcon_core.event_handler.log_command:Invoking command in '/home/yahboom/intro_ws/build/examples_rclcpp_multithreaded_executor': CMAKE_PREFIX_PATH=${CMAKE_PREFIX_PATH}:/home/yahboom/cartoros2/install/yahboomcar_nav:/home/yahboom/cartoros2/install/yahboomcar_ctrl:/home/yahboom/cartoros2/install/yahboom_visual:/home/yahboom/cartoros2/install/yahboom_dog_joint_state:/home/yahboom/cartoros2/install/yahboom_description:/home/yahboom/cartoros2/install/yahboom_color_identify_server:/home/yahboom/cartoros2/install/yahboom_bringup:/home/yahboom/cartoros2/install/yahboom_base:/home/yahboom/cartoros2/install/yahboom_app_save_map:/home/yahboom/cartoros2/install/update_map:/home/yahboom/cartoros2/install/rosboard:/home/yahboom/cartoros2/install/path_planner_server:/home/yahboom/cartoros2/install/nav2_simple_commander:/home/yahboom/cartoros2/install/nav2_gazebo_spawner:/home/yahboom/cartoros2/install/localization_server:/home/yahboom/cartoros2/install/laserscan_to_point_pulisher:/home/yahboom/yahboomcar_ws/install/yahboom_dog_example:/opt/ros/humble /usr/bin/cmake --build /home/yahboom/intro_ws/build/examples_rclcpp_multithreaded_executor -- -j4 -l4
[122.317s] DEBUG:colcon.colcon_core.event_handler.log_command:Invoked command in '/home/yahboom/intro_ws/build/examples_rclcpp_wait_set' returned '0': CMAKE_PREFIX_PATH=${CMAKE_PREFIX_PATH}:/home/yahboom/cartoros2/install/yahboomcar_nav:/home/yahboom/cartoros2/install/yahboomcar_ctrl:/home/yahboom/cartoros2/install/yahboom_visual:/home/yahboom/cartoros2/install/yahboom_dog_joint_state:/home/yahboom/cartoros2/install/yahboom_description:/home/yahboom/cartoros2/install/yahboom_color_identify_server:/home/yahboom/cartoros2/install/yahboom_bringup:/home/yahboom/cartoros2/install/yahboom_base:/home/yahboom/cartoros2/install/yahboom_app_save_map:/home/yahboom/cartoros2/install/update_map:/home/yahboom/cartoros2/install/rosboard:/home/yahboom/cartoros2/install/path_planner_server:/home/yahboom/cartoros2/install/nav2_simple_commander:/home/yahboom/cartoros2/install/nav2_gazebo_spawner:/home/yahboom/cartoros2/install/localization_server:/home/yahboom/cartoros2/install/laserscan_to_point_pulisher:/home/yahboom/yahboomcar_ws/install/yahboom_dog_example:/opt/ros/humble /usr/bin/cmake /home/yahboom/intro_ws/src/examples/rclcpp/wait_set -DCMAKE_INSTALL_PREFIX=/home/yahboom/intro_ws/install/examples_rclcpp_wait_set
[122.319s] DEBUG:colcon.colcon_core.event_handler.log_command:Invoking command in '/home/yahboom/intro_ws/build/examples_rclcpp_wait_set': CMAKE_PREFIX_PATH=${CMAKE_PREFIX_PATH}:/home/yahboom/cartoros2/install/yahboomcar_nav:/home/yahboom/cartoros2/install/yahboomcar_ctrl:/home/yahboom/cartoros2/install/yahboom_visual:/home/yahboom/cartoros2/install/yahboom_dog_joint_state:/home/yahboom/cartoros2/install/yahboom_description:/home/yahboom/cartoros2/install/yahboom_color_identify_server:/home/yahboom/cartoros2/install/yahboom_bringup:/home/yahboom/cartoros2/install/yahboom_base:/home/yahboom/cartoros2/install/yahboom_app_save_map:/home/yahboom/cartoros2/install/update_map:/home/yahboom/cartoros2/install/rosboard:/home/yahboom/cartoros2/install/path_planner_server:/home/yahboom/cartoros2/install/nav2_simple_commander:/home/yahboom/cartoros2/install/nav2_gazebo_spawner:/home/yahboom/cartoros2/install/localization_server:/home/yahboom/cartoros2/install/laserscan_to_point_pulisher:/home/yahboom/yahboomcar_ws/install/yahboom_dog_example:/opt/ros/humble /usr/bin/cmake --build /home/yahboom/intro_ws/build/examples_rclcpp_wait_set -- -j4 -l4
[124.272s] DEBUG:colcon.colcon_core.event_handler.log_command:Invoked command in '/home/yahboom/intro_ws/build/examples_rclcpp_minimal_publisher' returned '0': CMAKE_PREFIX_PATH=${CMAKE_PREFIX_PATH}:/home/yahboom/cartoros2/install/yahboomcar_nav:/home/yahboom/cartoros2/install/yahboomcar_ctrl:/home/yahboom/cartoros2/install/yahboom_visual:/home/yahboom/cartoros2/install/yahboom_dog_joint_state:/home/yahboom/cartoros2/install/yahboom_description:/home/yahboom/cartoros2/install/yahboom_color_identify_server:/home/yahboom/cartoros2/install/yahboom_bringup:/home/yahboom/cartoros2/install/yahboom_base:/home/yahboom/cartoros2/install/yahboom_app_save_map:/home/yahboom/cartoros2/install/update_map:/home/yahboom/cartoros2/install/rosboard:/home/yahboom/cartoros2/install/path_planner_server:/home/yahboom/cartoros2/install/nav2_simple_commander:/home/yahboom/cartoros2/install/nav2_gazebo_spawner:/home/yahboom/cartoros2/install/localization_server:/home/yahboom/cartoros2/install/laserscan_to_point_pulisher:/home/yahboom/yahboomcar_ws/install/yahboom_dog_example:/opt/ros/humble /usr/bin/cmake --build /home/yahboom/intro_ws/build/examples_rclcpp_minimal_publisher -- -j4 -l4
[124.279s] DEBUG:colcon.colcon_core.event_handler.log_command:Invoking command in '/home/yahboom/intro_ws/build/examples_rclcpp_minimal_publisher': CMAKE_PREFIX_PATH=${CMAKE_PREFIX_PATH}:/home/yahboom/cartoros2/install/yahboomcar_nav:/home/yahboom/cartoros2/install/yahboomcar_ctrl:/home/yahboom/cartoros2/install/yahboom_visual:/home/yahboom/cartoros2/install/yahboom_dog_joint_state:/home/yahboom/cartoros2/install/yahboom_description:/home/yahboom/cartoros2/install/yahboom_color_identify_server:/home/yahboom/cartoros2/install/yahboom_bringup:/home/yahboom/cartoros2/install/yahboom_base:/home/yahboom/cartoros2/install/yahboom_app_save_map:/home/yahboom/cartoros2/install/update_map:/home/yahboom/cartoros2/install/rosboard:/home/yahboom/cartoros2/install/path_planner_server:/home/yahboom/cartoros2/install/nav2_simple_commander:/home/yahboom/cartoros2/install/nav2_gazebo_spawner:/home/yahboom/cartoros2/install/localization_server:/home/yahboom/cartoros2/install/laserscan_to_point_pulisher:/home/yahboom/yahboomcar_ws/install/yahboom_dog_example:/opt/ros/humble /usr/bin/cmake --install /home/yahboom/intro_ws/build/examples_rclcpp_minimal_publisher
[124.364s] Level 1:colcon.colcon_core.environment:create_environment_scripts_only(examples_rclcpp_minimal_publisher)
[124.365s] Level 1:colcon.colcon_core.environment:checking '/home/yahboom/intro_ws/install/examples_rclcpp_minimal_publisher' for CMake module files
[124.366s] DEBUG:colcon.colcon_core.event_handler.log_command:Invoked command in '/home/yahboom/intro_ws/build/examples_rclcpp_minimal_publisher' returned '0': CMAKE_PREFIX_PATH=${CMAKE_PREFIX_PATH}:/home/yahboom/cartoros2/install/yahboomcar_nav:/home/yahboom/cartoros2/install/yahboomcar_ctrl:/home/yahboom/cartoros2/install/yahboom_visual:/home/yahboom/cartoros2/install/yahboom_dog_joint_state:/home/yahboom/cartoros2/install/yahboom_description:/home/yahboom/cartoros2/install/yahboom_color_identify_server:/home/yahboom/cartoros2/install/yahboom_bringup:/home/yahboom/cartoros2/install/yahboom_base:/home/yahboom/cartoros2/install/yahboom_app_save_map:/home/yahboom/cartoros2/install/update_map:/home/yahboom/cartoros2/install/rosboard:/home/yahboom/cartoros2/install/path_planner_server:/home/yahboom/cartoros2/install/nav2_simple_commander:/home/yahboom/cartoros2/install/nav2_gazebo_spawner:/home/yahboom/cartoros2/install/localization_server:/home/yahboom/cartoros2/install/laserscan_to_point_pulisher:/home/yahboom/yahboomcar_ws/install/yahboom_dog_example:/opt/ros/humble /usr/bin/cmake --install /home/yahboom/intro_ws/build/examples_rclcpp_minimal_publisher
[124.367s] Level 1:colcon.colcon_core.environment:checking '/home/yahboom/intro_ws/install/examples_rclcpp_minimal_publisher' for CMake config files
[124.368s] Level 1:colcon.colcon_core.shell:create_environment_hook('examples_rclcpp_minimal_publisher', 'cmake_prefix_path')
[124.369s] INFO:colcon.colcon_core.shell:Creating environment hook '/home/yahboom/intro_ws/install/examples_rclcpp_minimal_publisher/share/examples_rclcpp_minimal_publisher/hook/cmake_prefix_path.ps1'
[124.377s] INFO:colcon.colcon_core.shell:Creating environment descriptor '/home/yahboom/intro_ws/install/examples_rclcpp_minimal_publisher/share/examples_rclcpp_minimal_publisher/hook/cmake_prefix_path.dsv'
[124.378s] INFO:colcon.colcon_core.shell:Creating environment hook '/home/yahboom/intro_ws/install/examples_rclcpp_minimal_publisher/share/examples_rclcpp_minimal_publisher/hook/cmake_prefix_path.sh'
[124.381s] Level 1:colcon.colcon_core.environment:checking '/home/yahboom/intro_ws/install/examples_rclcpp_minimal_publisher/lib'
[124.382s] Level 1:colcon.colcon_core.environment:checking '/home/yahboom/intro_ws/install/examples_rclcpp_minimal_publisher/bin'
[124.382s] Level 1:colcon.colcon_core.environment:checking '/home/yahboom/intro_ws/install/examples_rclcpp_minimal_publisher/lib/pkgconfig/examples_rclcpp_minimal_publisher.pc'
[124.382s] Level 1:colcon.colcon_core.environment:checking '/home/yahboom/intro_ws/install/examples_rclcpp_minimal_publisher/lib/python3.10/site-packages'
[124.383s] Level 1:colcon.colcon_core.environment:checking '/home/yahboom/intro_ws/install/examples_rclcpp_minimal_publisher/bin'
[124.384s] INFO:colcon.colcon_core.shell:Creating package script '/home/yahboom/intro_ws/install/examples_rclcpp_minimal_publisher/share/examples_rclcpp_minimal_publisher/package.ps1'
[124.386s] INFO:colcon.colcon_core.shell:Creating package descriptor '/home/yahboom/intro_ws/install/examples_rclcpp_minimal_publisher/share/examples_rclcpp_minimal_publisher/package.dsv'
[124.387s] INFO:colcon.colcon_core.shell:Creating package script '/home/yahboom/intro_ws/install/examples_rclcpp_minimal_publisher/share/examples_rclcpp_minimal_publisher/package.sh'
[124.389s] INFO:colcon.colcon_core.shell:Creating package script '/home/yahboom/intro_ws/install/examples_rclcpp_minimal_publisher/share/examples_rclcpp_minimal_publisher/package.bash'
[124.389s] INFO:colcon.colcon_core.shell:Creating package script '/home/yahboom/intro_ws/install/examples_rclcpp_minimal_publisher/share/examples_rclcpp_minimal_publisher/package.zsh'
[124.390s] Level 1:colcon.colcon_core.environment:create_file_with_runtime_dependencies(/home/yahboom/intro_ws/install/examples_rclcpp_minimal_publisher/share/colcon-core/packages/examples_rclcpp_minimal_publisher)
[124.394s] Level 1:colcon.colcon_core.environment:create_environment_scripts_only(examples_rclcpp_minimal_publisher)
[124.394s] Level 1:colcon.colcon_core.environment:checking '/home/yahboom/intro_ws/install/examples_rclcpp_minimal_publisher' for CMake module files
[124.395s] Level 1:colcon.colcon_core.environment:checking '/home/yahboom/intro_ws/install/examples_rclcpp_minimal_publisher' for CMake config files
[124.396s] Level 1:colcon.colcon_core.shell:create_environment_hook('examples_rclcpp_minimal_publisher', 'cmake_prefix_path')
[124.396s] INFO:colcon.colcon_core.shell:Creating environment hook '/home/yahboom/intro_ws/install/examples_rclcpp_minimal_publisher/share/examples_rclcpp_minimal_publisher/hook/cmake_prefix_path.ps1'
[124.398s] INFO:colcon.colcon_core.shell:Creating environment descriptor '/home/yahboom/intro_ws/install/examples_rclcpp_minimal_publisher/share/examples_rclcpp_minimal_publisher/hook/cmake_prefix_path.dsv'
[124.399s] INFO:colcon.colcon_core.shell:Creating environment hook '/home/yahboom/intro_ws/install/examples_rclcpp_minimal_publisher/share/examples_rclcpp_minimal_publisher/hook/cmake_prefix_path.sh'
[124.401s] Level 1:colcon.colcon_core.environment:checking '/home/yahboom/intro_ws/install/examples_rclcpp_minimal_publisher/lib'
[124.401s] Level 1:colcon.colcon_core.environment:checking '/home/yahboom/intro_ws/install/examples_rclcpp_minimal_publisher/bin'
[124.402s] Level 1:colcon.colcon_core.environment:checking '/home/yahboom/intro_ws/install/examples_rclcpp_minimal_publisher/lib/pkgconfig/examples_rclcpp_minimal_publisher.pc'
[124.402s] Level 1:colcon.colcon_core.environment:checking '/home/yahboom/intro_ws/install/examples_rclcpp_minimal_publisher/lib/python3.10/site-packages'
[124.403s] Level 1:colcon.colcon_core.environment:checking '/home/yahboom/intro_ws/install/examples_rclcpp_minimal_publisher/bin'
[124.404s] INFO:colcon.colcon_core.shell:Creating package script '/home/yahboom/intro_ws/install/examples_rclcpp_minimal_publisher/share/examples_rclcpp_minimal_publisher/package.ps1'
[124.406s] INFO:colcon.colcon_core.shell:Creating package descriptor '/home/yahboom/intro_ws/install/examples_rclcpp_minimal_publisher/share/examples_rclcpp_minimal_publisher/package.dsv'
[124.407s] INFO:colcon.colcon_core.shell:Creating package script '/home/yahboom/intro_ws/install/examples_rclcpp_minimal_publisher/share/examples_rclcpp_minimal_publisher/package.sh'
[124.409s] INFO:colcon.colcon_core.shell:Creating package script '/home/yahboom/intro_ws/install/examples_rclcpp_minimal_publisher/share/examples_rclcpp_minimal_publisher/package.bash'
[124.410s] INFO:colcon.colcon_core.shell:Creating package script '/home/yahboom/intro_ws/install/examples_rclcpp_minimal_publisher/share/examples_rclcpp_minimal_publisher/package.zsh'
[124.411s] Level 1:colcon.colcon_core.environment:create_file_with_runtime_dependencies(/home/yahboom/intro_ws/install/examples_rclcpp_minimal_publisher/share/colcon-core/packages/examples_rclcpp_minimal_publisher)
[124.414s] INFO:colcon.colcon_ros.task.ament_python.build:Building ROS package in '/home/yahboom/intro_ws/src/examples/rclpy/executors' with build type 'ament_python'
[124.416s] Level 1:colcon.colcon_core.shell:create_environment_hook('examples_rclpy_executors', 'ament_prefix_path')
[124.418s] INFO:colcon.colcon_core.shell:Creating environment hook '/home/yahboom/intro_ws/install/examples_rclpy_executors/share/examples_rclpy_executors/hook/ament_prefix_path.ps1'
[124.419s] INFO:colcon.colcon_core.shell:Creating environment descriptor '/home/yahboom/intro_ws/install/examples_rclpy_executors/share/examples_rclpy_executors/hook/ament_prefix_path.dsv'
[124.420s] INFO:colcon.colcon_core.shell:Creating environment hook '/home/yahboom/intro_ws/install/examples_rclpy_executors/share/examples_rclpy_executors/hook/ament_prefix_path.sh'
[124.422s] INFO:colcon.colcon_core.shell:Skip shell extension 'powershell' for command environment: Not usable outside of PowerShell
[124.422s] DEBUG:colcon.colcon_core.shell:Skip shell extension 'dsv' for command environment
[126.303s] INFO:colcon.colcon_core.task.python.build:Building Python package in '/home/yahboom/intro_ws/src/examples/rclpy/executors'
[126.305s] INFO:colcon.colcon_core.shell:Skip shell extension 'powershell' for command environment: Not usable outside of PowerShell
[126.306s] DEBUG:colcon.colcon_core.shell:Skip shell extension 'dsv' for command environment
[127.831s] DEBUG:colcon.colcon_core.event_handler.log_command:Invoking command in '/home/yahboom/intro_ws/src/examples/rclpy/executors': PYTHONPATH=/home/yahboom/intro_ws/build/examples_rclpy_executors/prefix_override:/usr/lib/python3/dist-packages/colcon_core/task/python/colcon_distutils_commands:/home/yahboom/intro_ws/install/examples_rclpy_executors/lib/python3.10/site-packages:${PYTHONPATH} /usr/bin/python3 -W ignore:setup.py install is deprecated -W ignore:easy_install command is deprecated setup.py egg_info --egg-base ../../../../build/examples_rclpy_executors build --build-base /home/yahboom/intro_ws/build/examples_rclpy_executors/build install --record /home/yahboom/intro_ws/build/examples_rclpy_executors/install.log --single-version-externally-managed install_data
[128.941s] Level 1:colcon.colcon_core.environment:checking '/home/yahboom/intro_ws/install/examples_rclpy_executors' for CMake module files
[128.942s] DEBUG:colcon.colcon_core.event_handler.log_command:Invoked command in '/home/yahboom/intro_ws/src/examples/rclpy/executors' returned '0': PYTHONPATH=/home/yahboom/intro_ws/build/examples_rclpy_executors/prefix_override:/usr/lib/python3/dist-packages/colcon_core/task/python/colcon_distutils_commands:/home/yahboom/intro_ws/install/examples_rclpy_executors/lib/python3.10/site-packages:${PYTHONPATH} /usr/bin/python3 -W ignore:setup.py install is deprecated -W ignore:easy_install command is deprecated setup.py egg_info --egg-base ../../../../build/examples_rclpy_executors build --build-base /home/yahboom/intro_ws/build/examples_rclpy_executors/build install --record /home/yahboom/intro_ws/build/examples_rclpy_executors/install.log --single-version-externally-managed install_data
[128.943s] Level 1:colcon.colcon_core.environment:checking '/home/yahboom/intro_ws/install/examples_rclpy_executors' for CMake config files
[128.945s] Level 1:colcon.colcon_core.environment:checking '/home/yahboom/intro_ws/install/examples_rclpy_executors/lib'
[128.946s] Level 1:colcon.colcon_core.environment:checking '/home/yahboom/intro_ws/install/examples_rclpy_executors/bin'
[128.947s] Level 1:colcon.colcon_core.environment:checking '/home/yahboom/intro_ws/install/examples_rclpy_executors/lib/pkgconfig/examples_rclpy_executors.pc'
[128.947s] Level 1:colcon.colcon_core.environment:checking '/home/yahboom/intro_ws/install/examples_rclpy_executors/lib/python3.10/site-packages'
[128.948s] Level 1:colcon.colcon_core.shell:create_environment_hook('examples_rclpy_executors', 'pythonpath')
[128.949s] INFO:colcon.colcon_core.shell:Creating environment hook '/home/yahboom/intro_ws/install/examples_rclpy_executors/share/examples_rclpy_executors/hook/pythonpath.ps1'
[128.950s] INFO:colcon.colcon_core.shell:Creating environment descriptor '/home/yahboom/intro_ws/install/examples_rclpy_executors/share/examples_rclpy_executors/hook/pythonpath.dsv'
[128.951s] INFO:colcon.colcon_core.shell:Creating environment hook '/home/yahboom/intro_ws/install/examples_rclpy_executors/share/examples_rclpy_executors/hook/pythonpath.sh'
[128.952s] Level 1:colcon.colcon_core.environment:checking '/home/yahboom/intro_ws/install/examples_rclpy_executors/bin'
[128.952s] Level 1:colcon.colcon_core.environment:create_environment_scripts_only(examples_rclpy_executors)
[128.953s] INFO:colcon.colcon_core.shell:Creating package script '/home/yahboom/intro_ws/install/examples_rclpy_executors/share/examples_rclpy_executors/package.ps1'
[128.954s] INFO:colcon.colcon_core.shell:Creating package descriptor '/home/yahboom/intro_ws/install/examples_rclpy_executors/share/examples_rclpy_executors/package.dsv'
[128.955s] INFO:colcon.colcon_core.shell:Creating package script '/home/yahboom/intro_ws/install/examples_rclpy_executors/share/examples_rclpy_executors/package.sh'
[128.956s] INFO:colcon.colcon_core.shell:Creating package script '/home/yahboom/intro_ws/install/examples_rclpy_executors/share/examples_rclpy_executors/package.bash'
[128.957s] INFO:colcon.colcon_core.shell:Creating package script '/home/yahboom/intro_ws/install/examples_rclpy_executors/share/examples_rclpy_executors/package.zsh'
[128.958s] Level 1:colcon.colcon_core.environment:create_file_with_runtime_dependencies(/home/yahboom/intro_ws/install/examples_rclpy_executors/share/colcon-core/packages/examples_rclpy_executors)
[128.959s] INFO:colcon.colcon_ros.task.ament_python.build:Building ROS package in '/home/yahboom/intro_ws/src/examples/rclpy/guard_conditions' with build type 'ament_python'
[128.959s] Level 1:colcon.colcon_core.shell:create_environment_hook('examples_rclpy_guard_conditions', 'ament_prefix_path')
[128.960s] INFO:colcon.colcon_core.shell:Creating environment hook '/home/yahboom/intro_ws/install/examples_rclpy_guard_conditions/share/examples_rclpy_guard_conditions/hook/ament_prefix_path.ps1'
[128.962s] INFO:colcon.colcon_core.shell:Creating environment descriptor '/home/yahboom/intro_ws/install/examples_rclpy_guard_conditions/share/examples_rclpy_guard_conditions/hook/ament_prefix_path.dsv'
[128.963s] INFO:colcon.colcon_core.shell:Creating environment hook '/home/yahboom/intro_ws/install/examples_rclpy_guard_conditions/share/examples_rclpy_guard_conditions/hook/ament_prefix_path.sh'
[128.964s] INFO:colcon.colcon_core.shell:Skip shell extension 'powershell' for command environment: Not usable outside of PowerShell
[128.964s] DEBUG:colcon.colcon_core.shell:Skip shell extension 'dsv' for command environment
[130.019s] INFO:colcon.colcon_core.task.python.build:Building Python package in '/home/yahboom/intro_ws/src/examples/rclpy/guard_conditions'
[130.020s] INFO:colcon.colcon_core.shell:Skip shell extension 'powershell' for command environment: Not usable outside of PowerShell
[130.020s] DEBUG:colcon.colcon_core.shell:Skip shell extension 'dsv' for command environment
[131.295s] DEBUG:colcon.colcon_core.event_handler.log_command:Invoking command in '/home/yahboom/intro_ws/src/examples/rclpy/guard_conditions': PYTHONPATH=/home/yahboom/intro_ws/build/examples_rclpy_guard_conditions/prefix_override:/usr/lib/python3/dist-packages/colcon_core/task/python/colcon_distutils_commands:/home/yahboom/intro_ws/install/examples_rclpy_guard_conditions/lib/python3.10/site-packages:${PYTHONPATH} /usr/bin/python3 -W ignore:setup.py install is deprecated -W ignore:easy_install command is deprecated setup.py egg_info --egg-base ../../../../build/examples_rclpy_guard_conditions build --build-base /home/yahboom/intro_ws/build/examples_rclpy_guard_conditions/build install --record /home/yahboom/intro_ws/build/examples_rclpy_guard_conditions/install.log --single-version-externally-managed install_data
[132.236s] Level 1:colcon.colcon_core.environment:checking '/home/yahboom/intro_ws/install/examples_rclpy_guard_conditions' for CMake module files
[132.236s] DEBUG:colcon.colcon_core.event_handler.log_command:Invoked command in '/home/yahboom/intro_ws/src/examples/rclpy/guard_conditions' returned '0': PYTHONPATH=/home/yahboom/intro_ws/build/examples_rclpy_guard_conditions/prefix_override:/usr/lib/python3/dist-packages/colcon_core/task/python/colcon_distutils_commands:/home/yahboom/intro_ws/install/examples_rclpy_guard_conditions/lib/python3.10/site-packages:${PYTHONPATH} /usr/bin/python3 -W ignore:setup.py install is deprecated -W ignore:easy_install command is deprecated setup.py egg_info --egg-base ../../../../build/examples_rclpy_guard_conditions build --build-base /home/yahboom/intro_ws/build/examples_rclpy_guard_conditions/build install --record /home/yahboom/intro_ws/build/examples_rclpy_guard_conditions/install.log --single-version-externally-managed install_data
[132.237s] Level 1:colcon.colcon_core.environment:checking '/home/yahboom/intro_ws/install/examples_rclpy_guard_conditions' for CMake config files
[132.238s] Level 1:colcon.colcon_core.environment:checking '/home/yahboom/intro_ws/install/examples_rclpy_guard_conditions/lib'
[132.239s] Level 1:colcon.colcon_core.environment:checking '/home/yahboom/intro_ws/install/examples_rclpy_guard_conditions/bin'
[132.239s] Level 1:colcon.colcon_core.environment:checking '/home/yahboom/intro_ws/install/examples_rclpy_guard_conditions/lib/pkgconfig/examples_rclpy_guard_conditions.pc'
[132.239s] Level 1:colcon.colcon_core.environment:checking '/home/yahboom/intro_ws/install/examples_rclpy_guard_conditions/lib/python3.10/site-packages'
[132.240s] Level 1:colcon.colcon_core.shell:create_environment_hook('examples_rclpy_guard_conditions', 'pythonpath')
[132.240s] INFO:colcon.colcon_core.shell:Creating environment hook '/home/yahboom/intro_ws/install/examples_rclpy_guard_conditions/share/examples_rclpy_guard_conditions/hook/pythonpath.ps1'
[132.241s] INFO:colcon.colcon_core.shell:Creating environment descriptor '/home/yahboom/intro_ws/install/examples_rclpy_guard_conditions/share/examples_rclpy_guard_conditions/hook/pythonpath.dsv'
[132.242s] INFO:colcon.colcon_core.shell:Creating environment hook '/home/yahboom/intro_ws/install/examples_rclpy_guard_conditions/share/examples_rclpy_guard_conditions/hook/pythonpath.sh'
[132.243s] Level 1:colcon.colcon_core.environment:checking '/home/yahboom/intro_ws/install/examples_rclpy_guard_conditions/bin'
[132.243s] Level 1:colcon.colcon_core.environment:create_environment_scripts_only(examples_rclpy_guard_conditions)
[132.244s] INFO:colcon.colcon_core.shell:Creating package script '/home/yahboom/intro_ws/install/examples_rclpy_guard_conditions/share/examples_rclpy_guard_conditions/package.ps1'
[132.245s] INFO:colcon.colcon_core.shell:Creating package descriptor '/home/yahboom/intro_ws/install/examples_rclpy_guard_conditions/share/examples_rclpy_guard_conditions/package.dsv'
[132.245s] INFO:colcon.colcon_core.shell:Creating package script '/home/yahboom/intro_ws/install/examples_rclpy_guard_conditions/share/examples_rclpy_guard_conditions/package.sh'
[132.246s] INFO:colcon.colcon_core.shell:Creating package script '/home/yahboom/intro_ws/install/examples_rclpy_guard_conditions/share/examples_rclpy_guard_conditions/package.bash'
[132.248s] INFO:colcon.colcon_core.shell:Creating package script '/home/yahboom/intro_ws/install/examples_rclpy_guard_conditions/share/examples_rclpy_guard_conditions/package.zsh'
[132.249s] Level 1:colcon.colcon_core.environment:create_file_with_runtime_dependencies(/home/yahboom/intro_ws/install/examples_rclpy_guard_conditions/share/colcon-core/packages/examples_rclpy_guard_conditions)
[132.250s] INFO:colcon.colcon_ros.task.ament_python.build:Building ROS package in '/home/yahboom/intro_ws/src/examples/rclpy/actions/minimal_action_client' with build type 'ament_python'
[132.251s] Level 1:colcon.colcon_core.shell:create_environment_hook('examples_rclpy_minimal_action_client', 'ament_prefix_path')
[132.252s] INFO:colcon.colcon_core.shell:Creating environment hook '/home/yahboom/intro_ws/install/examples_rclpy_minimal_action_client/share/examples_rclpy_minimal_action_client/hook/ament_prefix_path.ps1'
[132.253s] INFO:colcon.colcon_core.shell:Creating environment descriptor '/home/yahboom/intro_ws/install/examples_rclpy_minimal_action_client/share/examples_rclpy_minimal_action_client/hook/ament_prefix_path.dsv'
[132.254s] INFO:colcon.colcon_core.shell:Creating environment hook '/home/yahboom/intro_ws/install/examples_rclpy_minimal_action_client/share/examples_rclpy_minimal_action_client/hook/ament_prefix_path.sh'
[132.255s] INFO:colcon.colcon_core.shell:Skip shell extension 'powershell' for command environment: Not usable outside of PowerShell
[132.255s] DEBUG:colcon.colcon_core.shell:Skip shell extension 'dsv' for command environment
[133.141s] INFO:colcon.colcon_core.task.python.build:Building Python package in '/home/yahboom/intro_ws/src/examples/rclpy/actions/minimal_action_client'
[133.142s] INFO:colcon.colcon_core.shell:Skip shell extension 'powershell' for command environment: Not usable outside of PowerShell
[133.142s] DEBUG:colcon.colcon_core.shell:Skip shell extension 'dsv' for command environment
[134.205s] DEBUG:colcon.colcon_core.event_handler.log_command:Invoking command in '/home/yahboom/intro_ws/src/examples/rclpy/actions/minimal_action_client': PYTHONPATH=/home/yahboom/intro_ws/build/examples_rclpy_minimal_action_client/prefix_override:/usr/lib/python3/dist-packages/colcon_core/task/python/colcon_distutils_commands:/home/yahboom/intro_ws/install/examples_rclpy_minimal_action_client/lib/python3.10/site-packages:${PYTHONPATH} /usr/bin/python3 -W ignore:setup.py install is deprecated -W ignore:easy_install command is deprecated setup.py egg_info --egg-base ../../../../../build/examples_rclpy_minimal_action_client build --build-base /home/yahboom/intro_ws/build/examples_rclpy_minimal_action_client/build install --record /home/yahboom/intro_ws/build/examples_rclpy_minimal_action_client/install.log --single-version-externally-managed install_data
[135.138s] Level 1:colcon.colcon_core.environment:checking '/home/yahboom/intro_ws/install/examples_rclpy_minimal_action_client' for CMake module files
[135.138s] DEBUG:colcon.colcon_core.event_handler.log_command:Invoked command in '/home/yahboom/intro_ws/src/examples/rclpy/actions/minimal_action_client' returned '0': PYTHONPATH=/home/yahboom/intro_ws/build/examples_rclpy_minimal_action_client/prefix_override:/usr/lib/python3/dist-packages/colcon_core/task/python/colcon_distutils_commands:/home/yahboom/intro_ws/install/examples_rclpy_minimal_action_client/lib/python3.10/site-packages:${PYTHONPATH} /usr/bin/python3 -W ignore:setup.py install is deprecated -W ignore:easy_install command is deprecated setup.py egg_info --egg-base ../../../../../build/examples_rclpy_minimal_action_client build --build-base /home/yahboom/intro_ws/build/examples_rclpy_minimal_action_client/build install --record /home/yahboom/intro_ws/build/examples_rclpy_minimal_action_client/install.log --single-version-externally-managed install_data
[135.139s] Level 1:colcon.colcon_core.environment:checking '/home/yahboom/intro_ws/install/examples_rclpy_minimal_action_client' for CMake config files
[135.140s] Level 1:colcon.colcon_core.environment:checking '/home/yahboom/intro_ws/install/examples_rclpy_minimal_action_client/lib'
[135.141s] Level 1:colcon.colcon_core.environment:checking '/home/yahboom/intro_ws/install/examples_rclpy_minimal_action_client/bin'
[135.141s] Level 1:colcon.colcon_core.environment:checking '/home/yahboom/intro_ws/install/examples_rclpy_minimal_action_client/lib/pkgconfig/examples_rclpy_minimal_action_client.pc'
[135.141s] Level 1:colcon.colcon_core.environment:checking '/home/yahboom/intro_ws/install/examples_rclpy_minimal_action_client/lib/python3.10/site-packages'
[135.141s] Level 1:colcon.colcon_core.shell:create_environment_hook('examples_rclpy_minimal_action_client', 'pythonpath')
[135.142s] INFO:colcon.colcon_core.shell:Creating environment hook '/home/yahboom/intro_ws/install/examples_rclpy_minimal_action_client/share/examples_rclpy_minimal_action_client/hook/pythonpath.ps1'
[135.143s] INFO:colcon.colcon_core.shell:Creating environment descriptor '/home/yahboom/intro_ws/install/examples_rclpy_minimal_action_client/share/examples_rclpy_minimal_action_client/hook/pythonpath.dsv'
[135.144s] INFO:colcon.colcon_core.shell:Creating environment hook '/home/yahboom/intro_ws/install/examples_rclpy_minimal_action_client/share/examples_rclpy_minimal_action_client/hook/pythonpath.sh'
[135.146s] Level 1:colcon.colcon_core.environment:checking '/home/yahboom/intro_ws/install/examples_rclpy_minimal_action_client/bin'
[135.146s] Level 1:colcon.colcon_core.environment:create_environment_scripts_only(examples_rclpy_minimal_action_client)
[135.148s] INFO:colcon.colcon_core.shell:Creating package script '/home/yahboom/intro_ws/install/examples_rclpy_minimal_action_client/share/examples_rclpy_minimal_action_client/package.ps1'
[135.149s] INFO:colcon.colcon_core.shell:Creating package descriptor '/home/yahboom/intro_ws/install/examples_rclpy_minimal_action_client/share/examples_rclpy_minimal_action_client/package.dsv'
[135.150s] INFO:colcon.colcon_core.shell:Creating package script '/home/yahboom/intro_ws/install/examples_rclpy_minimal_action_client/share/examples_rclpy_minimal_action_client/package.sh'
[135.151s] INFO:colcon.colcon_core.shell:Creating package script '/home/yahboom/intro_ws/install/examples_rclpy_minimal_action_client/share/examples_rclpy_minimal_action_client/package.bash'
[135.151s] INFO:colcon.colcon_core.shell:Creating package script '/home/yahboom/intro_ws/install/examples_rclpy_minimal_action_client/share/examples_rclpy_minimal_action_client/package.zsh'
[135.152s] Level 1:colcon.colcon_core.environment:create_file_with_runtime_dependencies(/home/yahboom/intro_ws/install/examples_rclpy_minimal_action_client/share/colcon-core/packages/examples_rclpy_minimal_action_client)
[135.160s] INFO:colcon.colcon_ros.task.ament_python.build:Building ROS package in '/home/yahboom/intro_ws/src/examples/rclpy/actions/minimal_action_server' with build type 'ament_python'
[135.160s] Level 1:colcon.colcon_core.shell:create_environment_hook('examples_rclpy_minimal_action_server', 'ament_prefix_path')
[135.161s] INFO:colcon.colcon_core.shell:Creating environment hook '/home/yahboom/intro_ws/install/examples_rclpy_minimal_action_server/share/examples_rclpy_minimal_action_server/hook/ament_prefix_path.ps1'
[135.162s] INFO:colcon.colcon_core.shell:Creating environment descriptor '/home/yahboom/intro_ws/install/examples_rclpy_minimal_action_server/share/examples_rclpy_minimal_action_server/hook/ament_prefix_path.dsv'
[135.163s] INFO:colcon.colcon_core.shell:Creating environment hook '/home/yahboom/intro_ws/install/examples_rclpy_minimal_action_server/share/examples_rclpy_minimal_action_server/hook/ament_prefix_path.sh'
[135.164s] INFO:colcon.colcon_core.shell:Skip shell extension 'powershell' for command environment: Not usable outside of PowerShell
[135.164s] DEBUG:colcon.colcon_core.shell:Skip shell extension 'dsv' for command environment
[135.989s] INFO:colcon.colcon_core.task.python.build:Building Python package in '/home/yahboom/intro_ws/src/examples/rclpy/actions/minimal_action_server'
[135.989s] INFO:colcon.colcon_core.shell:Skip shell extension 'powershell' for command environment: Not usable outside of PowerShell
[135.989s] DEBUG:colcon.colcon_core.shell:Skip shell extension 'dsv' for command environment
[136.989s] DEBUG:colcon.colcon_core.event_handler.log_command:Invoking command in '/home/yahboom/intro_ws/src/examples/rclpy/actions/minimal_action_server': PYTHONPATH=/home/yahboom/intro_ws/build/examples_rclpy_minimal_action_server/prefix_override:/usr/lib/python3/dist-packages/colcon_core/task/python/colcon_distutils_commands:/home/yahboom/intro_ws/install/examples_rclpy_minimal_action_server/lib/python3.10/site-packages:${PYTHONPATH} /usr/bin/python3 -W ignore:setup.py install is deprecated -W ignore:easy_install command is deprecated setup.py egg_info --egg-base ../../../../../build/examples_rclpy_minimal_action_server build --build-base /home/yahboom/intro_ws/build/examples_rclpy_minimal_action_server/build install --record /home/yahboom/intro_ws/build/examples_rclpy_minimal_action_server/install.log --single-version-externally-managed install_data
[137.896s] Level 1:colcon.colcon_core.environment:checking '/home/yahboom/intro_ws/install/examples_rclpy_minimal_action_server' for CMake module files
[137.898s] DEBUG:colcon.colcon_core.event_handler.log_command:Invoked command in '/home/yahboom/intro_ws/src/examples/rclpy/actions/minimal_action_server' returned '0': PYTHONPATH=/home/yahboom/intro_ws/build/examples_rclpy_minimal_action_server/prefix_override:/usr/lib/python3/dist-packages/colcon_core/task/python/colcon_distutils_commands:/home/yahboom/intro_ws/install/examples_rclpy_minimal_action_server/lib/python3.10/site-packages:${PYTHONPATH} /usr/bin/python3 -W ignore:setup.py install is deprecated -W ignore:easy_install command is deprecated setup.py egg_info --egg-base ../../../../../build/examples_rclpy_minimal_action_server build --build-base /home/yahboom/intro_ws/build/examples_rclpy_minimal_action_server/build install --record /home/yahboom/intro_ws/build/examples_rclpy_minimal_action_server/install.log --single-version-externally-managed install_data
[137.900s] Level 1:colcon.colcon_core.environment:checking '/home/yahboom/intro_ws/install/examples_rclpy_minimal_action_server' for CMake config files
[137.903s] Level 1:colcon.colcon_core.environment:checking '/home/yahboom/intro_ws/install/examples_rclpy_minimal_action_server/lib'
[137.903s] Level 1:colcon.colcon_core.environment:checking '/home/yahboom/intro_ws/install/examples_rclpy_minimal_action_server/bin'
[137.903s] Level 1:colcon.colcon_core.environment:checking '/home/yahboom/intro_ws/install/examples_rclpy_minimal_action_server/lib/pkgconfig/examples_rclpy_minimal_action_server.pc'
[137.904s] Level 1:colcon.colcon_core.environment:checking '/home/yahboom/intro_ws/install/examples_rclpy_minimal_action_server/lib/python3.10/site-packages'
[137.904s] Level 1:colcon.colcon_core.shell:create_environment_hook('examples_rclpy_minimal_action_server', 'pythonpath')
[137.904s] INFO:colcon.colcon_core.shell:Creating environment hook '/home/yahboom/intro_ws/install/examples_rclpy_minimal_action_server/share/examples_rclpy_minimal_action_server/hook/pythonpath.ps1'
[137.905s] INFO:colcon.colcon_core.shell:Creating environment descriptor '/home/yahboom/intro_ws/install/examples_rclpy_minimal_action_server/share/examples_rclpy_minimal_action_server/hook/pythonpath.dsv'
[137.906s] INFO:colcon.colcon_core.shell:Creating environment hook '/home/yahboom/intro_ws/install/examples_rclpy_minimal_action_server/share/examples_rclpy_minimal_action_server/hook/pythonpath.sh'
[137.907s] Level 1:colcon.colcon_core.environment:checking '/home/yahboom/intro_ws/install/examples_rclpy_minimal_action_server/bin'
[137.907s] Level 1:colcon.colcon_core.environment:create_environment_scripts_only(examples_rclpy_minimal_action_server)
[137.908s] INFO:colcon.colcon_core.shell:Creating package script '/home/yahboom/intro_ws/install/examples_rclpy_minimal_action_server/share/examples_rclpy_minimal_action_server/package.ps1'
[137.910s] INFO:colcon.colcon_core.shell:Creating package descriptor '/home/yahboom/intro_ws/install/examples_rclpy_minimal_action_server/share/examples_rclpy_minimal_action_server/package.dsv'
[137.911s] INFO:colcon.colcon_core.shell:Creating package script '/home/yahboom/intro_ws/install/examples_rclpy_minimal_action_server/share/examples_rclpy_minimal_action_server/package.sh'
[137.912s] INFO:colcon.colcon_core.shell:Creating package script '/home/yahboom/intro_ws/install/examples_rclpy_minimal_action_server/share/examples_rclpy_minimal_action_server/package.bash'
[137.914s] INFO:colcon.colcon_core.shell:Creating package script '/home/yahboom/intro_ws/install/examples_rclpy_minimal_action_server/share/examples_rclpy_minimal_action_server/package.zsh'
[137.915s] Level 1:colcon.colcon_core.environment:create_file_with_runtime_dependencies(/home/yahboom/intro_ws/install/examples_rclpy_minimal_action_server/share/colcon-core/packages/examples_rclpy_minimal_action_server)
[137.917s] INFO:colcon.colcon_ros.task.ament_python.build:Building ROS package in '/home/yahboom/intro_ws/src/examples/rclpy/services/minimal_client' with build type 'ament_python'
[137.918s] Level 1:colcon.colcon_core.shell:create_environment_hook('examples_rclpy_minimal_client', 'ament_prefix_path')
[137.919s] INFO:colcon.colcon_core.shell:Creating environment hook '/home/yahboom/intro_ws/install/examples_rclpy_minimal_client/share/examples_rclpy_minimal_client/hook/ament_prefix_path.ps1'
[137.922s] INFO:colcon.colcon_core.shell:Creating environment descriptor '/home/yahboom/intro_ws/install/examples_rclpy_minimal_client/share/examples_rclpy_minimal_client/hook/ament_prefix_path.dsv'
[137.928s] INFO:colcon.colcon_core.shell:Creating environment hook '/home/yahboom/intro_ws/install/examples_rclpy_minimal_client/share/examples_rclpy_minimal_client/hook/ament_prefix_path.sh'
[137.936s] INFO:colcon.colcon_core.shell:Skip shell extension 'powershell' for command environment: Not usable outside of PowerShell
[137.936s] DEBUG:colcon.colcon_core.shell:Skip shell extension 'dsv' for command environment
[138.822s] INFO:colcon.colcon_core.task.python.build:Building Python package in '/home/yahboom/intro_ws/src/examples/rclpy/services/minimal_client'
[138.823s] INFO:colcon.colcon_core.shell:Skip shell extension 'powershell' for command environment: Not usable outside of PowerShell
[138.824s] DEBUG:colcon.colcon_core.shell:Skip shell extension 'dsv' for command environment
[139.745s] DEBUG:colcon.colcon_core.event_handler.log_command:Invoked command in '/home/yahboom/intro_ws/build/examples_rclcpp_multithreaded_executor' returned '0': CMAKE_PREFIX_PATH=${CMAKE_PREFIX_PATH}:/home/yahboom/cartoros2/install/yahboomcar_nav:/home/yahboom/cartoros2/install/yahboomcar_ctrl:/home/yahboom/cartoros2/install/yahboom_visual:/home/yahboom/cartoros2/install/yahboom_dog_joint_state:/home/yahboom/cartoros2/install/yahboom_description:/home/yahboom/cartoros2/install/yahboom_color_identify_server:/home/yahboom/cartoros2/install/yahboom_bringup:/home/yahboom/cartoros2/install/yahboom_base:/home/yahboom/cartoros2/install/yahboom_app_save_map:/home/yahboom/cartoros2/install/update_map:/home/yahboom/cartoros2/install/rosboard:/home/yahboom/cartoros2/install/path_planner_server:/home/yahboom/cartoros2/install/nav2_simple_commander:/home/yahboom/cartoros2/install/nav2_gazebo_spawner:/home/yahboom/cartoros2/install/localization_server:/home/yahboom/cartoros2/install/laserscan_to_point_pulisher:/home/yahboom/yahboomcar_ws/install/yahboom_dog_example:/opt/ros/humble /usr/bin/cmake --build /home/yahboom/intro_ws/build/examples_rclcpp_multithreaded_executor -- -j4 -l4
[139.746s] DEBUG:colcon.colcon_core.event_handler.log_command:Invoking command in '/home/yahboom/intro_ws/build/examples_rclcpp_multithreaded_executor': CMAKE_PREFIX_PATH=${CMAKE_PREFIX_PATH}:/home/yahboom/cartoros2/install/yahboomcar_nav:/home/yahboom/cartoros2/install/yahboomcar_ctrl:/home/yahboom/cartoros2/install/yahboom_visual:/home/yahboom/cartoros2/install/yahboom_dog_joint_state:/home/yahboom/cartoros2/install/yahboom_description:/home/yahboom/cartoros2/install/yahboom_color_identify_server:/home/yahboom/cartoros2/install/yahboom_bringup:/home/yahboom/cartoros2/install/yahboom_base:/home/yahboom/cartoros2/install/yahboom_app_save_map:/home/yahboom/cartoros2/install/update_map:/home/yahboom/cartoros2/install/rosboard:/home/yahboom/cartoros2/install/path_planner_server:/home/yahboom/cartoros2/install/nav2_simple_commander:/home/yahboom/cartoros2/install/nav2_gazebo_spawner:/home/yahboom/cartoros2/install/localization_server:/home/yahboom/cartoros2/install/laserscan_to_point_pulisher:/home/yahboom/yahboomcar_ws/install/yahboom_dog_example:/opt/ros/humble /usr/bin/cmake --install /home/yahboom/intro_ws/build/examples_rclcpp_multithreaded_executor
[139.802s] Level 1:colcon.colcon_core.environment:create_environment_scripts_only(examples_rclcpp_multithreaded_executor)
[139.804s] Level 1:colcon.colcon_core.environment:checking '/home/yahboom/intro_ws/install/examples_rclcpp_multithreaded_executor' for CMake module files
[139.805s] Level 1:colcon.colcon_core.environment:checking '/home/yahboom/intro_ws/install/examples_rclcpp_multithreaded_executor' for CMake config files
[139.805s] Level 1:colcon.colcon_core.shell:create_environment_hook('examples_rclcpp_multithreaded_executor', 'cmake_prefix_path')
[139.803s] DEBUG:colcon.colcon_core.event_handler.log_command:Invoked command in '/home/yahboom/intro_ws/build/examples_rclcpp_multithreaded_executor' returned '0': CMAKE_PREFIX_PATH=${CMAKE_PREFIX_PATH}:/home/yahboom/cartoros2/install/yahboomcar_nav:/home/yahboom/cartoros2/install/yahboomcar_ctrl:/home/yahboom/cartoros2/install/yahboom_visual:/home/yahboom/cartoros2/install/yahboom_dog_joint_state:/home/yahboom/cartoros2/install/yahboom_description:/home/yahboom/cartoros2/install/yahboom_color_identify_server:/home/yahboom/cartoros2/install/yahboom_bringup:/home/yahboom/cartoros2/install/yahboom_base:/home/yahboom/cartoros2/install/yahboom_app_save_map:/home/yahboom/cartoros2/install/update_map:/home/yahboom/cartoros2/install/rosboard:/home/yahboom/cartoros2/install/path_planner_server:/home/yahboom/cartoros2/install/nav2_simple_commander:/home/yahboom/cartoros2/install/nav2_gazebo_spawner:/home/yahboom/cartoros2/install/localization_server:/home/yahboom/cartoros2/install/laserscan_to_point_pulisher:/home/yahboom/yahboomcar_ws/install/yahboom_dog_example:/opt/ros/humble /usr/bin/cmake --install /home/yahboom/intro_ws/build/examples_rclcpp_multithreaded_executor
[139.806s] INFO:colcon.colcon_core.shell:Creating environment hook '/home/yahboom/intro_ws/install/examples_rclcpp_multithreaded_executor/share/examples_rclcpp_multithreaded_executor/hook/cmake_prefix_path.ps1'
[139.807s] INFO:colcon.colcon_core.shell:Creating environment descriptor '/home/yahboom/intro_ws/install/examples_rclcpp_multithreaded_executor/share/examples_rclcpp_multithreaded_executor/hook/cmake_prefix_path.dsv'
[139.807s] INFO:colcon.colcon_core.shell:Creating environment hook '/home/yahboom/intro_ws/install/examples_rclcpp_multithreaded_executor/share/examples_rclcpp_multithreaded_executor/hook/cmake_prefix_path.sh'
[139.808s] Level 1:colcon.colcon_core.environment:checking '/home/yahboom/intro_ws/install/examples_rclcpp_multithreaded_executor/lib'
[139.809s] Level 1:colcon.colcon_core.environment:checking '/home/yahboom/intro_ws/install/examples_rclcpp_multithreaded_executor/bin'
[139.809s] Level 1:colcon.colcon_core.environment:checking '/home/yahboom/intro_ws/install/examples_rclcpp_multithreaded_executor/lib/pkgconfig/examples_rclcpp_multithreaded_executor.pc'
[139.809s] Level 1:colcon.colcon_core.environment:checking '/home/yahboom/intro_ws/install/examples_rclcpp_multithreaded_executor/lib/python3.10/site-packages'
[139.810s] Level 1:colcon.colcon_core.environment:checking '/home/yahboom/intro_ws/install/examples_rclcpp_multithreaded_executor/bin'
[139.810s] INFO:colcon.colcon_core.shell:Creating package script '/home/yahboom/intro_ws/install/examples_rclcpp_multithreaded_executor/share/examples_rclcpp_multithreaded_executor/package.ps1'
[139.811s] INFO:colcon.colcon_core.shell:Creating package descriptor '/home/yahboom/intro_ws/install/examples_rclcpp_multithreaded_executor/share/examples_rclcpp_multithreaded_executor/package.dsv'
[139.812s] INFO:colcon.colcon_core.shell:Creating package script '/home/yahboom/intro_ws/install/examples_rclcpp_multithreaded_executor/share/examples_rclcpp_multithreaded_executor/package.sh'
[139.814s] INFO:colcon.colcon_core.shell:Creating package script '/home/yahboom/intro_ws/install/examples_rclcpp_multithreaded_executor/share/examples_rclcpp_multithreaded_executor/package.bash'
[139.814s] INFO:colcon.colcon_core.shell:Creating package script '/home/yahboom/intro_ws/install/examples_rclcpp_multithreaded_executor/share/examples_rclcpp_multithreaded_executor/package.zsh'
[139.815s] Level 1:colcon.colcon_core.environment:create_file_with_runtime_dependencies(/home/yahboom/intro_ws/install/examples_rclcpp_multithreaded_executor/share/colcon-core/packages/examples_rclcpp_multithreaded_executor)
[139.817s] Level 1:colcon.colcon_core.environment:create_environment_scripts_only(examples_rclcpp_multithreaded_executor)
[139.818s] Level 1:colcon.colcon_core.environment:checking '/home/yahboom/intro_ws/install/examples_rclcpp_multithreaded_executor' for CMake module files
[139.819s] Level 1:colcon.colcon_core.environment:checking '/home/yahboom/intro_ws/install/examples_rclcpp_multithreaded_executor' for CMake config files
[139.819s] Level 1:colcon.colcon_core.shell:create_environment_hook('examples_rclcpp_multithreaded_executor', 'cmake_prefix_path')
[139.820s] INFO:colcon.colcon_core.shell:Creating environment hook '/home/yahboom/intro_ws/install/examples_rclcpp_multithreaded_executor/share/examples_rclcpp_multithreaded_executor/hook/cmake_prefix_path.ps1'
[139.821s] INFO:colcon.colcon_core.shell:Creating environment descriptor '/home/yahboom/intro_ws/install/examples_rclcpp_multithreaded_executor/share/examples_rclcpp_multithreaded_executor/hook/cmake_prefix_path.dsv'
[139.827s] INFO:colcon.colcon_core.shell:Creating environment hook '/home/yahboom/intro_ws/install/examples_rclcpp_multithreaded_executor/share/examples_rclcpp_multithreaded_executor/hook/cmake_prefix_path.sh'
[139.830s] Level 1:colcon.colcon_core.environment:checking '/home/yahboom/intro_ws/install/examples_rclcpp_multithreaded_executor/lib'
[139.830s] Level 1:colcon.colcon_core.environment:checking '/home/yahboom/intro_ws/install/examples_rclcpp_multithreaded_executor/bin'
[139.830s] Level 1:colcon.colcon_core.environment:checking '/home/yahboom/intro_ws/install/examples_rclcpp_multithreaded_executor/lib/pkgconfig/examples_rclcpp_multithreaded_executor.pc'
[139.831s] Level 1:colcon.colcon_core.environment:checking '/home/yahboom/intro_ws/install/examples_rclcpp_multithreaded_executor/lib/python3.10/site-packages'
[139.832s] Level 1:colcon.colcon_core.environment:checking '/home/yahboom/intro_ws/install/examples_rclcpp_multithreaded_executor/bin'
[139.833s] INFO:colcon.colcon_core.shell:Creating package script '/home/yahboom/intro_ws/install/examples_rclcpp_multithreaded_executor/share/examples_rclcpp_multithreaded_executor/package.ps1'
[139.834s] INFO:colcon.colcon_core.shell:Creating package descriptor '/home/yahboom/intro_ws/install/examples_rclcpp_multithreaded_executor/share/examples_rclcpp_multithreaded_executor/package.dsv'
[139.836s] INFO:colcon.colcon_core.shell:Creating package script '/home/yahboom/intro_ws/install/examples_rclcpp_multithreaded_executor/share/examples_rclcpp_multithreaded_executor/package.sh'
[139.837s] INFO:colcon.colcon_core.shell:Creating package script '/home/yahboom/intro_ws/install/examples_rclcpp_multithreaded_executor/share/examples_rclcpp_multithreaded_executor/package.bash'
[139.854s] INFO:colcon.colcon_core.shell:Creating package script '/home/yahboom/intro_ws/install/examples_rclcpp_multithreaded_executor/share/examples_rclcpp_multithreaded_executor/package.zsh'
[139.855s] Level 1:colcon.colcon_core.environment:create_file_with_runtime_dependencies(/home/yahboom/intro_ws/install/examples_rclcpp_multithreaded_executor/share/colcon-core/packages/examples_rclcpp_multithreaded_executor)
[139.858s] INFO:colcon.colcon_ros.task.ament_python.build:Building ROS package in '/home/yahboom/intro_ws/src/examples/rclpy/topics/minimal_publisher' with build type 'ament_python'
[139.859s] Level 1:colcon.colcon_core.shell:create_environment_hook('examples_rclpy_minimal_publisher', 'ament_prefix_path')
[139.861s] INFO:colcon.colcon_core.shell:Creating environment hook '/home/yahboom/intro_ws/install/examples_rclpy_minimal_publisher/share/examples_rclpy_minimal_publisher/hook/ament_prefix_path.ps1'
[139.862s] INFO:colcon.colcon_core.shell:Creating environment descriptor '/home/yahboom/intro_ws/install/examples_rclpy_minimal_publisher/share/examples_rclpy_minimal_publisher/hook/ament_prefix_path.dsv'
[139.863s] INFO:colcon.colcon_core.shell:Creating environment hook '/home/yahboom/intro_ws/install/examples_rclpy_minimal_publisher/share/examples_rclpy_minimal_publisher/hook/ament_prefix_path.sh'
[139.864s] INFO:colcon.colcon_core.shell:Skip shell extension 'powershell' for command environment: Not usable outside of PowerShell
[139.864s] DEBUG:colcon.colcon_core.shell:Skip shell extension 'dsv' for command environment
[140.679s] INFO:colcon.colcon_core.task.python.build:Building Python package in '/home/yahboom/intro_ws/src/examples/rclpy/topics/minimal_publisher'
[140.679s] INFO:colcon.colcon_core.shell:Skip shell extension 'powershell' for command environment: Not usable outside of PowerShell
[140.680s] DEBUG:colcon.colcon_core.shell:Skip shell extension 'dsv' for command environment
[140.714s] DEBUG:colcon.colcon_core.event_handler.log_command:Invoking command in '/home/yahboom/intro_ws/src/examples/rclpy/services/minimal_client': PYTHONPATH=/home/yahboom/intro_ws/build/examples_rclpy_minimal_client/prefix_override:/usr/lib/python3/dist-packages/colcon_core/task/python/colcon_distutils_commands:/home/yahboom/intro_ws/install/examples_rclpy_minimal_client/lib/python3.10/site-packages:${PYTHONPATH} /usr/bin/python3 -W ignore:setup.py install is deprecated -W ignore:easy_install command is deprecated setup.py egg_info --egg-base ../../../../../build/examples_rclpy_minimal_client build --build-base /home/yahboom/intro_ws/build/examples_rclpy_minimal_client/build install --record /home/yahboom/intro_ws/build/examples_rclpy_minimal_client/install.log --single-version-externally-managed install_data
[141.683s] Level 1:colcon.colcon_core.environment:checking '/home/yahboom/intro_ws/install/examples_rclpy_minimal_client' for CMake module files
[141.685s] Level 1:colcon.colcon_core.environment:checking '/home/yahboom/intro_ws/install/examples_rclpy_minimal_client' for CMake config files
[141.684s] DEBUG:colcon.colcon_core.event_handler.log_command:Invoked command in '/home/yahboom/intro_ws/src/examples/rclpy/services/minimal_client' returned '0': PYTHONPATH=/home/yahboom/intro_ws/build/examples_rclpy_minimal_client/prefix_override:/usr/lib/python3/dist-packages/colcon_core/task/python/colcon_distutils_commands:/home/yahboom/intro_ws/install/examples_rclpy_minimal_client/lib/python3.10/site-packages:${PYTHONPATH} /usr/bin/python3 -W ignore:setup.py install is deprecated -W ignore:easy_install command is deprecated setup.py egg_info --egg-base ../../../../../build/examples_rclpy_minimal_client build --build-base /home/yahboom/intro_ws/build/examples_rclpy_minimal_client/build install --record /home/yahboom/intro_ws/build/examples_rclpy_minimal_client/install.log --single-version-externally-managed install_data
[141.686s] Level 1:colcon.colcon_core.environment:checking '/home/yahboom/intro_ws/install/examples_rclpy_minimal_client/lib'
[141.687s] Level 1:colcon.colcon_core.environment:checking '/home/yahboom/intro_ws/install/examples_rclpy_minimal_client/bin'
[141.687s] Level 1:colcon.colcon_core.environment:checking '/home/yahboom/intro_ws/install/examples_rclpy_minimal_client/lib/pkgconfig/examples_rclpy_minimal_client.pc'
[141.687s] Level 1:colcon.colcon_core.environment:checking '/home/yahboom/intro_ws/install/examples_rclpy_minimal_client/lib/python3.10/site-packages'
[141.687s] Level 1:colcon.colcon_core.shell:create_environment_hook('examples_rclpy_minimal_client', 'pythonpath')
[141.688s] INFO:colcon.colcon_core.shell:Creating environment hook '/home/yahboom/intro_ws/install/examples_rclpy_minimal_client/share/examples_rclpy_minimal_client/hook/pythonpath.ps1'
[141.689s] INFO:colcon.colcon_core.shell:Creating environment descriptor '/home/yahboom/intro_ws/install/examples_rclpy_minimal_client/share/examples_rclpy_minimal_client/hook/pythonpath.dsv'
[141.690s] INFO:colcon.colcon_core.shell:Creating environment hook '/home/yahboom/intro_ws/install/examples_rclpy_minimal_client/share/examples_rclpy_minimal_client/hook/pythonpath.sh'
[141.691s] Level 1:colcon.colcon_core.environment:checking '/home/yahboom/intro_ws/install/examples_rclpy_minimal_client/bin'
[141.691s] Level 1:colcon.colcon_core.environment:create_environment_scripts_only(examples_rclpy_minimal_client)
[141.692s] INFO:colcon.colcon_core.shell:Creating package script '/home/yahboom/intro_ws/install/examples_rclpy_minimal_client/share/examples_rclpy_minimal_client/package.ps1'
[141.693s] INFO:colcon.colcon_core.shell:Creating package descriptor '/home/yahboom/intro_ws/install/examples_rclpy_minimal_client/share/examples_rclpy_minimal_client/package.dsv'
[141.694s] INFO:colcon.colcon_core.shell:Creating package script '/home/yahboom/intro_ws/install/examples_rclpy_minimal_client/share/examples_rclpy_minimal_client/package.sh'
[141.694s] INFO:colcon.colcon_core.shell:Creating package script '/home/yahboom/intro_ws/install/examples_rclpy_minimal_client/share/examples_rclpy_minimal_client/package.bash'
[141.696s] INFO:colcon.colcon_core.shell:Creating package script '/home/yahboom/intro_ws/install/examples_rclpy_minimal_client/share/examples_rclpy_minimal_client/package.zsh'
[141.697s] Level 1:colcon.colcon_core.environment:create_file_with_runtime_dependencies(/home/yahboom/intro_ws/install/examples_rclpy_minimal_client/share/colcon-core/packages/examples_rclpy_minimal_client)
[141.698s] INFO:colcon.colcon_ros.task.ament_python.build:Building ROS package in '/home/yahboom/intro_ws/src/examples/rclpy/services/minimal_service' with build type 'ament_python'
[141.699s] Level 1:colcon.colcon_core.shell:create_environment_hook('examples_rclpy_minimal_service', 'ament_prefix_path')
[141.699s] INFO:colcon.colcon_core.shell:Creating environment hook '/home/yahboom/intro_ws/install/examples_rclpy_minimal_service/share/examples_rclpy_minimal_service/hook/ament_prefix_path.ps1'
[141.700s] INFO:colcon.colcon_core.shell:Creating environment descriptor '/home/yahboom/intro_ws/install/examples_rclpy_minimal_service/share/examples_rclpy_minimal_service/hook/ament_prefix_path.dsv'
[141.702s] INFO:colcon.colcon_core.shell:Creating environment hook '/home/yahboom/intro_ws/install/examples_rclpy_minimal_service/share/examples_rclpy_minimal_service/hook/ament_prefix_path.sh'
[141.703s] INFO:colcon.colcon_core.shell:Skip shell extension 'powershell' for command environment: Not usable outside of PowerShell
[141.703s] DEBUG:colcon.colcon_core.shell:Skip shell extension 'dsv' for command environment
[141.743s] DEBUG:colcon.colcon_core.event_handler.log_command:Invoking command in '/home/yahboom/intro_ws/src/examples/rclpy/topics/minimal_publisher': PYTHONPATH=/home/yahboom/intro_ws/build/examples_rclpy_minimal_publisher/prefix_override:/usr/lib/python3/dist-packages/colcon_core/task/python/colcon_distutils_commands:/home/yahboom/intro_ws/install/examples_rclpy_minimal_publisher/lib/python3.10/site-packages:${PYTHONPATH} /usr/bin/python3 -W ignore:setup.py install is deprecated -W ignore:easy_install command is deprecated setup.py egg_info --egg-base ../../../../../build/examples_rclpy_minimal_publisher build --build-base /home/yahboom/intro_ws/build/examples_rclpy_minimal_publisher/build install --record /home/yahboom/intro_ws/build/examples_rclpy_minimal_publisher/install.log --single-version-externally-managed install_data
[142.511s] INFO:colcon.colcon_core.task.python.build:Building Python package in '/home/yahboom/intro_ws/src/examples/rclpy/services/minimal_service'
[142.512s] INFO:colcon.colcon_core.shell:Skip shell extension 'powershell' for command environment: Not usable outside of PowerShell
[142.512s] DEBUG:colcon.colcon_core.shell:Skip shell extension 'dsv' for command environment
[142.693s] Level 1:colcon.colcon_core.environment:checking '/home/yahboom/intro_ws/install/examples_rclpy_minimal_publisher' for CMake module files
[142.694s] Level 1:colcon.colcon_core.environment:checking '/home/yahboom/intro_ws/install/examples_rclpy_minimal_publisher' for CMake config files
[142.695s] DEBUG:colcon.colcon_core.event_handler.log_command:Invoked command in '/home/yahboom/intro_ws/src/examples/rclpy/topics/minimal_publisher' returned '0': PYTHONPATH=/home/yahboom/intro_ws/build/examples_rclpy_minimal_publisher/prefix_override:/usr/lib/python3/dist-packages/colcon_core/task/python/colcon_distutils_commands:/home/yahboom/intro_ws/install/examples_rclpy_minimal_publisher/lib/python3.10/site-packages:${PYTHONPATH} /usr/bin/python3 -W ignore:setup.py install is deprecated -W ignore:easy_install command is deprecated setup.py egg_info --egg-base ../../../../../build/examples_rclpy_minimal_publisher build --build-base /home/yahboom/intro_ws/build/examples_rclpy_minimal_publisher/build install --record /home/yahboom/intro_ws/build/examples_rclpy_minimal_publisher/install.log --single-version-externally-managed install_data
[142.696s] Level 1:colcon.colcon_core.environment:checking '/home/yahboom/intro_ws/install/examples_rclpy_minimal_publisher/lib'
[142.697s] Level 1:colcon.colcon_core.environment:checking '/home/yahboom/intro_ws/install/examples_rclpy_minimal_publisher/bin'
[142.697s] Level 1:colcon.colcon_core.environment:checking '/home/yahboom/intro_ws/install/examples_rclpy_minimal_publisher/lib/pkgconfig/examples_rclpy_minimal_publisher.pc'
[142.697s] Level 1:colcon.colcon_core.environment:checking '/home/yahboom/intro_ws/install/examples_rclpy_minimal_publisher/lib/python3.10/site-packages'
[142.697s] Level 1:colcon.colcon_core.shell:create_environment_hook('examples_rclpy_minimal_publisher', 'pythonpath')
[142.698s] INFO:colcon.colcon_core.shell:Creating environment hook '/home/yahboom/intro_ws/install/examples_rclpy_minimal_publisher/share/examples_rclpy_minimal_publisher/hook/pythonpath.ps1'
[142.699s] INFO:colcon.colcon_core.shell:Creating environment descriptor '/home/yahboom/intro_ws/install/examples_rclpy_minimal_publisher/share/examples_rclpy_minimal_publisher/hook/pythonpath.dsv'
[142.700s] INFO:colcon.colcon_core.shell:Creating environment hook '/home/yahboom/intro_ws/install/examples_rclpy_minimal_publisher/share/examples_rclpy_minimal_publisher/hook/pythonpath.sh'
[142.701s] Level 1:colcon.colcon_core.environment:checking '/home/yahboom/intro_ws/install/examples_rclpy_minimal_publisher/bin'
[142.701s] Level 1:colcon.colcon_core.environment:create_environment_scripts_only(examples_rclpy_minimal_publisher)
[142.702s] INFO:colcon.colcon_core.shell:Creating package script '/home/yahboom/intro_ws/install/examples_rclpy_minimal_publisher/share/examples_rclpy_minimal_publisher/package.ps1'
[142.703s] INFO:colcon.colcon_core.shell:Creating package descriptor '/home/yahboom/intro_ws/install/examples_rclpy_minimal_publisher/share/examples_rclpy_minimal_publisher/package.dsv'
[142.704s] INFO:colcon.colcon_core.shell:Creating package script '/home/yahboom/intro_ws/install/examples_rclpy_minimal_publisher/share/examples_rclpy_minimal_publisher/package.sh'
[142.705s] INFO:colcon.colcon_core.shell:Creating package script '/home/yahboom/intro_ws/install/examples_rclpy_minimal_publisher/share/examples_rclpy_minimal_publisher/package.bash'
[142.706s] INFO:colcon.colcon_core.shell:Creating package script '/home/yahboom/intro_ws/install/examples_rclpy_minimal_publisher/share/examples_rclpy_minimal_publisher/package.zsh'
[142.706s] Level 1:colcon.colcon_core.environment:create_file_with_runtime_dependencies(/home/yahboom/intro_ws/install/examples_rclpy_minimal_publisher/share/colcon-core/packages/examples_rclpy_minimal_publisher)
[142.708s] INFO:colcon.colcon_ros.task.ament_python.build:Building ROS package in '/home/yahboom/intro_ws/src/examples/rclpy/topics/minimal_subscriber' with build type 'ament_python'
[142.709s] Level 1:colcon.colcon_core.shell:create_environment_hook('examples_rclpy_minimal_subscriber', 'ament_prefix_path')
[142.709s] INFO:colcon.colcon_core.shell:Creating environment hook '/home/yahboom/intro_ws/install/examples_rclpy_minimal_subscriber/share/examples_rclpy_minimal_subscriber/hook/ament_prefix_path.ps1'
[142.710s] INFO:colcon.colcon_core.shell:Creating environment descriptor '/home/yahboom/intro_ws/install/examples_rclpy_minimal_subscriber/share/examples_rclpy_minimal_subscriber/hook/ament_prefix_path.dsv'
[142.711s] INFO:colcon.colcon_core.shell:Creating environment hook '/home/yahboom/intro_ws/install/examples_rclpy_minimal_subscriber/share/examples_rclpy_minimal_subscriber/hook/ament_prefix_path.sh'
[142.712s] INFO:colcon.colcon_core.shell:Skip shell extension 'powershell' for command environment: Not usable outside of PowerShell
[142.712s] DEBUG:colcon.colcon_core.shell:Skip shell extension 'dsv' for command environment
[143.623s] INFO:colcon.colcon_core.task.python.build:Building Python package in '/home/yahboom/intro_ws/src/examples/rclpy/topics/minimal_subscriber'
[143.624s] INFO:colcon.colcon_core.shell:Skip shell extension 'powershell' for command environment: Not usable outside of PowerShell
[143.624s] DEBUG:colcon.colcon_core.shell:Skip shell extension 'dsv' for command environment
[143.661s] DEBUG:colcon.colcon_core.event_handler.log_command:Invoking command in '/home/yahboom/intro_ws/src/examples/rclpy/services/minimal_service': PYTHONPATH=/home/yahboom/intro_ws/build/examples_rclpy_minimal_service/prefix_override:/usr/lib/python3/dist-packages/colcon_core/task/python/colcon_distutils_commands:/home/yahboom/intro_ws/install/examples_rclpy_minimal_service/lib/python3.10/site-packages:${PYTHONPATH} /usr/bin/python3 -W ignore:setup.py install is deprecated -W ignore:easy_install command is deprecated setup.py egg_info --egg-base ../../../../../build/examples_rclpy_minimal_service build --build-base /home/yahboom/intro_ws/build/examples_rclpy_minimal_service/build install --record /home/yahboom/intro_ws/build/examples_rclpy_minimal_service/install.log --single-version-externally-managed install_data
[144.521s] Level 1:colcon.colcon_core.environment:checking '/home/yahboom/intro_ws/install/examples_rclpy_minimal_service' for CMake module files
[144.522s] DEBUG:colcon.colcon_core.event_handler.log_command:Invoked command in '/home/yahboom/intro_ws/src/examples/rclpy/services/minimal_service' returned '0': PYTHONPATH=/home/yahboom/intro_ws/build/examples_rclpy_minimal_service/prefix_override:/usr/lib/python3/dist-packages/colcon_core/task/python/colcon_distutils_commands:/home/yahboom/intro_ws/install/examples_rclpy_minimal_service/lib/python3.10/site-packages:${PYTHONPATH} /usr/bin/python3 -W ignore:setup.py install is deprecated -W ignore:easy_install command is deprecated setup.py egg_info --egg-base ../../../../../build/examples_rclpy_minimal_service build --build-base /home/yahboom/intro_ws/build/examples_rclpy_minimal_service/build install --record /home/yahboom/intro_ws/build/examples_rclpy_minimal_service/install.log --single-version-externally-managed install_data
[144.523s] Level 1:colcon.colcon_core.environment:checking '/home/yahboom/intro_ws/install/examples_rclpy_minimal_service' for CMake config files
[144.524s] Level 1:colcon.colcon_core.environment:checking '/home/yahboom/intro_ws/install/examples_rclpy_minimal_service/lib'
[144.524s] Level 1:colcon.colcon_core.environment:checking '/home/yahboom/intro_ws/install/examples_rclpy_minimal_service/bin'
[144.524s] Level 1:colcon.colcon_core.environment:checking '/home/yahboom/intro_ws/install/examples_rclpy_minimal_service/lib/pkgconfig/examples_rclpy_minimal_service.pc'
[144.525s] Level 1:colcon.colcon_core.environment:checking '/home/yahboom/intro_ws/install/examples_rclpy_minimal_service/lib/python3.10/site-packages'
[144.525s] Level 1:colcon.colcon_core.shell:create_environment_hook('examples_rclpy_minimal_service', 'pythonpath')
[144.525s] INFO:colcon.colcon_core.shell:Creating environment hook '/home/yahboom/intro_ws/install/examples_rclpy_minimal_service/share/examples_rclpy_minimal_service/hook/pythonpath.ps1'
[144.526s] INFO:colcon.colcon_core.shell:Creating environment descriptor '/home/yahboom/intro_ws/install/examples_rclpy_minimal_service/share/examples_rclpy_minimal_service/hook/pythonpath.dsv'
[144.527s] INFO:colcon.colcon_core.shell:Creating environment hook '/home/yahboom/intro_ws/install/examples_rclpy_minimal_service/share/examples_rclpy_minimal_service/hook/pythonpath.sh'
[144.528s] Level 1:colcon.colcon_core.environment:checking '/home/yahboom/intro_ws/install/examples_rclpy_minimal_service/bin'
[144.529s] Level 1:colcon.colcon_core.environment:create_environment_scripts_only(examples_rclpy_minimal_service)
[144.529s] INFO:colcon.colcon_core.shell:Creating package script '/home/yahboom/intro_ws/install/examples_rclpy_minimal_service/share/examples_rclpy_minimal_service/package.ps1'
[144.530s] INFO:colcon.colcon_core.shell:Creating package descriptor '/home/yahboom/intro_ws/install/examples_rclpy_minimal_service/share/examples_rclpy_minimal_service/package.dsv'
[144.531s] INFO:colcon.colcon_core.shell:Creating package script '/home/yahboom/intro_ws/install/examples_rclpy_minimal_service/share/examples_rclpy_minimal_service/package.sh'
[144.532s] INFO:colcon.colcon_core.shell:Creating package script '/home/yahboom/intro_ws/install/examples_rclpy_minimal_service/share/examples_rclpy_minimal_service/package.bash'
[144.532s] INFO:colcon.colcon_core.shell:Creating package script '/home/yahboom/intro_ws/install/examples_rclpy_minimal_service/share/examples_rclpy_minimal_service/package.zsh'
[144.533s] Level 1:colcon.colcon_core.environment:create_file_with_runtime_dependencies(/home/yahboom/intro_ws/install/examples_rclpy_minimal_service/share/colcon-core/packages/examples_rclpy_minimal_service)
[144.534s] INFO:colcon.colcon_ros.task.ament_python.build:Building ROS package in '/home/yahboom/intro_ws/src/examples/rclpy/topics/pointcloud_publisher' with build type 'ament_python'
[144.534s] Level 1:colcon.colcon_core.shell:create_environment_hook('examples_rclpy_pointcloud_publisher', 'ament_prefix_path')
[144.534s] INFO:colcon.colcon_core.shell:Creating environment hook '/home/yahboom/intro_ws/install/examples_rclpy_pointcloud_publisher/share/examples_rclpy_pointcloud_publisher/hook/ament_prefix_path.ps1'
[144.535s] INFO:colcon.colcon_core.shell:Creating environment descriptor '/home/yahboom/intro_ws/install/examples_rclpy_pointcloud_publisher/share/examples_rclpy_pointcloud_publisher/hook/ament_prefix_path.dsv'
[144.536s] INFO:colcon.colcon_core.shell:Creating environment hook '/home/yahboom/intro_ws/install/examples_rclpy_pointcloud_publisher/share/examples_rclpy_pointcloud_publisher/hook/ament_prefix_path.sh'
[144.538s] INFO:colcon.colcon_core.shell:Skip shell extension 'powershell' for command environment: Not usable outside of PowerShell
[144.538s] DEBUG:colcon.colcon_core.shell:Skip shell extension 'dsv' for command environment
[145.341s] INFO:colcon.colcon_core.task.python.build:Building Python package in '/home/yahboom/intro_ws/src/examples/rclpy/topics/pointcloud_publisher'
[145.342s] INFO:colcon.colcon_core.shell:Skip shell extension 'powershell' for command environment: Not usable outside of PowerShell
[145.342s] DEBUG:colcon.colcon_core.shell:Skip shell extension 'dsv' for command environment
[145.381s] DEBUG:colcon.colcon_core.event_handler.log_command:Invoking command in '/home/yahboom/intro_ws/src/examples/rclpy/topics/minimal_subscriber': PYTHONPATH=/home/yahboom/intro_ws/build/examples_rclpy_minimal_subscriber/prefix_override:/usr/lib/python3/dist-packages/colcon_core/task/python/colcon_distutils_commands:/home/yahboom/intro_ws/install/examples_rclpy_minimal_subscriber/lib/python3.10/site-packages:${PYTHONPATH} /usr/bin/python3 -W ignore:setup.py install is deprecated -W ignore:easy_install command is deprecated setup.py egg_info --egg-base ../../../../../build/examples_rclpy_minimal_subscriber build --build-base /home/yahboom/intro_ws/build/examples_rclpy_minimal_subscriber/build install --record /home/yahboom/intro_ws/build/examples_rclpy_minimal_subscriber/install.log --single-version-externally-managed install_data
[146.233s] Level 1:colcon.colcon_core.environment:checking '/home/yahboom/intro_ws/install/examples_rclpy_minimal_subscriber' for CMake module files
[146.235s] Level 1:colcon.colcon_core.environment:checking '/home/yahboom/intro_ws/install/examples_rclpy_minimal_subscriber' for CMake config files
[146.234s] DEBUG:colcon.colcon_core.event_handler.log_command:Invoked command in '/home/yahboom/intro_ws/src/examples/rclpy/topics/minimal_subscriber' returned '0': PYTHONPATH=/home/yahboom/intro_ws/build/examples_rclpy_minimal_subscriber/prefix_override:/usr/lib/python3/dist-packages/colcon_core/task/python/colcon_distutils_commands:/home/yahboom/intro_ws/install/examples_rclpy_minimal_subscriber/lib/python3.10/site-packages:${PYTHONPATH} /usr/bin/python3 -W ignore:setup.py install is deprecated -W ignore:easy_install command is deprecated setup.py egg_info --egg-base ../../../../../build/examples_rclpy_minimal_subscriber build --build-base /home/yahboom/intro_ws/build/examples_rclpy_minimal_subscriber/build install --record /home/yahboom/intro_ws/build/examples_rclpy_minimal_subscriber/install.log --single-version-externally-managed install_data
[146.236s] Level 1:colcon.colcon_core.environment:checking '/home/yahboom/intro_ws/install/examples_rclpy_minimal_subscriber/lib'
[146.236s] Level 1:colcon.colcon_core.environment:checking '/home/yahboom/intro_ws/install/examples_rclpy_minimal_subscriber/bin'
[146.236s] Level 1:colcon.colcon_core.environment:checking '/home/yahboom/intro_ws/install/examples_rclpy_minimal_subscriber/lib/pkgconfig/examples_rclpy_minimal_subscriber.pc'
[146.237s] Level 1:colcon.colcon_core.environment:checking '/home/yahboom/intro_ws/install/examples_rclpy_minimal_subscriber/lib/python3.10/site-packages'
[146.237s] Level 1:colcon.colcon_core.shell:create_environment_hook('examples_rclpy_minimal_subscriber', 'pythonpath')
[146.238s] INFO:colcon.colcon_core.shell:Creating environment hook '/home/yahboom/intro_ws/install/examples_rclpy_minimal_subscriber/share/examples_rclpy_minimal_subscriber/hook/pythonpath.ps1'
[146.239s] INFO:colcon.colcon_core.shell:Creating environment descriptor '/home/yahboom/intro_ws/install/examples_rclpy_minimal_subscriber/share/examples_rclpy_minimal_subscriber/hook/pythonpath.dsv'
[146.239s] INFO:colcon.colcon_core.shell:Creating environment hook '/home/yahboom/intro_ws/install/examples_rclpy_minimal_subscriber/share/examples_rclpy_minimal_subscriber/hook/pythonpath.sh'
[146.240s] Level 1:colcon.colcon_core.environment:checking '/home/yahboom/intro_ws/install/examples_rclpy_minimal_subscriber/bin'
[146.241s] Level 1:colcon.colcon_core.environment:create_environment_scripts_only(examples_rclpy_minimal_subscriber)
[146.241s] INFO:colcon.colcon_core.shell:Creating package script '/home/yahboom/intro_ws/install/examples_rclpy_minimal_subscriber/share/examples_rclpy_minimal_subscriber/package.ps1'
[146.242s] INFO:colcon.colcon_core.shell:Creating package descriptor '/home/yahboom/intro_ws/install/examples_rclpy_minimal_subscriber/share/examples_rclpy_minimal_subscriber/package.dsv'
[146.243s] INFO:colcon.colcon_core.shell:Creating package script '/home/yahboom/intro_ws/install/examples_rclpy_minimal_subscriber/share/examples_rclpy_minimal_subscriber/package.sh'
[146.244s] INFO:colcon.colcon_core.shell:Creating package script '/home/yahboom/intro_ws/install/examples_rclpy_minimal_subscriber/share/examples_rclpy_minimal_subscriber/package.bash'
[146.245s] INFO:colcon.colcon_core.shell:Creating package script '/home/yahboom/intro_ws/install/examples_rclpy_minimal_subscriber/share/examples_rclpy_minimal_subscriber/package.zsh'
[146.245s] Level 1:colcon.colcon_core.environment:create_file_with_runtime_dependencies(/home/yahboom/intro_ws/install/examples_rclpy_minimal_subscriber/share/colcon-core/packages/examples_rclpy_minimal_subscriber)
[146.247s] INFO:colcon.colcon_ros.task.ament_cmake.build:Building ROS package in '/home/yahboom/intro_ws/src/intro_interfaces' with build type 'ament_cmake'
[146.247s] INFO:colcon.colcon_cmake.task.cmake.build:Building CMake package in '/home/yahboom/intro_ws/src/intro_interfaces'
[146.247s] INFO:colcon.colcon_core.shell:Skip shell extension 'powershell' for command environment: Not usable outside of PowerShell
[146.248s] DEBUG:colcon.colcon_core.shell:Skip shell extension 'dsv' for command environment
[146.324s] DEBUG:colcon.colcon_core.event_handler.log_command:Invoking command in '/home/yahboom/intro_ws/build/intro_interfaces': CMAKE_PREFIX_PATH=${CMAKE_PREFIX_PATH}:/home/yahboom/cartoros2/install/yahboomcar_nav:/home/yahboom/cartoros2/install/yahboomcar_ctrl:/home/yahboom/cartoros2/install/yahboom_visual:/home/yahboom/cartoros2/install/yahboom_dog_joint_state:/home/yahboom/cartoros2/install/yahboom_description:/home/yahboom/cartoros2/install/yahboom_color_identify_server:/home/yahboom/cartoros2/install/yahboom_bringup:/home/yahboom/cartoros2/install/yahboom_base:/home/yahboom/cartoros2/install/yahboom_app_save_map:/home/yahboom/cartoros2/install/update_map:/home/yahboom/cartoros2/install/rosboard:/home/yahboom/cartoros2/install/path_planner_server:/home/yahboom/cartoros2/install/nav2_simple_commander:/home/yahboom/cartoros2/install/nav2_gazebo_spawner:/home/yahboom/cartoros2/install/localization_server:/home/yahboom/cartoros2/install/laserscan_to_point_pulisher:/home/yahboom/yahboomcar_ws/install/yahboom_dog_example:/opt/ros/humble /usr/bin/cmake --build /home/yahboom/intro_ws/build/intro_interfaces -- -j4 -l4
[146.510s] DEBUG:colcon.colcon_core.event_handler.log_command:Invoking command in '/home/yahboom/intro_ws/src/examples/rclpy/topics/pointcloud_publisher': PYTHONPATH=/home/yahboom/intro_ws/build/examples_rclpy_pointcloud_publisher/prefix_override:/usr/lib/python3/dist-packages/colcon_core/task/python/colcon_distutils_commands:/home/yahboom/intro_ws/install/examples_rclpy_pointcloud_publisher/lib/python3.10/site-packages:${PYTHONPATH} /usr/bin/python3 -W ignore:setup.py install is deprecated -W ignore:easy_install command is deprecated setup.py egg_info --egg-base ../../../../../build/examples_rclpy_pointcloud_publisher build --build-base /home/yahboom/intro_ws/build/examples_rclpy_pointcloud_publisher/build install --record /home/yahboom/intro_ws/build/examples_rclpy_pointcloud_publisher/install.log --single-version-externally-managed install_data
[147.417s] Level 1:colcon.colcon_core.environment:checking '/home/yahboom/intro_ws/install/examples_rclpy_pointcloud_publisher' for CMake module files
[147.418s] DEBUG:colcon.colcon_core.event_handler.log_command:Invoked command in '/home/yahboom/intro_ws/src/examples/rclpy/topics/pointcloud_publisher' returned '0': PYTHONPATH=/home/yahboom/intro_ws/build/examples_rclpy_pointcloud_publisher/prefix_override:/usr/lib/python3/dist-packages/colcon_core/task/python/colcon_distutils_commands:/home/yahboom/intro_ws/install/examples_rclpy_pointcloud_publisher/lib/python3.10/site-packages:${PYTHONPATH} /usr/bin/python3 -W ignore:setup.py install is deprecated -W ignore:easy_install command is deprecated setup.py egg_info --egg-base ../../../../../build/examples_rclpy_pointcloud_publisher build --build-base /home/yahboom/intro_ws/build/examples_rclpy_pointcloud_publisher/build install --record /home/yahboom/intro_ws/build/examples_rclpy_pointcloud_publisher/install.log --single-version-externally-managed install_data
[147.419s] Level 1:colcon.colcon_core.environment:checking '/home/yahboom/intro_ws/install/examples_rclpy_pointcloud_publisher' for CMake config files
[147.421s] Level 1:colcon.colcon_core.environment:checking '/home/yahboom/intro_ws/install/examples_rclpy_pointcloud_publisher/lib'
[147.421s] Level 1:colcon.colcon_core.environment:checking '/home/yahboom/intro_ws/install/examples_rclpy_pointcloud_publisher/bin'
[147.421s] Level 1:colcon.colcon_core.environment:checking '/home/yahboom/intro_ws/install/examples_rclpy_pointcloud_publisher/lib/pkgconfig/examples_rclpy_pointcloud_publisher.pc'
[147.421s] Level 1:colcon.colcon_core.environment:checking '/home/yahboom/intro_ws/install/examples_rclpy_pointcloud_publisher/lib/python3.10/site-packages'
[147.422s] Level 1:colcon.colcon_core.shell:create_environment_hook('examples_rclpy_pointcloud_publisher', 'pythonpath')
[147.423s] INFO:colcon.colcon_core.shell:Creating environment hook '/home/yahboom/intro_ws/install/examples_rclpy_pointcloud_publisher/share/examples_rclpy_pointcloud_publisher/hook/pythonpath.ps1'
[147.424s] INFO:colcon.colcon_core.shell:Creating environment descriptor '/home/yahboom/intro_ws/install/examples_rclpy_pointcloud_publisher/share/examples_rclpy_pointcloud_publisher/hook/pythonpath.dsv'
[147.424s] INFO:colcon.colcon_core.shell:Creating environment hook '/home/yahboom/intro_ws/install/examples_rclpy_pointcloud_publisher/share/examples_rclpy_pointcloud_publisher/hook/pythonpath.sh'
[147.426s] Level 1:colcon.colcon_core.environment:checking '/home/yahboom/intro_ws/install/examples_rclpy_pointcloud_publisher/bin'
[147.426s] Level 1:colcon.colcon_core.environment:create_environment_scripts_only(examples_rclpy_pointcloud_publisher)
[147.426s] INFO:colcon.colcon_core.shell:Creating package script '/home/yahboom/intro_ws/install/examples_rclpy_pointcloud_publisher/share/examples_rclpy_pointcloud_publisher/package.ps1'
[147.427s] INFO:colcon.colcon_core.shell:Creating package descriptor '/home/yahboom/intro_ws/install/examples_rclpy_pointcloud_publisher/share/examples_rclpy_pointcloud_publisher/package.dsv'
[147.428s] INFO:colcon.colcon_core.shell:Creating package script '/home/yahboom/intro_ws/install/examples_rclpy_pointcloud_publisher/share/examples_rclpy_pointcloud_publisher/package.sh'
[147.429s] INFO:colcon.colcon_core.shell:Creating package script '/home/yahboom/intro_ws/install/examples_rclpy_pointcloud_publisher/share/examples_rclpy_pointcloud_publisher/package.bash'
[147.430s] INFO:colcon.colcon_core.shell:Creating package script '/home/yahboom/intro_ws/install/examples_rclpy_pointcloud_publisher/share/examples_rclpy_pointcloud_publisher/package.zsh'
[147.430s] Level 1:colcon.colcon_core.environment:create_file_with_runtime_dependencies(/home/yahboom/intro_ws/install/examples_rclpy_pointcloud_publisher/share/colcon-core/packages/examples_rclpy_pointcloud_publisher)
[147.434s] INFO:colcon.colcon_ros.task.ament_python.build:Building ROS package in '/home/yahboom/intro_ws/src/examples/launch_testing/launch_testing_examples' with build type 'ament_python'
[147.434s] Level 1:colcon.colcon_core.shell:create_environment_hook('launch_testing_examples', 'ament_prefix_path')
[147.434s] INFO:colcon.colcon_core.shell:Creating environment hook '/home/yahboom/intro_ws/install/launch_testing_examples/share/launch_testing_examples/hook/ament_prefix_path.ps1'
[147.436s] INFO:colcon.colcon_core.shell:Creating environment descriptor '/home/yahboom/intro_ws/install/launch_testing_examples/share/launch_testing_examples/hook/ament_prefix_path.dsv'
[147.438s] INFO:colcon.colcon_core.shell:Creating environment hook '/home/yahboom/intro_ws/install/launch_testing_examples/share/launch_testing_examples/hook/ament_prefix_path.sh'
[147.440s] INFO:colcon.colcon_core.shell:Skip shell extension 'powershell' for command environment: Not usable outside of PowerShell
[147.440s] DEBUG:colcon.colcon_core.shell:Skip shell extension 'dsv' for command environment
[148.290s] INFO:colcon.colcon_core.task.python.build:Building Python package in '/home/yahboom/intro_ws/src/examples/launch_testing/launch_testing_examples'
[148.291s] INFO:colcon.colcon_core.shell:Skip shell extension 'powershell' for command environment: Not usable outside of PowerShell
[148.291s] DEBUG:colcon.colcon_core.shell:Skip shell extension 'dsv' for command environment
[148.325s] DEBUG:colcon.colcon_core.event_handler.log_command:Invoked command in '/home/yahboom/intro_ws/build/intro_interfaces' returned '2': CMAKE_PREFIX_PATH=${CMAKE_PREFIX_PATH}:/home/yahboom/cartoros2/install/yahboomcar_nav:/home/yahboom/cartoros2/install/yahboomcar_ctrl:/home/yahboom/cartoros2/install/yahboom_visual:/home/yahboom/cartoros2/install/yahboom_dog_joint_state:/home/yahboom/cartoros2/install/yahboom_description:/home/yahboom/cartoros2/install/yahboom_color_identify_server:/home/yahboom/cartoros2/install/yahboom_bringup:/home/yahboom/cartoros2/install/yahboom_base:/home/yahboom/cartoros2/install/yahboom_app_save_map:/home/yahboom/cartoros2/install/update_map:/home/yahboom/cartoros2/install/rosboard:/home/yahboom/cartoros2/install/path_planner_server:/home/yahboom/cartoros2/install/nav2_simple_commander:/home/yahboom/cartoros2/install/nav2_gazebo_spawner:/home/yahboom/cartoros2/install/localization_server:/home/yahboom/cartoros2/install/laserscan_to_point_pulisher:/home/yahboom/yahboomcar_ws/install/yahboom_dog_example:/opt/ros/humble /usr/bin/cmake --build /home/yahboom/intro_ws/build/intro_interfaces -- -j4 -l4
[148.330s] Level 1:colcon.colcon_core.environment:create_environment_scripts_only(intro_interfaces)
[148.331s] Level 1:colcon.colcon_core.environment:checking '/home/yahboom/intro_ws/install/intro_interfaces' for CMake module files
[148.335s] Level 1:colcon.colcon_core.environment:checking '/home/yahboom/intro_ws/install/intro_interfaces' for CMake config files
[148.336s] Level 1:colcon.colcon_core.shell:create_environment_hook('intro_interfaces', 'cmake_prefix_path')
[148.336s] INFO:colcon.colcon_core.shell:Creating environment hook '/home/yahboom/intro_ws/install/intro_interfaces/share/intro_interfaces/hook/cmake_prefix_path.ps1'
[148.338s] INFO:colcon.colcon_core.shell:Creating environment descriptor '/home/yahboom/intro_ws/install/intro_interfaces/share/intro_interfaces/hook/cmake_prefix_path.dsv'
[148.339s] INFO:colcon.colcon_core.shell:Creating environment hook '/home/yahboom/intro_ws/install/intro_interfaces/share/intro_interfaces/hook/cmake_prefix_path.sh'
[148.341s] Level 1:colcon.colcon_core.environment:checking '/home/yahboom/intro_ws/install/intro_interfaces/bin'
[148.342s] Level 1:colcon.colcon_core.environment:checking '/home/yahboom/intro_ws/install/intro_interfaces/lib/pkgconfig/intro_interfaces.pc'
[148.342s] Level 1:colcon.colcon_core.environment:checking '/home/yahboom/intro_ws/install/intro_interfaces/lib/python3.10/site-packages'
[148.343s] Level 1:colcon.colcon_core.environment:checking '/home/yahboom/intro_ws/install/intro_interfaces/bin'
[148.344s] INFO:colcon.colcon_core.shell:Creating package script '/home/yahboom/intro_ws/install/intro_interfaces/share/intro_interfaces/package.ps1'
[148.345s] INFO:colcon.colcon_core.shell:Creating package descriptor '/home/yahboom/intro_ws/install/intro_interfaces/share/intro_interfaces/package.dsv'
[148.347s] INFO:colcon.colcon_core.shell:Creating package script '/home/yahboom/intro_ws/install/intro_interfaces/share/intro_interfaces/package.sh'
[148.348s] INFO:colcon.colcon_core.shell:Creating package script '/home/yahboom/intro_ws/install/intro_interfaces/share/intro_interfaces/package.bash'
[148.349s] INFO:colcon.colcon_core.shell:Creating package script '/home/yahboom/intro_ws/install/intro_interfaces/share/intro_interfaces/package.zsh'
[148.351s] Level 1:colcon.colcon_core.environment:create_file_with_runtime_dependencies(/home/yahboom/intro_ws/install/intro_interfaces/share/colcon-core/packages/intro_interfaces)
[276.888s] DEBUG:colcon.colcon_parallel_executor.executor.parallel:closing loop
[276.895s] DEBUG:colcon.colcon_parallel_executor.executor.parallel:loop closed
[276.895s] DEBUG:colcon.colcon_parallel_executor.executor.parallel:run_until_complete finished with '2'
[276.898s] DEBUG:colcon.colcon_core.event_reactor:joining thread
[277.022s] INFO:colcon.colcon_core.plugin_system:Skipping extension 'colcon_notification.desktop_notification.terminal_notifier': Not used on non-Darwin systems
[277.024s] INFO:colcon.colcon_core.plugin_system:Skipping extension 'colcon_notification.desktop_notification.win32': Not used on non-Windows systems
[277.024s] INFO:colcon.colcon_notification.desktop_notification:Sending desktop notification using 'notify2'
[277.091s] DEBUG:colcon.colcon_core.event_reactor:joined thread
[277.099s] INFO:colcon.colcon_core.shell:Creating prefix script '/home/yahboom/intro_ws/install/local_setup.ps1'
[277.104s] INFO:colcon.colcon_core.shell:Creating prefix util module '/home/yahboom/intro_ws/install/_local_setup_util_ps1.py'
[277.111s] INFO:colcon.colcon_core.shell:Creating prefix chain script '/home/yahboom/intro_ws/install/setup.ps1'
[277.127s] INFO:colcon.colcon_core.shell:Creating prefix script '/home/yahboom/intro_ws/install/local_setup.sh'
[277.130s] INFO:colcon.colcon_core.shell:Creating prefix util module '/home/yahboom/intro_ws/install/_local_setup_util_sh.py'
[277.133s] INFO:colcon.colcon_core.shell:Creating prefix chain script '/home/yahboom/intro_ws/install/setup.sh'
[277.151s] INFO:colcon.colcon_core.shell:Creating prefix script '/home/yahboom/intro_ws/install/local_setup.bash'
[277.153s] INFO:colcon.colcon_core.shell:Creating prefix chain script '/home/yahboom/intro_ws/install/setup.bash'
[277.169s] INFO:colcon.colcon_core.shell:Creating prefix script '/home/yahboom/intro_ws/install/local_setup.zsh'
[277.172s] INFO:colcon.colcon_core.shell:Creating prefix chain script '/home/yahboom/intro_ws/install/setup.zsh'
