[0.000000] (-) TimerEvent: {}
[0.002938] (-) JobUnselected: {'identifier': 'examples_rclcpp_async_client'}
[0.003102] (-) JobUnselected: {'identifier': 'examples_rclcpp_cbg_executor'}
[0.003185] (-) JobUnselected: {'identifier': 'examples_rclcpp_minimal_action_client'}
[0.003266] (-) JobUnselected: {'identifier': 'examples_rclcpp_minimal_action_server'}
[0.003345] (-) JobUnselected: {'identifier': 'examples_rclcpp_minimal_client'}
[0.003426] (-) JobUnselected: {'identifier': 'examples_rclcpp_minimal_composition'}
[0.003505] (-) JobUnselected: {'identifier': 'examples_rclcpp_minimal_publisher'}
[0.003584] (-) JobUnselected: {'identifier': 'examples_rclcpp_minimal_service'}
[0.003698] (-) JobUnselected: {'identifier': 'examples_rclcpp_minimal_subscriber'}
[0.003776] (-) JobUnselected: {'identifier': 'examples_rclcpp_minimal_timer'}
[0.003858] (-) JobUnselected: {'identifier': 'examples_rclcpp_multithreaded_executor'}
[0.003935] (-) JobUnselected: {'identifier': 'examples_rclcpp_wait_set'}
[0.004013] (-) JobUnselected: {'identifier': 'examples_rclpy_executors'}
[0.004046] (-) JobUnselected: {'identifier': 'examples_rclpy_guard_conditions'}
[0.004076] (-) JobUnselected: {'identifier': 'examples_rclpy_minimal_action_client'}
[0.004105] (-) JobUnselected: {'identifier': 'examples_rclpy_minimal_action_server'}
[0.004133] (-) JobUnselected: {'identifier': 'examples_rclpy_minimal_client'}
[0.004161] (-) JobUnselected: {'identifier': 'examples_rclpy_minimal_publisher'}
[0.004370] (-) JobUnselected: {'identifier': 'examples_rclpy_minimal_service'}
[0.004483] (-) JobUnselected: {'identifier': 'examples_rclpy_minimal_subscriber'}
[0.004564] (-) JobUnselected: {'identifier': 'examples_rclpy_pointcloud_publisher'}
[0.004698] (-) JobUnselected: {'identifier': 'intro_interfaces'}
[0.005136] (-) JobUnselected: {'identifier': 'launch_testing_examples'}
[0.005219] (-) JobUnselected: {'identifier': 'turtle_test'}
[0.005304] (turtle_interfaces) JobQueued: {'identifier': 'turtle_interfaces', 'dependencies': OrderedDict()}
[0.005391] (turtle_interfaces) JobStarted: {'identifier': 'turtle_interfaces'}
[0.057837] (turtle_interfaces) JobProgress: {'identifier': 'turtle_interfaces', 'progress': 'cmake'}
[0.059031] (turtle_interfaces) Command: {'cmd': ['/usr/bin/cmake', '/home/yahboom/intro_ws/src/turtle_interfaces', '-DCMAKE_INSTALL_PREFIX=/home/yahboom/intro_ws/install/turtle_interfaces'], 'cwd': '/home/yahboom/intro_ws/build/turtle_interfaces', 'env': OrderedDict([('LESSOPEN', '| /usr/bin/lesspipe %s'), ('USER', 'yahboom'), ('LC_TIME', 'zh_CN.UTF-8'), ('XDG_SESSION_TYPE', 'wayland'), ('SHLVL', '1'), ('LD_LIBRARY_PATH', '/home/yahboom/intro_ws/install/examples_rclcpp_minimal_composition/lib:/home/yahboom/cartoros2/install/yahboom_web_savmap_interfaces/lib:/home/yahboom/cartoros2/install/yahboom_msgs/lib:/home/yahboom/cartoros2/install/yahboom_color_identify_interfaces/lib:/home/yahboom/cartoros2/install/yahboom_attitude_record_interfaces/lib:/home/yahboom/cartoros2/install/nav2_smoother/lib:/home/yahboom/cartoros2/install/nav2_graceful_controller/lib:/home/yahboom/cartoros2/install/nav2_controller/lib:/home/yahboom/cartoros2/install/dwb_plugins/lib:/home/yahboom/cartoros2/install/dwb_critics/lib:/home/yahboom/cartoros2/install/dwb_core/lib:/home/yahboom/cartoros2/install/nav_2d_utils/lib:/home/yahboom/cartoros2/install/dwb_msgs/lib:/home/yahboom/cartoros2/install/nav_2d_msgs/lib:/home/yahboom/cartoros2/install/nav2_waypoint_follower/lib:/home/yahboom/cartoros2/install/nav2_theta_star_planner/lib:/home/yahboom/cartoros2/install/nav2_smac_planner/lib:/home/yahboom/cartoros2/install/nav2_rotation_shim_controller/lib:/home/yahboom/cartoros2/install/nav2_regulated_pure_pursuit_controller/lib:/home/yahboom/cartoros2/install/nav2_planner/lib:/home/yahboom/cartoros2/install/nav2_navfn_planner/lib:/home/yahboom/cartoros2/install/nav2_mppi_controller/lib:/home/yahboom/cartoros2/install/nav2_constrained_smoother/lib:/home/yahboom/cartoros2/install/nav2_bt_navigator/lib:/home/yahboom/cartoros2/install/nav2_behaviors/lib:/home/yahboom/cartoros2/install/nav2_collision_monitor/lib:/home/yahboom/cartoros2/install/costmap_queue/lib:/home/yahboom/cartoros2/install/nav2_costmap_2d/lib:/home/yahboom/cartoros2/install/nav2_voxel_grid/lib:/home/yahboom/cartoros2/install/nav2_velocity_smoother/lib:/home/yahboom/cartoros2/install/nav2_rviz_plugins/lib:/home/yahboom/cartoros2/install/nav2_map_server/lib:/home/yahboom/cartoros2/install/nav2_lifecycle_manager/lib:/home/yahboom/cartoros2/install/nav2_behavior_tree/lib:/home/yahboom/cartoros2/install/nav2_amcl/lib:/home/yahboom/cartoros2/install/nav2_util/lib:/home/yahboom/cartoros2/install/nav2_msgs/lib:/home/yahboom/cartoros2/install/image_color_lab/lib:/home/yahboom/cartoros2/install/dynamixel_sdk_custom_interfaces/lib:/home/yahboom/cartoros2/install/dynamixel_sdk/lib:/home/yahboom/cartoros2/install/csm/lib:/home/yahboom/cartoros2/install/champ_msgs/lib:/home/yahboom/cartoros2/install/cartographer_ros_msgs/lib:/home/yahboom/yahboomcar_ws/install/yahboom_dog_msgs/lib:/home/yahboom/yahboomcar_ws/install/dynamixel_sdk_custom_interfaces/lib:/home/yahboom/yahboomcar_ws/install/dynamixel_sdk/lib:/home/yahboom/yahboomcar_ws/install/champ_msgs/lib:/home/yahboom/gmapping_ws/install/openslam_gmapping/lib:/usr/lib/x86_64-linux-gnu/gazebo-11/plugins:/opt/ros/humble/opt/rviz_ogre_vendor/lib:/opt/ros/humble/lib/x86_64-linux-gnu:/opt/ros/humble/lib:/opt/ros/humble/include/std_msgs/std_msgs/msg/:/usr/lib/jvm/java-11-openjdk-amd64/lib/:/usr/lib/jvm/java-11-openjdk-amd64/lib/server/:'), ('HOME', '/home/yahboom'), ('OLDPWD', '/home/yahboom/intro_ws/src/turtle_interfaces'), ('DESKTOP_SESSION', 'ubuntu'), ('ROS_PYTHON_VERSION', '3'), ('GNOME_SHELL_SESSION_MODE', 'ubuntu'), ('GTK_MODULES', 'gail:atk-bridge'), ('LC_MONETARY', 'zh_CN.UTF-8'), ('DBUS_STARTER_BUS_TYPE', 'session'), ('SYSTEMD_EXEC_PID', '1652'), ('DBUS_SESSION_BUS_ADDRESS', 'unix:path=/run/user/1000/bus,guid=e51b9c1fe72362aee01380aa69b4550f'), ('COLORTERM', 'truecolor'), ('IM_CONFIG_PHASE', '1'), ('WAYLAND_DISPLAY', 'wayland-0'), ('COLCON_PREFIX_PATH', '/home/yahboom/intro_ws/install:/home/yahboom/yahboomcar_ws/install:/home/yahboom/gmapping_ws/install:/home/yahboom/cartoros2/install'), ('ROS_DISTRO', 'humble'), ('LOGNAME', 'yahboom'), ('_', '/usr/bin/colcon'), ('ROS_VERSION', '2'), ('PKG_CONFIG_PATH', '/home/yahboom/cartoros2/install/cartographer/lib/x86_64-linux-gnu/pkgconfig:/home/yahboom/cartoros2/install/cartographer/lib/pkgconfig'), ('XDG_SESSION_CLASS', 'user'), ('USERNAME', 'yahboom'), ('TERM', 'xterm-256color'), ('GNOME_DESKTOP_SESSION_ID', 'this-is-deprecated'), ('ROS_LOCALHOST_ONLY', '0'), ('PATH', '/home/yahboom/cartoros2/install/cartographer/bin:/opt/ros/humble/bin:/home/yahboom/.local/bin:/usr/local/sbin:/usr/local/bin:/usr/sbin:/usr/bin:/sbin:/bin:/usr/games:/usr/local/games:/snap/bin:/snap/bin'), ('SESSION_MANAGER', 'local/yahboom-virtual-machine:@/tmp/.ICE-unix/1652,unix/yahboom-virtual-machine:/tmp/.ICE-unix/1652'), ('XDG_MENU_PREFIX', 'gnome-'), ('LC_ADDRESS', 'zh_CN.UTF-8'), ('GNOME_TERMINAL_SCREEN', '/org/gnome/Terminal/screen/9e1a7caa_3ff9_48a0_9f03_623f36e155f6'), ('GNOME_SETUP_DISPLAY', ':1'), ('XDG_RUNTIME_DIR', '/run/user/1000'), ('DISPLAY', ':0'), ('LANG', 'en_US.UTF-8'), ('XDG_CURRENT_DESKTOP', 'ubuntu:GNOME'), ('LC_TELEPHONE', 'zh_CN.UTF-8'), ('XMODIFIERS', '@im=ibus'), ('XDG_SESSION_DESKTOP', 'ubuntu'), ('XAUTHORITY', '/run/user/1000/.mutter-Xwaylandauth.SYQZL3'), ('LS_COLORS', 'rs=0:di=01;34:ln=01;36:mh=00:pi=40;33:so=01;35:do=01;35:bd=40;33;01:cd=40;33;01:or=40;31;01:mi=00:su=37;41:sg=30;43:ca=30;41:tw=30;42:ow=34;42:st=37;44:ex=01;32:*.tar=01;31:*.tgz=01;31:*.arc=01;31:*.arj=01;31:*.taz=01;31:*.lha=01;31:*.lz4=01;31:*.lzh=01;31:*.lzma=01;31:*.tlz=01;31:*.txz=01;31:*.tzo=01;31:*.t7z=01;31:*.zip=01;31:*.z=01;31:*.dz=01;31:*.gz=01;31:*.lrz=01;31:*.lz=01;31:*.lzo=01;31:*.xz=01;31:*.zst=01;31:*.tzst=01;31:*.bz2=01;31:*.bz=01;31:*.tbz=01;31:*.tbz2=01;31:*.tz=01;31:*.deb=01;31:*.rpm=01;31:*.jar=01;31:*.war=01;31:*.ear=01;31:*.sar=01;31:*.rar=01;31:*.alz=01;31:*.ace=01;31:*.zoo=01;31:*.cpio=01;31:*.7z=01;31:*.rz=01;31:*.cab=01;31:*.wim=01;31:*.swm=01;31:*.dwm=01;31:*.esd=01;31:*.jpg=01;35:*.jpeg=01;35:*.mjpg=01;35:*.mjpeg=01;35:*.gif=01;35:*.bmp=01;35:*.pbm=01;35:*.pgm=01;35:*.ppm=01;35:*.tga=01;35:*.xbm=01;35:*.xpm=01;35:*.tif=01;35:*.tiff=01;35:*.png=01;35:*.svg=01;35:*.svgz=01;35:*.mng=01;35:*.pcx=01;35:*.mov=01;35:*.mpg=01;35:*.mpeg=01;35:*.m2v=01;35:*.mkv=01;35:*.webm=01;35:*.webp=01;35:*.ogm=01;35:*.mp4=01;35:*.m4v=01;35:*.mp4v=01;35:*.vob=01;35:*.qt=01;35:*.nuv=01;35:*.wmv=01;35:*.asf=01;35:*.rm=01;35:*.rmvb=01;35:*.flc=01;35:*.avi=01;35:*.fli=01;35:*.flv=01;35:*.gl=01;35:*.dl=01;35:*.xcf=01;35:*.xwd=01;35:*.yuv=01;35:*.cgm=01;35:*.emf=01;35:*.ogv=01;35:*.ogx=01;35:*.aac=00;36:*.au=00;36:*.flac=00;36:*.m4a=00;36:*.mid=00;36:*.midi=00;36:*.mka=00;36:*.mp3=00;36:*.mpc=00;36:*.ogg=00;36:*.ra=00;36:*.wav=00;36:*.oga=00;36:*.opus=00;36:*.spx=00;36:*.xspf=00;36:'), ('GNOME_TERMINAL_SERVICE', ':1.97'), ('SSH_AGENT_LAUNCHER', 'gnome-keyring'), ('SSH_AUTH_SOCK', '/run/user/1000/keyring/ssh'), ('ROS_DOMAIN_ID', '12'), ('AMENT_PREFIX_PATH', '/home/yahboom/intro_ws/install/turtle_test:/home/yahboom/intro_ws/install/examples_rclpy_pointcloud_publisher:/home/yahboom/intro_ws/install/examples_rclpy_minimal_subscriber:/home/yahboom/intro_ws/install/examples_rclpy_minimal_service:/home/yahboom/intro_ws/install/examples_rclpy_minimal_publisher:/home/yahboom/intro_ws/install/examples_rclpy_minimal_client:/home/yahboom/intro_ws/install/examples_rclpy_minimal_action_server:/home/yahboom/intro_ws/install/examples_rclpy_minimal_action_client:/home/yahboom/intro_ws/install/examples_rclpy_guard_conditions:/home/yahboom/intro_ws/install/examples_rclpy_executors:/home/yahboom/intro_ws/install/examples_rclcpp_multithreaded_executor:/home/yahboom/intro_ws/install/examples_rclcpp_minimal_timer:/home/yahboom/intro_ws/install/examples_rclcpp_minimal_service:/home/yahboom/intro_ws/install/examples_rclcpp_minimal_publisher:/home/yahboom/intro_ws/install/examples_rclcpp_minimal_composition:/home/yahboom/intro_ws/install/examples_rclcpp_minimal_client:/home/yahboom/intro_ws/install/examples_rclcpp_minimal_action_server:/home/yahboom/intro_ws/install/examples_rclcpp_minimal_action_client:/home/yahboom/intro_ws/install/examples_rclcpp_cbg_executor:/home/yahboom/intro_ws/install/examples_rclcpp_async_client:/home/yahboom/intro_ws/install/intro_interfaces:/home/yahboom/cartoros2/install/yahboomcar_nav:/home/yahboom/cartoros2/install/yahboomcar_ctrl:/home/yahboom/cartoros2/install/yahboom_web_savmap_interfaces:/home/yahboom/cartoros2/install/yahboom_visual:/home/yahboom/cartoros2/install/yahboom_qrcode:/home/yahboom/cartoros2/install/yahboom_point:/home/yahboom/cartoros2/install/yahboom_nav2_send_goal:/home/yahboom/cartoros2/install/yahboom_msgs:/home/yahboom/cartoros2/install/yahboom_dog_joint_state:/home/yahboom/cartoros2/install/yahboom_description:/home/yahboom/cartoros2/install/yahboom_config:/home/yahboom/cartoros2/install/yahboom_color_identify_server:/home/yahboom/cartoros2/install/yahboom_color_identify_interfaces:/home/yahboom/cartoros2/install/yahboom_bringup:/home/yahboom/cartoros2/install/yahboom_base:/home/yahboom/cartoros2/install/yahboom_attitude_record_interfaces:/home/yahboom/cartoros2/install/yahboom_app_save_map:/home/yahboom/cartoros2/install/update_map:/home/yahboom/cartoros2/install/turtlebot3_description:/home/yahboom/cartoros2/install/rosboard:/home/yahboom/cartoros2/install/robot_pose_publisher_ros2:/home/yahboom/cartoros2/install/rf2o_laser_odometry:/home/yahboom/cartoros2/install/path_planner_server:/home/yahboom/cartoros2/install/nav2_system_tests:/home/yahboom/cartoros2/install/nav2_bringup:/home/yahboom/cartoros2/install/navigation2:/home/yahboom/cartoros2/install/nav2_smoother:/home/yahboom/cartoros2/install/nav2_graceful_controller:/home/yahboom/cartoros2/install/nav2_dwb_controller:/home/yahboom/cartoros2/install/nav2_controller:/home/yahboom/cartoros2/install/dwb_plugins:/home/yahboom/cartoros2/install/dwb_critics:/home/yahboom/cartoros2/install/dwb_core:/home/yahboom/cartoros2/install/nav_2d_utils:/home/yahboom/cartoros2/install/dwb_msgs:/home/yahboom/cartoros2/install/nav_2d_msgs:/home/yahboom/cartoros2/install/nav2_waypoint_follower:/home/yahboom/cartoros2/install/nav2_theta_star_planner:/home/yahboom/cartoros2/install/nav2_smac_planner:/home/yahboom/cartoros2/install/nav2_rotation_shim_controller:/home/yahboom/cartoros2/install/nav2_regulated_pure_pursuit_controller:/home/yahboom/cartoros2/install/nav2_planner:/home/yahboom/cartoros2/install/nav2_navfn_planner:/home/yahboom/cartoros2/install/nav2_mppi_controller:/home/yahboom/cartoros2/install/nav2_constrained_smoother:/home/yahboom/cartoros2/install/nav2_bt_navigator:/home/yahboom/cartoros2/install/nav2_behaviors:/home/yahboom/cartoros2/install/nav2_core:/home/yahboom/cartoros2/install/nav2_collision_monitor:/home/yahboom/cartoros2/install/costmap_queue:/home/yahboom/cartoros2/install/nav2_costmap_2d:/home/yahboom/cartoros2/install/nav2_voxel_grid:/home/yahboom/cartoros2/install/nav2_velocity_smoother:/home/yahboom/cartoros2/install/nav2_rviz_plugins:/home/yahboom/cartoros2/install/nav2_map_server:/home/yahboom/cartoros2/install/nav2_lifecycle_manager:/home/yahboom/cartoros2/install/nav2_behavior_tree:/home/yahboom/cartoros2/install/nav2_amcl:/home/yahboom/cartoros2/install/nav2_util:/home/yahboom/cartoros2/install/nav2_simple_commander:/home/yahboom/cartoros2/install/nav2_msgs:/home/yahboom/cartoros2/install/nav2_gazebo_spawner:/home/yahboom/cartoros2/install/nav2_common:/home/yahboom/cartoros2/install/localization_server:/home/yahboom/cartoros2/install/laserscan_to_point_pulisher:/home/yahboom/cartoros2/install/image_color_lab:/home/yahboom/cartoros2/install/dynamixel_sdk_examples:/home/yahboom/cartoros2/install/dynamixel_sdk_custom_interfaces:/home/yahboom/cartoros2/install/dynamixel_sdk:/home/yahboom/cartoros2/install/csm:/home/yahboom/cartoros2/install/champ_msgs:/home/yahboom/cartoros2/install/champ_bringup:/home/yahboom/cartoros2/install/champ:/home/yahboom/cartoros2/install/cartographer_ros_msgs:/home/yahboom/yahboomcar_ws/install/yahboom_navigation2:/home/yahboom/yahboomcar_ws/install/yahboom_dog_node:/home/yahboom/yahboomcar_ws/install/yahboom_dog_navigation2:/home/yahboom/yahboomcar_ws/install/yahboom_dog_nav:/home/yahboom/yahboomcar_ws/install/yahboom_dog_msgs:/home/yahboom/yahboomcar_ws/install/yahboom_dog_example:/home/yahboom/yahboomcar_ws/install/yahboom_dog_cartographer:/home/yahboom/yahboomcar_ws/install/yahboom_dog:/home/yahboom/yahboomcar_ws/install/yahboom_dog_bringup:/home/yahboom/yahboomcar_ws/install/dynamixel_sdk_examples:/home/yahboom/yahboomcar_ws/install/dynamixel_sdk_custom_interfaces:/home/yahboom/yahboomcar_ws/install/dynamixel_sdk:/home/yahboom/yahboomcar_ws/install/champ_navigation:/home/yahboom/yahboomcar_ws/install/champ_msgs:/home/yahboom/yahboomcar_ws/install/champ_bringup:/home/yahboom/yahboomcar_ws/install/champ_description:/home/yahboom/yahboomcar_ws/install/champ_config:/home/yahboom/yahboomcar_ws/install/champ:/home/yahboom/gmapping_ws/install/slam_gmapping:/home/yahboom/gmapping_ws/install/openslam_gmapping:/opt/ros/humble'), ('SHELL', '/bin/bash'), ('LC_NAME', 'zh_CN.UTF-8'), ('QT_ACCESSIBILITY', '1'), ('GDMSESSION', 'ubuntu'), ('LESSCLOSE', '/usr/bin/lesspipe %s %s'), ('LC_MEASUREMENT', 'zh_CN.UTF-8'), ('LC_IDENTIFICATION', 'zh_CN.UTF-8'), ('QT_IM_MODULE', 'ibus'), ('PWD', '/home/yahboom/intro_ws/build/turtle_interfaces'), ('TURTLEBOT3_MODEL', 'burger'), ('LC_ALL', 'en_US.UTF-8'), ('XDG_CONFIG_DIRS', '/etc/xdg/xdg-ubuntu:/etc/xdg'), ('DBUS_STARTER_ADDRESS', 'unix:path=/run/user/1000/bus,guid=e51b9c1fe72362aee01380aa69b4550f'), ('XDG_DATA_DIRS', '/usr/share/ubuntu:/usr/local/share/:/usr/share/:/var/lib/snapd/desktop'), ('PYTHONPATH', '/home/yahboom/intro_ws/install/examples_rclpy_pointcloud_publisher/lib/python3.10/site-packages:/home/yahboom/intro_ws/install/examples_rclpy_minimal_subscriber/lib/python3.10/site-packages:/home/yahboom/intro_ws/install/examples_rclpy_minimal_service/lib/python3.10/site-packages:/home/yahboom/intro_ws/install/examples_rclpy_minimal_publisher/lib/python3.10/site-packages:/home/yahboom/intro_ws/install/examples_rclpy_minimal_client/lib/python3.10/site-packages:/home/yahboom/intro_ws/install/examples_rclpy_minimal_action_server/lib/python3.10/site-packages:/home/yahboom/intro_ws/install/examples_rclpy_minimal_action_client/lib/python3.10/site-packages:/home/yahboom/intro_ws/install/examples_rclpy_guard_conditions/lib/python3.10/site-packages:/home/yahboom/intro_ws/install/examples_rclpy_executors/lib/python3.10/site-packages:/home/yahboom/intro_ws/install/turtle_test/lib/python3.10/site-packages:/home/yahboom/cartoros2/install/yahboomcar_nav/lib/python3.10/site-packages:/home/yahboom/cartoros2/install/yahboomcar_ctrl/lib/python3.10/site-packages:/home/yahboom/cartoros2/install/yahboom_web_savmap_interfaces/local/lib/python3.10/dist-packages:/home/yahboom/cartoros2/install/yahboom_visual/lib/python3.10/site-packages:/home/yahboom/cartoros2/install/yahboom_msgs/local/lib/python3.10/dist-packages:/home/yahboom/cartoros2/install/yahboom_dog_joint_state/lib/python3.10/site-packages:/home/yahboom/cartoros2/install/yahboom_description/lib/python3.10/site-packages:/home/yahboom/cartoros2/install/yahboom_color_identify_server/lib/python3.10/site-packages:/home/yahboom/cartoros2/install/yahboom_color_identify_interfaces/local/lib/python3.10/dist-packages:/home/yahboom/cartoros2/install/yahboom_bringup/lib/python3.10/site-packages:/home/yahboom/cartoros2/install/yahboom_base/lib/python3.10/site-packages:/home/yahboom/cartoros2/install/yahboom_attitude_record_interfaces/local/lib/python3.10/dist-packages:/home/yahboom/cartoros2/install/yahboom_app_save_map/lib/python3.10/site-packages:/home/yahboom/cartoros2/install/update_map/lib/python3.10/site-packages:/home/yahboom/cartoros2/install/rosboard/lib/python3.10/site-packages:/home/yahboom/cartoros2/install/path_planner_server/lib/python3.10/site-packages:/home/yahboom/cartoros2/install/dwb_msgs/local/lib/python3.10/dist-packages:/home/yahboom/cartoros2/install/nav_2d_msgs/local/lib/python3.10/dist-packages:/home/yahboom/cartoros2/install/nav2_simple_commander/lib/python3.10/site-packages:/home/yahboom/cartoros2/install/nav2_msgs/local/lib/python3.10/dist-packages:/home/yahboom/cartoros2/install/nav2_gazebo_spawner/lib/python3.10/site-packages:/home/yahboom/cartoros2/install/nav2_common/local/lib/python3.10/dist-packages:/home/yahboom/cartoros2/install/localization_server/lib/python3.10/site-packages:/home/yahboom/cartoros2/install/laserscan_to_point_pulisher/lib/python3.10/site-packages:/home/yahboom/cartoros2/install/image_color_lab/local/lib/python3.10/dist-packages:/home/yahboom/cartoros2/install/dynamixel_sdk_custom_interfaces/local/lib/python3.10/dist-packages:/home/yahboom/cartoros2/install/champ_msgs/local/lib/python3.10/dist-packages:/home/yahboom/cartoros2/install/champ_bringup/local/lib/python3.10/dist-packages:/home/yahboom/cartoros2/install/cartographer_ros_msgs/local/lib/python3.10/dist-packages:/home/yahboom/yahboomcar_ws/install/yahboom_dog_msgs/local/lib/python3.10/dist-packages:/home/yahboom/yahboomcar_ws/install/yahboom_dog_example/lib/python3.10/site-packages:/home/yahboom/yahboomcar_ws/install/turtlebot3_example/lib/python3.10/site-packages:/home/yahboom/yahboomcar_ws/install/dynamixel_sdk_custom_interfaces/local/lib/python3.10/dist-packages:/home/yahboom/yahboomcar_ws/install/champ_msgs/local/lib/python3.10/dist-packages:/home/yahboom/yahboomcar_ws/install/champ_bringup/local/lib/python3.10/dist-packages:/opt/ros/humble/lib/python3.10/site-packages:/opt/ros/humble/local/lib/python3.10/dist-packages'), ('LC_NUMERIC', 'zh_CN.UTF-8'), ('LC_PAPER', 'zh_CN.UTF-8'), ('COLCON', '1'), ('VTE_VERSION', '6800'), ('CMAKE_PREFIX_PATH', '/home/yahboom/intro_ws/install/examples_rclcpp_multithreaded_executor:/home/yahboom/intro_ws/install/examples_rclcpp_minimal_timer:/home/yahboom/intro_ws/install/examples_rclcpp_minimal_service:/home/yahboom/intro_ws/install/examples_rclcpp_minimal_publisher:/home/yahboom/intro_ws/install/examples_rclcpp_minimal_composition:/home/yahboom/intro_ws/install/examples_rclcpp_minimal_client:/home/yahboom/intro_ws/install/examples_rclcpp_minimal_action_server:/home/yahboom/intro_ws/install/examples_rclcpp_minimal_action_client:/home/yahboom/intro_ws/install/examples_rclcpp_cbg_executor:/home/yahboom/intro_ws/install/examples_rclcpp_async_client:/home/yahboom/intro_ws/install/intro_interfaces:/home/yahboom/cartoros2/install/yahboom_web_savmap_interfaces:/home/yahboom/cartoros2/install/yahboom_qrcode:/home/yahboom/cartoros2/install/yahboom_point:/home/yahboom/cartoros2/install/yahboom_nav2_send_goal:/home/yahboom/cartoros2/install/yahboom_msgs:/home/yahboom/cartoros2/install/yahboom_config:/home/yahboom/cartoros2/install/yahboom_color_identify_interfaces:/home/yahboom/cartoros2/install/yahboom_attitude_record_interfaces:/home/yahboom/cartoros2/install/turtlebot3_description:/home/yahboom/cartoros2/install/robot_pose_publisher_ros2:/home/yahboom/cartoros2/install/rf2o_laser_odometry:/home/yahboom/cartoros2/install/nav2_system_tests:/home/yahboom/cartoros2/install/nav2_bringup:/home/yahboom/cartoros2/install/navigation2:/home/yahboom/cartoros2/install/nav2_smoother:/home/yahboom/cartoros2/install/nav2_graceful_controller:/home/yahboom/cartoros2/install/nav2_dwb_controller:/home/yahboom/cartoros2/install/nav2_controller:/home/yahboom/cartoros2/install/dwb_plugins:/home/yahboom/cartoros2/install/dwb_critics:/home/yahboom/cartoros2/install/dwb_core:/home/yahboom/cartoros2/install/nav_2d_utils:/home/yahboom/cartoros2/install/dwb_msgs:/home/yahboom/cartoros2/install/nav_2d_msgs:/home/yahboom/cartoros2/install/nav2_waypoint_follower:/home/yahboom/cartoros2/install/nav2_theta_star_planner:/home/yahboom/cartoros2/install/nav2_smac_planner:/home/yahboom/cartoros2/install/nav2_rotation_shim_controller:/home/yahboom/cartoros2/install/nav2_regulated_pure_pursuit_controller:/home/yahboom/cartoros2/install/nav2_planner:/home/yahboom/cartoros2/install/nav2_navfn_planner:/home/yahboom/cartoros2/install/nav2_mppi_controller:/home/yahboom/cartoros2/install/nav2_constrained_smoother:/home/yahboom/cartoros2/install/nav2_bt_navigator:/home/yahboom/cartoros2/install/nav2_behaviors:/home/yahboom/cartoros2/install/nav2_core:/home/yahboom/cartoros2/install/nav2_collision_monitor:/home/yahboom/cartoros2/install/costmap_queue:/home/yahboom/cartoros2/install/nav2_costmap_2d:/home/yahboom/cartoros2/install/nav2_voxel_grid:/home/yahboom/cartoros2/install/nav2_velocity_smoother:/home/yahboom/cartoros2/install/nav2_rviz_plugins:/home/yahboom/cartoros2/install/nav2_map_server:/home/yahboom/cartoros2/install/nav2_lifecycle_manager:/home/yahboom/cartoros2/install/nav2_behavior_tree:/home/yahboom/cartoros2/install/nav2_amcl:/home/yahboom/cartoros2/install/nav2_util:/home/yahboom/cartoros2/install/nav2_msgs:/home/yahboom/cartoros2/install/nav2_common:/home/yahboom/cartoros2/install/image_color_lab:/home/yahboom/cartoros2/install/dynamixel_sdk_examples:/home/yahboom/cartoros2/install/dynamixel_sdk_custom_interfaces:/home/yahboom/cartoros2/install/dynamixel_sdk:/home/yahboom/cartoros2/install/csm:/home/yahboom/cartoros2/install/champ_msgs:/home/yahboom/cartoros2/install/champ_bringup:/home/yahboom/cartoros2/install/champ:/home/yahboom/cartoros2/install/cartographer_ros_msgs:/home/yahboom/cartoros2/install/cartographer:/home/yahboom/yahboomcar_ws/install/yahboom_navigation2:/home/yahboom/yahboomcar_ws/install/yahboom_dog_node:/home/yahboom/yahboomcar_ws/install/yahboom_dog_navigation2:/home/yahboom/yahboomcar_ws/install/yahboom_dog_nav:/home/yahboom/yahboomcar_ws/install/yahboom_dog_msgs:/home/yahboom/yahboomcar_ws/install/yahboom_dog_cartographer:/home/yahboom/yahboomcar_ws/install/yahboom_dog:/home/yahboom/yahboomcar_ws/install/yahboom_dog_bringup:/home/yahboom/yahboomcar_ws/install/dynamixel_sdk_examples:/home/yahboom/yahboomcar_ws/install/dynamixel_sdk_custom_interfaces:/home/yahboom/yahboomcar_ws/install/dynamixel_sdk:/home/yahboom/yahboomcar_ws/install/champ_navigation:/home/yahboom/yahboomcar_ws/install/champ_msgs:/home/yahboom/yahboomcar_ws/install/champ_bringup:/home/yahboom/yahboomcar_ws/install/champ_description:/home/yahboom/yahboomcar_ws/install/champ_config:/home/yahboom/yahboomcar_ws/install/champ:/home/yahboom/gmapping_ws/install/slam_gmapping:/home/yahboom/gmapping_ws/install/openslam_gmapping:/home/yahboom/intro_ws/install/turtle_test:/home/yahboom/intro_ws/install/examples_rclpy_pointcloud_publisher:/home/yahboom/intro_ws/install/examples_rclpy_minimal_subscriber:/home/yahboom/intro_ws/install/examples_rclpy_minimal_service:/home/yahboom/intro_ws/install/examples_rclpy_minimal_publisher:/home/yahboom/intro_ws/install/examples_rclpy_minimal_client:/home/yahboom/intro_ws/install/examples_rclpy_minimal_action_server:/home/yahboom/intro_ws/install/examples_rclpy_minimal_action_client:/home/yahboom/intro_ws/install/examples_rclpy_guard_conditions:/home/yahboom/intro_ws/install/examples_rclpy_executors:/home/yahboom/cartoros2/install/yahboomcar_nav:/home/yahboom/cartoros2/install/yahboomcar_ctrl:/home/yahboom/cartoros2/install/yahboom_visual:/home/yahboom/cartoros2/install/yahboom_dog_joint_state:/home/yahboom/cartoros2/install/yahboom_description:/home/yahboom/cartoros2/install/yahboom_color_identify_server:/home/yahboom/cartoros2/install/yahboom_bringup:/home/yahboom/cartoros2/install/yahboom_base:/home/yahboom/cartoros2/install/yahboom_app_save_map:/home/yahboom/cartoros2/install/update_map:/home/yahboom/cartoros2/install/rosboard:/home/yahboom/cartoros2/install/path_planner_server:/home/yahboom/cartoros2/install/nav2_simple_commander:/home/yahboom/cartoros2/install/nav2_gazebo_spawner:/home/yahboom/cartoros2/install/localization_server:/home/yahboom/cartoros2/install/laserscan_to_point_pulisher:/home/yahboom/yahboomcar_ws/install/yahboom_dog_example:/opt/ros/humble')]), 'shell': False}
[0.098726] (-) TimerEvent: {}
[0.199534] (-) TimerEvent: {}
[0.270855] (turtle_interfaces) StdoutLine: {'line': b'-- The C compiler identification is GNU 11.4.0\n'}
[0.299871] (-) TimerEvent: {}
[0.400494] (-) TimerEvent: {}
[0.428474] (turtle_interfaces) StdoutLine: {'line': b'-- The CXX compiler identification is GNU 11.4.0\n'}
[0.451238] (turtle_interfaces) StdoutLine: {'line': b'-- Detecting C compiler ABI info\n'}
[0.501000] (-) TimerEvent: {}
[0.601800] (-) TimerEvent: {}
[0.698542] (turtle_interfaces) StdoutLine: {'line': b'-- Detecting C compiler ABI info - done\n'}
[0.701967] (-) TimerEvent: {}
[0.713971] (turtle_interfaces) StdoutLine: {'line': b'-- Check for working C compiler: /usr/bin/cc - skipped\n'}
[0.714547] (turtle_interfaces) StdoutLine: {'line': b'-- Detecting C compile features\n'}
[0.715453] (turtle_interfaces) StdoutLine: {'line': b'-- Detecting C compile features - done\n'}
[0.722655] (turtle_interfaces) StdoutLine: {'line': b'-- Detecting CXX compiler ABI info\n'}
[0.802239] (-) TimerEvent: {}
[0.903097] (-) TimerEvent: {}
[0.996880] (turtle_interfaces) StdoutLine: {'line': b'-- Detecting CXX compiler ABI info - done\n'}
[1.003113] (-) TimerEvent: {}
[1.012647] (turtle_interfaces) StdoutLine: {'line': b'-- Check for working CXX compiler: /usr/bin/c++ - skipped\n'}
[1.013255] (turtle_interfaces) StdoutLine: {'line': b'-- Detecting CXX compile features\n'}
[1.014332] (turtle_interfaces) StdoutLine: {'line': b'-- Detecting CXX compile features - done\n'}
[1.048370] (turtle_interfaces) StdoutLine: {'line': b'-- Found ament_cmake: 1.3.12 (/opt/ros/humble/share/ament_cmake/cmake)\n'}
[1.103394] (-) TimerEvent: {}
[1.204112] (-) TimerEvent: {}
[1.304893] (-) TimerEvent: {}
[1.405707] (-) TimerEvent: {}
[1.506713] (-) TimerEvent: {}
[1.607383] (-) TimerEvent: {}
[1.682109] (turtle_interfaces) StdoutLine: {'line': b'-- Found Python3: /usr/bin/python3 (found version "3.10.12") found components: Interpreter \n'}
[1.707673] (-) TimerEvent: {}
[1.808419] (-) TimerEvent: {}
[1.909279] (-) TimerEvent: {}
[2.010182] (-) TimerEvent: {}
[2.111304] (-) TimerEvent: {}
[2.212207] (-) TimerEvent: {}
[2.312915] (-) TimerEvent: {}
[2.361465] (turtle_interfaces) StdoutLine: {'line': b'-- Found rosidl_default_generators: 1.2.0 (/opt/ros/humble/share/rosidl_default_generators/cmake)\n'}
[2.413335] (-) TimerEvent: {}
[2.440955] (turtle_interfaces) StdoutLine: {'line': b'-- Using all available rosidl_typesupport_c: rosidl_typesupport_fastrtps_c;rosidl_typesupport_introspection_c\n'}
[2.513781] (-) TimerEvent: {}
[2.538786] (turtle_interfaces) StdoutLine: {'line': b'-- Found rosidl_adapter: 3.1.8 (/opt/ros/humble/share/rosidl_adapter/cmake)\n'}
[2.614085] (-) TimerEvent: {}
[2.714927] (-) TimerEvent: {}
[2.815775] (-) TimerEvent: {}
[2.900710] (turtle_interfaces) StdoutLine: {'line': b'-- Using all available rosidl_typesupport_cpp: rosidl_typesupport_fastrtps_cpp;rosidl_typesupport_introspection_cpp\n'}
[2.916047] (-) TimerEvent: {}
[3.016967] (-) TimerEvent: {}
[3.117983] (-) TimerEvent: {}
[3.182242] (turtle_interfaces) StdoutLine: {'line': b'-- Found ament_lint_auto: 0.12.14 (/opt/ros/humble/share/ament_lint_auto/cmake)\n'}
[3.218220] (-) TimerEvent: {}
[3.319088] (-) TimerEvent: {}
[3.419904] (-) TimerEvent: {}
[3.520708] (-) TimerEvent: {}
[3.621404] (-) TimerEvent: {}
[3.722184] (-) TimerEvent: {}
[3.822996] (-) TimerEvent: {}
[3.923751] (-) TimerEvent: {}
[4.024393] (-) TimerEvent: {}
[4.125251] (-) TimerEvent: {}
[4.226294] (-) TimerEvent: {}
[4.327144] (-) TimerEvent: {}
[4.427843] (-) TimerEvent: {}
[4.528514] (-) TimerEvent: {}
[4.584113] (turtle_interfaces) StdoutLine: {'line': b'-- Found ament_cmake_ros: 0.10.0 (/opt/ros/humble/share/ament_cmake_ros/cmake)\n'}
[4.628761] (-) TimerEvent: {}
[4.729431] (-) TimerEvent: {}
[4.830239] (-) TimerEvent: {}
[4.930914] (-) TimerEvent: {}
[5.031482] (-) TimerEvent: {}
[5.132419] (-) TimerEvent: {}
[5.233688] (-) TimerEvent: {}
[5.334477] (-) TimerEvent: {}
[5.394285] (turtle_interfaces) StdoutLine: {'line': b'-- Using all available rosidl_typesupport_c: rosidl_typesupport_fastrtps_c;rosidl_typesupport_introspection_c\n'}
[5.434752] (-) TimerEvent: {}
[5.535382] (-) TimerEvent: {}
[5.636363] (-) TimerEvent: {}
[5.737240] (-) TimerEvent: {}
[5.838226] (-) TimerEvent: {}
[5.939037] (-) TimerEvent: {}
[6.039924] (-) TimerEvent: {}
[6.140727] (-) TimerEvent: {}
[6.241853] (-) TimerEvent: {}
[6.305440] (turtle_interfaces) StdoutLine: {'line': b'-- Using all available rosidl_typesupport_cpp: rosidl_typesupport_fastrtps_cpp;rosidl_typesupport_introspection_cpp\n'}
[6.342162] (-) TimerEvent: {}
[6.411563] (turtle_interfaces) StdoutLine: {'line': b'-- Found PythonInterp: /usr/bin/python3 (found suitable version "3.10.12", minimum required is "3.6") \n'}
[6.442451] (-) TimerEvent: {}
[6.449102] (turtle_interfaces) StdoutLine: {'line': b'-- Found python_cmake_module: 0.10.0 (/opt/ros/humble/share/python_cmake_module/cmake)\n'}
[6.542756] (-) TimerEvent: {}
[6.608917] (turtle_interfaces) StdoutLine: {'line': b'-- Found PythonLibs: /usr/lib/x86_64-linux-gnu/libpython3.10.so (found suitable version "3.10.12", minimum required is "3.5") \n'}
[6.609285] (turtle_interfaces) StdoutLine: {'line': b'-- Using PYTHON_EXECUTABLE: /usr/bin/python3\n'}
[6.609423] (turtle_interfaces) StdoutLine: {'line': b'-- Using PYTHON_INCLUDE_DIRS: /usr/include/python3.10\n'}
[6.609544] (turtle_interfaces) StdoutLine: {'line': b'-- Using PYTHON_LIBRARIES: /usr/lib/x86_64-linux-gnu/libpython3.10.so\n'}
[6.643194] (-) TimerEvent: {}
[6.691095] (turtle_interfaces) StdoutLine: {'line': b'-- Found PythonExtra: .so  \n'}
[6.743488] (-) TimerEvent: {}
[6.844296] (-) TimerEvent: {}
[6.945173] (-) TimerEvent: {}
[7.045983] (-) TimerEvent: {}
[7.065149] (turtle_interfaces) StdoutLine: {'line': b"-- Added test 'lint_cmake' to check CMake code style\n"}
[7.072843] (turtle_interfaces) StdoutLine: {'line': b"-- Added test 'xmllint' to check XML markup files\n"}
[7.124484] (turtle_interfaces) StdoutLine: {'line': b'-- Configuring done\n'}
[7.146247] (-) TimerEvent: {}
[7.206736] (turtle_interfaces) StdoutLine: {'line': b'-- Generating done\n'}
[7.233406] (turtle_interfaces) StdoutLine: {'line': b'-- Build files have been written to: /home/yahboom/intro_ws/build/turtle_interfaces\n'}
[7.246855] (-) TimerEvent: {}
[7.252801] (turtle_interfaces) CommandEnded: {'returncode': 0}
[7.257657] (turtle_interfaces) JobProgress: {'identifier': 'turtle_interfaces', 'progress': 'build'}
[7.257722] (turtle_interfaces) Command: {'cmd': ['/usr/bin/cmake', '--build', '/home/yahboom/intro_ws/build/turtle_interfaces', '--', '-j4', '-l4'], 'cwd': '/home/yahboom/intro_ws/build/turtle_interfaces', 'env': OrderedDict([('LESSOPEN', '| /usr/bin/lesspipe %s'), ('USER', 'yahboom'), ('LC_TIME', 'zh_CN.UTF-8'), ('XDG_SESSION_TYPE', 'wayland'), ('SHLVL', '1'), ('LD_LIBRARY_PATH', '/home/yahboom/intro_ws/install/examples_rclcpp_minimal_composition/lib:/home/yahboom/cartoros2/install/yahboom_web_savmap_interfaces/lib:/home/yahboom/cartoros2/install/yahboom_msgs/lib:/home/yahboom/cartoros2/install/yahboom_color_identify_interfaces/lib:/home/yahboom/cartoros2/install/yahboom_attitude_record_interfaces/lib:/home/yahboom/cartoros2/install/nav2_smoother/lib:/home/yahboom/cartoros2/install/nav2_graceful_controller/lib:/home/yahboom/cartoros2/install/nav2_controller/lib:/home/yahboom/cartoros2/install/dwb_plugins/lib:/home/yahboom/cartoros2/install/dwb_critics/lib:/home/yahboom/cartoros2/install/dwb_core/lib:/home/yahboom/cartoros2/install/nav_2d_utils/lib:/home/yahboom/cartoros2/install/dwb_msgs/lib:/home/yahboom/cartoros2/install/nav_2d_msgs/lib:/home/yahboom/cartoros2/install/nav2_waypoint_follower/lib:/home/yahboom/cartoros2/install/nav2_theta_star_planner/lib:/home/yahboom/cartoros2/install/nav2_smac_planner/lib:/home/yahboom/cartoros2/install/nav2_rotation_shim_controller/lib:/home/yahboom/cartoros2/install/nav2_regulated_pure_pursuit_controller/lib:/home/yahboom/cartoros2/install/nav2_planner/lib:/home/yahboom/cartoros2/install/nav2_navfn_planner/lib:/home/yahboom/cartoros2/install/nav2_mppi_controller/lib:/home/yahboom/cartoros2/install/nav2_constrained_smoother/lib:/home/yahboom/cartoros2/install/nav2_bt_navigator/lib:/home/yahboom/cartoros2/install/nav2_behaviors/lib:/home/yahboom/cartoros2/install/nav2_collision_monitor/lib:/home/yahboom/cartoros2/install/costmap_queue/lib:/home/yahboom/cartoros2/install/nav2_costmap_2d/lib:/home/yahboom/cartoros2/install/nav2_voxel_grid/lib:/home/yahboom/cartoros2/install/nav2_velocity_smoother/lib:/home/yahboom/cartoros2/install/nav2_rviz_plugins/lib:/home/yahboom/cartoros2/install/nav2_map_server/lib:/home/yahboom/cartoros2/install/nav2_lifecycle_manager/lib:/home/yahboom/cartoros2/install/nav2_behavior_tree/lib:/home/yahboom/cartoros2/install/nav2_amcl/lib:/home/yahboom/cartoros2/install/nav2_util/lib:/home/yahboom/cartoros2/install/nav2_msgs/lib:/home/yahboom/cartoros2/install/image_color_lab/lib:/home/yahboom/cartoros2/install/dynamixel_sdk_custom_interfaces/lib:/home/yahboom/cartoros2/install/dynamixel_sdk/lib:/home/yahboom/cartoros2/install/csm/lib:/home/yahboom/cartoros2/install/champ_msgs/lib:/home/yahboom/cartoros2/install/cartographer_ros_msgs/lib:/home/yahboom/yahboomcar_ws/install/yahboom_dog_msgs/lib:/home/yahboom/yahboomcar_ws/install/dynamixel_sdk_custom_interfaces/lib:/home/yahboom/yahboomcar_ws/install/dynamixel_sdk/lib:/home/yahboom/yahboomcar_ws/install/champ_msgs/lib:/home/yahboom/gmapping_ws/install/openslam_gmapping/lib:/usr/lib/x86_64-linux-gnu/gazebo-11/plugins:/opt/ros/humble/opt/rviz_ogre_vendor/lib:/opt/ros/humble/lib/x86_64-linux-gnu:/opt/ros/humble/lib:/opt/ros/humble/include/std_msgs/std_msgs/msg/:/usr/lib/jvm/java-11-openjdk-amd64/lib/:/usr/lib/jvm/java-11-openjdk-amd64/lib/server/:'), ('HOME', '/home/yahboom'), ('OLDPWD', '/home/yahboom/intro_ws/src/turtle_interfaces'), ('DESKTOP_SESSION', 'ubuntu'), ('ROS_PYTHON_VERSION', '3'), ('GNOME_SHELL_SESSION_MODE', 'ubuntu'), ('GTK_MODULES', 'gail:atk-bridge'), ('LC_MONETARY', 'zh_CN.UTF-8'), ('DBUS_STARTER_BUS_TYPE', 'session'), ('SYSTEMD_EXEC_PID', '1652'), ('DBUS_SESSION_BUS_ADDRESS', 'unix:path=/run/user/1000/bus,guid=e51b9c1fe72362aee01380aa69b4550f'), ('COLORTERM', 'truecolor'), ('IM_CONFIG_PHASE', '1'), ('WAYLAND_DISPLAY', 'wayland-0'), ('COLCON_PREFIX_PATH', '/home/yahboom/intro_ws/install:/home/yahboom/yahboomcar_ws/install:/home/yahboom/gmapping_ws/install:/home/yahboom/cartoros2/install'), ('ROS_DISTRO', 'humble'), ('LOGNAME', 'yahboom'), ('_', '/usr/bin/colcon'), ('ROS_VERSION', '2'), ('PKG_CONFIG_PATH', '/home/yahboom/cartoros2/install/cartographer/lib/x86_64-linux-gnu/pkgconfig:/home/yahboom/cartoros2/install/cartographer/lib/pkgconfig'), ('XDG_SESSION_CLASS', 'user'), ('USERNAME', 'yahboom'), ('TERM', 'xterm-256color'), ('GNOME_DESKTOP_SESSION_ID', 'this-is-deprecated'), ('ROS_LOCALHOST_ONLY', '0'), ('PATH', '/home/yahboom/cartoros2/install/cartographer/bin:/opt/ros/humble/bin:/home/yahboom/.local/bin:/usr/local/sbin:/usr/local/bin:/usr/sbin:/usr/bin:/sbin:/bin:/usr/games:/usr/local/games:/snap/bin:/snap/bin'), ('SESSION_MANAGER', 'local/yahboom-virtual-machine:@/tmp/.ICE-unix/1652,unix/yahboom-virtual-machine:/tmp/.ICE-unix/1652'), ('XDG_MENU_PREFIX', 'gnome-'), ('LC_ADDRESS', 'zh_CN.UTF-8'), ('GNOME_TERMINAL_SCREEN', '/org/gnome/Terminal/screen/9e1a7caa_3ff9_48a0_9f03_623f36e155f6'), ('GNOME_SETUP_DISPLAY', ':1'), ('XDG_RUNTIME_DIR', '/run/user/1000'), ('DISPLAY', ':0'), ('LANG', 'en_US.UTF-8'), ('XDG_CURRENT_DESKTOP', 'ubuntu:GNOME'), ('LC_TELEPHONE', 'zh_CN.UTF-8'), ('XMODIFIERS', '@im=ibus'), ('XDG_SESSION_DESKTOP', 'ubuntu'), ('XAUTHORITY', '/run/user/1000/.mutter-Xwaylandauth.SYQZL3'), ('LS_COLORS', 'rs=0:di=01;34:ln=01;36:mh=00:pi=40;33:so=01;35:do=01;35:bd=40;33;01:cd=40;33;01:or=40;31;01:mi=00:su=37;41:sg=30;43:ca=30;41:tw=30;42:ow=34;42:st=37;44:ex=01;32:*.tar=01;31:*.tgz=01;31:*.arc=01;31:*.arj=01;31:*.taz=01;31:*.lha=01;31:*.lz4=01;31:*.lzh=01;31:*.lzma=01;31:*.tlz=01;31:*.txz=01;31:*.tzo=01;31:*.t7z=01;31:*.zip=01;31:*.z=01;31:*.dz=01;31:*.gz=01;31:*.lrz=01;31:*.lz=01;31:*.lzo=01;31:*.xz=01;31:*.zst=01;31:*.tzst=01;31:*.bz2=01;31:*.bz=01;31:*.tbz=01;31:*.tbz2=01;31:*.tz=01;31:*.deb=01;31:*.rpm=01;31:*.jar=01;31:*.war=01;31:*.ear=01;31:*.sar=01;31:*.rar=01;31:*.alz=01;31:*.ace=01;31:*.zoo=01;31:*.cpio=01;31:*.7z=01;31:*.rz=01;31:*.cab=01;31:*.wim=01;31:*.swm=01;31:*.dwm=01;31:*.esd=01;31:*.jpg=01;35:*.jpeg=01;35:*.mjpg=01;35:*.mjpeg=01;35:*.gif=01;35:*.bmp=01;35:*.pbm=01;35:*.pgm=01;35:*.ppm=01;35:*.tga=01;35:*.xbm=01;35:*.xpm=01;35:*.tif=01;35:*.tiff=01;35:*.png=01;35:*.svg=01;35:*.svgz=01;35:*.mng=01;35:*.pcx=01;35:*.mov=01;35:*.mpg=01;35:*.mpeg=01;35:*.m2v=01;35:*.mkv=01;35:*.webm=01;35:*.webp=01;35:*.ogm=01;35:*.mp4=01;35:*.m4v=01;35:*.mp4v=01;35:*.vob=01;35:*.qt=01;35:*.nuv=01;35:*.wmv=01;35:*.asf=01;35:*.rm=01;35:*.rmvb=01;35:*.flc=01;35:*.avi=01;35:*.fli=01;35:*.flv=01;35:*.gl=01;35:*.dl=01;35:*.xcf=01;35:*.xwd=01;35:*.yuv=01;35:*.cgm=01;35:*.emf=01;35:*.ogv=01;35:*.ogx=01;35:*.aac=00;36:*.au=00;36:*.flac=00;36:*.m4a=00;36:*.mid=00;36:*.midi=00;36:*.mka=00;36:*.mp3=00;36:*.mpc=00;36:*.ogg=00;36:*.ra=00;36:*.wav=00;36:*.oga=00;36:*.opus=00;36:*.spx=00;36:*.xspf=00;36:'), ('GNOME_TERMINAL_SERVICE', ':1.97'), ('SSH_AGENT_LAUNCHER', 'gnome-keyring'), ('SSH_AUTH_SOCK', '/run/user/1000/keyring/ssh'), ('ROS_DOMAIN_ID', '12'), ('AMENT_PREFIX_PATH', '/home/yahboom/intro_ws/install/turtle_test:/home/yahboom/intro_ws/install/examples_rclpy_pointcloud_publisher:/home/yahboom/intro_ws/install/examples_rclpy_minimal_subscriber:/home/yahboom/intro_ws/install/examples_rclpy_minimal_service:/home/yahboom/intro_ws/install/examples_rclpy_minimal_publisher:/home/yahboom/intro_ws/install/examples_rclpy_minimal_client:/home/yahboom/intro_ws/install/examples_rclpy_minimal_action_server:/home/yahboom/intro_ws/install/examples_rclpy_minimal_action_client:/home/yahboom/intro_ws/install/examples_rclpy_guard_conditions:/home/yahboom/intro_ws/install/examples_rclpy_executors:/home/yahboom/intro_ws/install/examples_rclcpp_multithreaded_executor:/home/yahboom/intro_ws/install/examples_rclcpp_minimal_timer:/home/yahboom/intro_ws/install/examples_rclcpp_minimal_service:/home/yahboom/intro_ws/install/examples_rclcpp_minimal_publisher:/home/yahboom/intro_ws/install/examples_rclcpp_minimal_composition:/home/yahboom/intro_ws/install/examples_rclcpp_minimal_client:/home/yahboom/intro_ws/install/examples_rclcpp_minimal_action_server:/home/yahboom/intro_ws/install/examples_rclcpp_minimal_action_client:/home/yahboom/intro_ws/install/examples_rclcpp_cbg_executor:/home/yahboom/intro_ws/install/examples_rclcpp_async_client:/home/yahboom/intro_ws/install/intro_interfaces:/home/yahboom/cartoros2/install/yahboomcar_nav:/home/yahboom/cartoros2/install/yahboomcar_ctrl:/home/yahboom/cartoros2/install/yahboom_web_savmap_interfaces:/home/yahboom/cartoros2/install/yahboom_visual:/home/yahboom/cartoros2/install/yahboom_qrcode:/home/yahboom/cartoros2/install/yahboom_point:/home/yahboom/cartoros2/install/yahboom_nav2_send_goal:/home/yahboom/cartoros2/install/yahboom_msgs:/home/yahboom/cartoros2/install/yahboom_dog_joint_state:/home/yahboom/cartoros2/install/yahboom_description:/home/yahboom/cartoros2/install/yahboom_config:/home/yahboom/cartoros2/install/yahboom_color_identify_server:/home/yahboom/cartoros2/install/yahboom_color_identify_interfaces:/home/yahboom/cartoros2/install/yahboom_bringup:/home/yahboom/cartoros2/install/yahboom_base:/home/yahboom/cartoros2/install/yahboom_attitude_record_interfaces:/home/yahboom/cartoros2/install/yahboom_app_save_map:/home/yahboom/cartoros2/install/update_map:/home/yahboom/cartoros2/install/turtlebot3_description:/home/yahboom/cartoros2/install/rosboard:/home/yahboom/cartoros2/install/robot_pose_publisher_ros2:/home/yahboom/cartoros2/install/rf2o_laser_odometry:/home/yahboom/cartoros2/install/path_planner_server:/home/yahboom/cartoros2/install/nav2_system_tests:/home/yahboom/cartoros2/install/nav2_bringup:/home/yahboom/cartoros2/install/navigation2:/home/yahboom/cartoros2/install/nav2_smoother:/home/yahboom/cartoros2/install/nav2_graceful_controller:/home/yahboom/cartoros2/install/nav2_dwb_controller:/home/yahboom/cartoros2/install/nav2_controller:/home/yahboom/cartoros2/install/dwb_plugins:/home/yahboom/cartoros2/install/dwb_critics:/home/yahboom/cartoros2/install/dwb_core:/home/yahboom/cartoros2/install/nav_2d_utils:/home/yahboom/cartoros2/install/dwb_msgs:/home/yahboom/cartoros2/install/nav_2d_msgs:/home/yahboom/cartoros2/install/nav2_waypoint_follower:/home/yahboom/cartoros2/install/nav2_theta_star_planner:/home/yahboom/cartoros2/install/nav2_smac_planner:/home/yahboom/cartoros2/install/nav2_rotation_shim_controller:/home/yahboom/cartoros2/install/nav2_regulated_pure_pursuit_controller:/home/yahboom/cartoros2/install/nav2_planner:/home/yahboom/cartoros2/install/nav2_navfn_planner:/home/yahboom/cartoros2/install/nav2_mppi_controller:/home/yahboom/cartoros2/install/nav2_constrained_smoother:/home/yahboom/cartoros2/install/nav2_bt_navigator:/home/yahboom/cartoros2/install/nav2_behaviors:/home/yahboom/cartoros2/install/nav2_core:/home/yahboom/cartoros2/install/nav2_collision_monitor:/home/yahboom/cartoros2/install/costmap_queue:/home/yahboom/cartoros2/install/nav2_costmap_2d:/home/yahboom/cartoros2/install/nav2_voxel_grid:/home/yahboom/cartoros2/install/nav2_velocity_smoother:/home/yahboom/cartoros2/install/nav2_rviz_plugins:/home/yahboom/cartoros2/install/nav2_map_server:/home/yahboom/cartoros2/install/nav2_lifecycle_manager:/home/yahboom/cartoros2/install/nav2_behavior_tree:/home/yahboom/cartoros2/install/nav2_amcl:/home/yahboom/cartoros2/install/nav2_util:/home/yahboom/cartoros2/install/nav2_simple_commander:/home/yahboom/cartoros2/install/nav2_msgs:/home/yahboom/cartoros2/install/nav2_gazebo_spawner:/home/yahboom/cartoros2/install/nav2_common:/home/yahboom/cartoros2/install/localization_server:/home/yahboom/cartoros2/install/laserscan_to_point_pulisher:/home/yahboom/cartoros2/install/image_color_lab:/home/yahboom/cartoros2/install/dynamixel_sdk_examples:/home/yahboom/cartoros2/install/dynamixel_sdk_custom_interfaces:/home/yahboom/cartoros2/install/dynamixel_sdk:/home/yahboom/cartoros2/install/csm:/home/yahboom/cartoros2/install/champ_msgs:/home/yahboom/cartoros2/install/champ_bringup:/home/yahboom/cartoros2/install/champ:/home/yahboom/cartoros2/install/cartographer_ros_msgs:/home/yahboom/yahboomcar_ws/install/yahboom_navigation2:/home/yahboom/yahboomcar_ws/install/yahboom_dog_node:/home/yahboom/yahboomcar_ws/install/yahboom_dog_navigation2:/home/yahboom/yahboomcar_ws/install/yahboom_dog_nav:/home/yahboom/yahboomcar_ws/install/yahboom_dog_msgs:/home/yahboom/yahboomcar_ws/install/yahboom_dog_example:/home/yahboom/yahboomcar_ws/install/yahboom_dog_cartographer:/home/yahboom/yahboomcar_ws/install/yahboom_dog:/home/yahboom/yahboomcar_ws/install/yahboom_dog_bringup:/home/yahboom/yahboomcar_ws/install/dynamixel_sdk_examples:/home/yahboom/yahboomcar_ws/install/dynamixel_sdk_custom_interfaces:/home/yahboom/yahboomcar_ws/install/dynamixel_sdk:/home/yahboom/yahboomcar_ws/install/champ_navigation:/home/yahboom/yahboomcar_ws/install/champ_msgs:/home/yahboom/yahboomcar_ws/install/champ_bringup:/home/yahboom/yahboomcar_ws/install/champ_description:/home/yahboom/yahboomcar_ws/install/champ_config:/home/yahboom/yahboomcar_ws/install/champ:/home/yahboom/gmapping_ws/install/slam_gmapping:/home/yahboom/gmapping_ws/install/openslam_gmapping:/opt/ros/humble'), ('SHELL', '/bin/bash'), ('LC_NAME', 'zh_CN.UTF-8'), ('QT_ACCESSIBILITY', '1'), ('GDMSESSION', 'ubuntu'), ('LESSCLOSE', '/usr/bin/lesspipe %s %s'), ('LC_MEASUREMENT', 'zh_CN.UTF-8'), ('LC_IDENTIFICATION', 'zh_CN.UTF-8'), ('QT_IM_MODULE', 'ibus'), ('PWD', '/home/yahboom/intro_ws/build/turtle_interfaces'), ('TURTLEBOT3_MODEL', 'burger'), ('LC_ALL', 'en_US.UTF-8'), ('XDG_CONFIG_DIRS', '/etc/xdg/xdg-ubuntu:/etc/xdg'), ('DBUS_STARTER_ADDRESS', 'unix:path=/run/user/1000/bus,guid=e51b9c1fe72362aee01380aa69b4550f'), ('XDG_DATA_DIRS', '/usr/share/ubuntu:/usr/local/share/:/usr/share/:/var/lib/snapd/desktop'), ('PYTHONPATH', '/home/yahboom/intro_ws/install/examples_rclpy_pointcloud_publisher/lib/python3.10/site-packages:/home/yahboom/intro_ws/install/examples_rclpy_minimal_subscriber/lib/python3.10/site-packages:/home/yahboom/intro_ws/install/examples_rclpy_minimal_service/lib/python3.10/site-packages:/home/yahboom/intro_ws/install/examples_rclpy_minimal_publisher/lib/python3.10/site-packages:/home/yahboom/intro_ws/install/examples_rclpy_minimal_client/lib/python3.10/site-packages:/home/yahboom/intro_ws/install/examples_rclpy_minimal_action_server/lib/python3.10/site-packages:/home/yahboom/intro_ws/install/examples_rclpy_minimal_action_client/lib/python3.10/site-packages:/home/yahboom/intro_ws/install/examples_rclpy_guard_conditions/lib/python3.10/site-packages:/home/yahboom/intro_ws/install/examples_rclpy_executors/lib/python3.10/site-packages:/home/yahboom/intro_ws/install/turtle_test/lib/python3.10/site-packages:/home/yahboom/cartoros2/install/yahboomcar_nav/lib/python3.10/site-packages:/home/yahboom/cartoros2/install/yahboomcar_ctrl/lib/python3.10/site-packages:/home/yahboom/cartoros2/install/yahboom_web_savmap_interfaces/local/lib/python3.10/dist-packages:/home/yahboom/cartoros2/install/yahboom_visual/lib/python3.10/site-packages:/home/yahboom/cartoros2/install/yahboom_msgs/local/lib/python3.10/dist-packages:/home/yahboom/cartoros2/install/yahboom_dog_joint_state/lib/python3.10/site-packages:/home/yahboom/cartoros2/install/yahboom_description/lib/python3.10/site-packages:/home/yahboom/cartoros2/install/yahboom_color_identify_server/lib/python3.10/site-packages:/home/yahboom/cartoros2/install/yahboom_color_identify_interfaces/local/lib/python3.10/dist-packages:/home/yahboom/cartoros2/install/yahboom_bringup/lib/python3.10/site-packages:/home/yahboom/cartoros2/install/yahboom_base/lib/python3.10/site-packages:/home/yahboom/cartoros2/install/yahboom_attitude_record_interfaces/local/lib/python3.10/dist-packages:/home/yahboom/cartoros2/install/yahboom_app_save_map/lib/python3.10/site-packages:/home/yahboom/cartoros2/install/update_map/lib/python3.10/site-packages:/home/yahboom/cartoros2/install/rosboard/lib/python3.10/site-packages:/home/yahboom/cartoros2/install/path_planner_server/lib/python3.10/site-packages:/home/yahboom/cartoros2/install/dwb_msgs/local/lib/python3.10/dist-packages:/home/yahboom/cartoros2/install/nav_2d_msgs/local/lib/python3.10/dist-packages:/home/yahboom/cartoros2/install/nav2_simple_commander/lib/python3.10/site-packages:/home/yahboom/cartoros2/install/nav2_msgs/local/lib/python3.10/dist-packages:/home/yahboom/cartoros2/install/nav2_gazebo_spawner/lib/python3.10/site-packages:/home/yahboom/cartoros2/install/nav2_common/local/lib/python3.10/dist-packages:/home/yahboom/cartoros2/install/localization_server/lib/python3.10/site-packages:/home/yahboom/cartoros2/install/laserscan_to_point_pulisher/lib/python3.10/site-packages:/home/yahboom/cartoros2/install/image_color_lab/local/lib/python3.10/dist-packages:/home/yahboom/cartoros2/install/dynamixel_sdk_custom_interfaces/local/lib/python3.10/dist-packages:/home/yahboom/cartoros2/install/champ_msgs/local/lib/python3.10/dist-packages:/home/yahboom/cartoros2/install/champ_bringup/local/lib/python3.10/dist-packages:/home/yahboom/cartoros2/install/cartographer_ros_msgs/local/lib/python3.10/dist-packages:/home/yahboom/yahboomcar_ws/install/yahboom_dog_msgs/local/lib/python3.10/dist-packages:/home/yahboom/yahboomcar_ws/install/yahboom_dog_example/lib/python3.10/site-packages:/home/yahboom/yahboomcar_ws/install/turtlebot3_example/lib/python3.10/site-packages:/home/yahboom/yahboomcar_ws/install/dynamixel_sdk_custom_interfaces/local/lib/python3.10/dist-packages:/home/yahboom/yahboomcar_ws/install/champ_msgs/local/lib/python3.10/dist-packages:/home/yahboom/yahboomcar_ws/install/champ_bringup/local/lib/python3.10/dist-packages:/opt/ros/humble/lib/python3.10/site-packages:/opt/ros/humble/local/lib/python3.10/dist-packages'), ('LC_NUMERIC', 'zh_CN.UTF-8'), ('LC_PAPER', 'zh_CN.UTF-8'), ('COLCON', '1'), ('VTE_VERSION', '6800'), ('CMAKE_PREFIX_PATH', '/home/yahboom/intro_ws/install/examples_rclcpp_multithreaded_executor:/home/yahboom/intro_ws/install/examples_rclcpp_minimal_timer:/home/yahboom/intro_ws/install/examples_rclcpp_minimal_service:/home/yahboom/intro_ws/install/examples_rclcpp_minimal_publisher:/home/yahboom/intro_ws/install/examples_rclcpp_minimal_composition:/home/yahboom/intro_ws/install/examples_rclcpp_minimal_client:/home/yahboom/intro_ws/install/examples_rclcpp_minimal_action_server:/home/yahboom/intro_ws/install/examples_rclcpp_minimal_action_client:/home/yahboom/intro_ws/install/examples_rclcpp_cbg_executor:/home/yahboom/intro_ws/install/examples_rclcpp_async_client:/home/yahboom/intro_ws/install/intro_interfaces:/home/yahboom/cartoros2/install/yahboom_web_savmap_interfaces:/home/yahboom/cartoros2/install/yahboom_qrcode:/home/yahboom/cartoros2/install/yahboom_point:/home/yahboom/cartoros2/install/yahboom_nav2_send_goal:/home/yahboom/cartoros2/install/yahboom_msgs:/home/yahboom/cartoros2/install/yahboom_config:/home/yahboom/cartoros2/install/yahboom_color_identify_interfaces:/home/yahboom/cartoros2/install/yahboom_attitude_record_interfaces:/home/yahboom/cartoros2/install/turtlebot3_description:/home/yahboom/cartoros2/install/robot_pose_publisher_ros2:/home/yahboom/cartoros2/install/rf2o_laser_odometry:/home/yahboom/cartoros2/install/nav2_system_tests:/home/yahboom/cartoros2/install/nav2_bringup:/home/yahboom/cartoros2/install/navigation2:/home/yahboom/cartoros2/install/nav2_smoother:/home/yahboom/cartoros2/install/nav2_graceful_controller:/home/yahboom/cartoros2/install/nav2_dwb_controller:/home/yahboom/cartoros2/install/nav2_controller:/home/yahboom/cartoros2/install/dwb_plugins:/home/yahboom/cartoros2/install/dwb_critics:/home/yahboom/cartoros2/install/dwb_core:/home/yahboom/cartoros2/install/nav_2d_utils:/home/yahboom/cartoros2/install/dwb_msgs:/home/yahboom/cartoros2/install/nav_2d_msgs:/home/yahboom/cartoros2/install/nav2_waypoint_follower:/home/yahboom/cartoros2/install/nav2_theta_star_planner:/home/yahboom/cartoros2/install/nav2_smac_planner:/home/yahboom/cartoros2/install/nav2_rotation_shim_controller:/home/yahboom/cartoros2/install/nav2_regulated_pure_pursuit_controller:/home/yahboom/cartoros2/install/nav2_planner:/home/yahboom/cartoros2/install/nav2_navfn_planner:/home/yahboom/cartoros2/install/nav2_mppi_controller:/home/yahboom/cartoros2/install/nav2_constrained_smoother:/home/yahboom/cartoros2/install/nav2_bt_navigator:/home/yahboom/cartoros2/install/nav2_behaviors:/home/yahboom/cartoros2/install/nav2_core:/home/yahboom/cartoros2/install/nav2_collision_monitor:/home/yahboom/cartoros2/install/costmap_queue:/home/yahboom/cartoros2/install/nav2_costmap_2d:/home/yahboom/cartoros2/install/nav2_voxel_grid:/home/yahboom/cartoros2/install/nav2_velocity_smoother:/home/yahboom/cartoros2/install/nav2_rviz_plugins:/home/yahboom/cartoros2/install/nav2_map_server:/home/yahboom/cartoros2/install/nav2_lifecycle_manager:/home/yahboom/cartoros2/install/nav2_behavior_tree:/home/yahboom/cartoros2/install/nav2_amcl:/home/yahboom/cartoros2/install/nav2_util:/home/yahboom/cartoros2/install/nav2_msgs:/home/yahboom/cartoros2/install/nav2_common:/home/yahboom/cartoros2/install/image_color_lab:/home/yahboom/cartoros2/install/dynamixel_sdk_examples:/home/yahboom/cartoros2/install/dynamixel_sdk_custom_interfaces:/home/yahboom/cartoros2/install/dynamixel_sdk:/home/yahboom/cartoros2/install/csm:/home/yahboom/cartoros2/install/champ_msgs:/home/yahboom/cartoros2/install/champ_bringup:/home/yahboom/cartoros2/install/champ:/home/yahboom/cartoros2/install/cartographer_ros_msgs:/home/yahboom/cartoros2/install/cartographer:/home/yahboom/yahboomcar_ws/install/yahboom_navigation2:/home/yahboom/yahboomcar_ws/install/yahboom_dog_node:/home/yahboom/yahboomcar_ws/install/yahboom_dog_navigation2:/home/yahboom/yahboomcar_ws/install/yahboom_dog_nav:/home/yahboom/yahboomcar_ws/install/yahboom_dog_msgs:/home/yahboom/yahboomcar_ws/install/yahboom_dog_cartographer:/home/yahboom/yahboomcar_ws/install/yahboom_dog:/home/yahboom/yahboomcar_ws/install/yahboom_dog_bringup:/home/yahboom/yahboomcar_ws/install/dynamixel_sdk_examples:/home/yahboom/yahboomcar_ws/install/dynamixel_sdk_custom_interfaces:/home/yahboom/yahboomcar_ws/install/dynamixel_sdk:/home/yahboom/yahboomcar_ws/install/champ_navigation:/home/yahboom/yahboomcar_ws/install/champ_msgs:/home/yahboom/yahboomcar_ws/install/champ_bringup:/home/yahboom/yahboomcar_ws/install/champ_description:/home/yahboom/yahboomcar_ws/install/champ_config:/home/yahboom/yahboomcar_ws/install/champ:/home/yahboom/gmapping_ws/install/slam_gmapping:/home/yahboom/gmapping_ws/install/openslam_gmapping:/home/yahboom/intro_ws/install/turtle_test:/home/yahboom/intro_ws/install/examples_rclpy_pointcloud_publisher:/home/yahboom/intro_ws/install/examples_rclpy_minimal_subscriber:/home/yahboom/intro_ws/install/examples_rclpy_minimal_service:/home/yahboom/intro_ws/install/examples_rclpy_minimal_publisher:/home/yahboom/intro_ws/install/examples_rclpy_minimal_client:/home/yahboom/intro_ws/install/examples_rclpy_minimal_action_server:/home/yahboom/intro_ws/install/examples_rclpy_minimal_action_client:/home/yahboom/intro_ws/install/examples_rclpy_guard_conditions:/home/yahboom/intro_ws/install/examples_rclpy_executors:/home/yahboom/cartoros2/install/yahboomcar_nav:/home/yahboom/cartoros2/install/yahboomcar_ctrl:/home/yahboom/cartoros2/install/yahboom_visual:/home/yahboom/cartoros2/install/yahboom_dog_joint_state:/home/yahboom/cartoros2/install/yahboom_description:/home/yahboom/cartoros2/install/yahboom_color_identify_server:/home/yahboom/cartoros2/install/yahboom_bringup:/home/yahboom/cartoros2/install/yahboom_base:/home/yahboom/cartoros2/install/yahboom_app_save_map:/home/yahboom/cartoros2/install/update_map:/home/yahboom/cartoros2/install/rosboard:/home/yahboom/cartoros2/install/path_planner_server:/home/yahboom/cartoros2/install/nav2_simple_commander:/home/yahboom/cartoros2/install/nav2_gazebo_spawner:/home/yahboom/cartoros2/install/localization_server:/home/yahboom/cartoros2/install/laserscan_to_point_pulisher:/home/yahboom/yahboomcar_ws/install/yahboom_dog_example:/opt/ros/humble')]), 'shell': False}
[7.347061] (-) TimerEvent: {}
[7.430046] (turtle_interfaces) StdoutLine: {'line': b'[  2%] \x1b[34m\x1b[1mGenerating C code for ROS interfaces\x1b[0m\n'}
[7.448720] (-) TimerEvent: {}
[7.480317] (turtle_interfaces) StdoutLine: {'line': b'[  4%] \x1b[34m\x1b[1mGenerating C++ code for ROS interfaces\x1b[0m\n'}
[7.508490] (turtle_interfaces) StdoutLine: {'line': b'[  4%] Built target ament_cmake_python_copy_turtle_interfaces\n'}
[7.548929] (-) TimerEvent: {}
[7.649858] (-) TimerEvent: {}
[7.750751] (-) TimerEvent: {}
[7.851689] (-) TimerEvent: {}
[7.952361] (-) TimerEvent: {}
[8.053308] (-) TimerEvent: {}
[8.153933] (-) TimerEvent: {}
[8.254699] (-) TimerEvent: {}
[8.319349] (turtle_interfaces) StdoutLine: {'line': b'running egg_info\n'}
[8.319902] (turtle_interfaces) StdoutLine: {'line': b'creating turtle_interfaces.egg-info\n'}
[8.320411] (turtle_interfaces) StdoutLine: {'line': b'writing turtle_interfaces.egg-info/PKG-INFO\n'}
[8.320889] (turtle_interfaces) StdoutLine: {'line': b'writing dependency_links to turtle_interfaces.egg-info/dependency_links.txt\n'}
[8.321197] (turtle_interfaces) StdoutLine: {'line': b'writing top-level names to turtle_interfaces.egg-info/top_level.txt\n'}
[8.322882] (turtle_interfaces) StdoutLine: {'line': b"writing manifest file 'turtle_interfaces.egg-info/SOURCES.txt'\n"}
[8.326849] (turtle_interfaces) StdoutLine: {'line': b"reading manifest file 'turtle_interfaces.egg-info/SOURCES.txt'\n"}
[8.328656] (turtle_interfaces) StdoutLine: {'line': b"writing manifest file 'turtle_interfaces.egg-info/SOURCES.txt'\n"}
[8.355190] (-) TimerEvent: {}
[8.408945] (turtle_interfaces) StdoutLine: {'line': b'[  4%] Built target ament_cmake_python_build_turtle_interfaces_egg\n'}
[8.455462] (-) TimerEvent: {}
[8.556350] (-) TimerEvent: {}
[8.657565] (-) TimerEvent: {}
[8.758344] (-) TimerEvent: {}
[8.862279] (-) TimerEvent: {}
[8.927707] (turtle_interfaces) StdoutLine: {'line': b'[  6%] \x1b[32mBuilding C object CMakeFiles/turtle_interfaces__rosidl_generator_c.dir/rosidl_generator_c/turtle_interfaces/msg/detail/turtle_pose__functions.c.o\x1b[0m\n'}
[8.936846] (turtle_interfaces) StdoutLine: {'line': b'[  8%] \x1b[32mBuilding C object CMakeFiles/turtle_interfaces__rosidl_generator_c.dir/rosidl_generator_c/turtle_interfaces/action/detail/make_square__functions.c.o\x1b[0m\n'}
[8.938088] (turtle_interfaces) StdoutLine: {'line': b'[ 10%] \x1b[32mBuilding C object CMakeFiles/turtle_interfaces__rosidl_generator_c.dir/rosidl_generator_c/turtle_interfaces/srv/detail/set_colors__functions.c.o\x1b[0m\n'}
[8.962482] (-) TimerEvent: {}
[9.064948] (-) TimerEvent: {}
[9.084402] (turtle_interfaces) StdoutLine: {'line': b'[ 10%] Built target turtle_interfaces__cpp\n'}
[9.133401] (turtle_interfaces) StdoutLine: {'line': b'[ 12%] \x1b[34m\x1b[1mGenerating C++ type support dispatch for ROS interfaces\x1b[0m\n'}
[9.139877] (turtle_interfaces) StdoutLine: {'line': b'[ 14%] \x1b[34m\x1b[1mGenerating C++ type support for eProsima Fast-RTPS\x1b[0m\n'}
[9.151535] (turtle_interfaces) StdoutLine: {'line': b'[ 17%] \x1b[34m\x1b[1mGenerating C++ introspection for ROS interfaces\x1b[0m\n'}
[9.167708] (-) TimerEvent: {}
[9.268536] (-) TimerEvent: {}
[9.288649] (turtle_interfaces) StdoutLine: {'line': b'[ 19%] \x1b[32m\x1b[1mLinking C shared library libturtle_interfaces__rosidl_generator_c.so\x1b[0m\n'}
[9.368735] (-) TimerEvent: {}
[9.426709] (turtle_interfaces) StdoutLine: {'line': b'[ 19%] Built target turtle_interfaces__rosidl_generator_c\n'}
[9.471695] (-) TimerEvent: {}
[9.477697] (turtle_interfaces) StdoutLine: {'line': b'[ 21%] \x1b[34m\x1b[1mGenerating C type support for eProsima Fast-RTPS\x1b[0m\n'}
[9.571842] (-) TimerEvent: {}
[9.672391] (-) TimerEvent: {}
[9.772945] (-) TimerEvent: {}
[9.873523] (-) TimerEvent: {}
[9.974112] (-) TimerEvent: {}
[10.074709] (-) TimerEvent: {}
[10.163847] (turtle_interfaces) StdoutLine: {'line': b'[ 23%] \x1b[32mBuilding CXX object CMakeFiles/turtle_interfaces__rosidl_typesupport_cpp.dir/rosidl_typesupport_cpp/turtle_interfaces/msg/turtle_pose__type_support.cpp.o\x1b[0m\n'}
[10.174814] (-) TimerEvent: {}
[10.275333] (-) TimerEvent: {}
[10.376124] (-) TimerEvent: {}
[10.476736] (-) TimerEvent: {}
[10.497705] (turtle_interfaces) StdoutLine: {'line': b'[ 25%] \x1b[32mBuilding CXX object CMakeFiles/turtle_interfaces__rosidl_typesupport_fastrtps_cpp.dir/rosidl_typesupport_fastrtps_cpp/turtle_interfaces/msg/detail/dds_fastrtps/turtle_pose__type_support.cpp.o\x1b[0m\n'}
[10.524321] (turtle_interfaces) StdoutLine: {'line': b'[ 27%] \x1b[32mBuilding CXX object CMakeFiles/turtle_interfaces__rosidl_typesupport_introspection_cpp.dir/rosidl_typesupport_introspection_cpp/turtle_interfaces/msg/detail/turtle_pose__type_support.cpp.o\x1b[0m\n'}
[10.579752] (-) TimerEvent: {}
[10.680326] (-) TimerEvent: {}
[10.778508] (turtle_interfaces) StdoutLine: {'line': b'[ 29%] \x1b[32mBuilding CXX object CMakeFiles/turtle_interfaces__rosidl_typesupport_fastrtps_c.dir/rosidl_typesupport_fastrtps_c/turtle_interfaces/msg/detail/turtle_pose__type_support_c.cpp.o\x1b[0m\n'}
[10.780569] (-) TimerEvent: {}
[10.794532] (turtle_interfaces) StdoutLine: {'line': b'[ 31%] \x1b[32mBuilding CXX object CMakeFiles/turtle_interfaces__rosidl_typesupport_cpp.dir/rosidl_typesupport_cpp/turtle_interfaces/srv/set_colors__type_support.cpp.o\x1b[0m\n'}
[10.881783] (-) TimerEvent: {}
[10.982581] (-) TimerEvent: {}
[11.083193] (-) TimerEvent: {}
[11.183777] (-) TimerEvent: {}
[11.284509] (-) TimerEvent: {}
[11.382961] (turtle_interfaces) StdoutLine: {'line': b'[ 34%] \x1b[32mBuilding CXX object CMakeFiles/turtle_interfaces__rosidl_typesupport_introspection_cpp.dir/rosidl_typesupport_introspection_cpp/turtle_interfaces/srv/detail/set_colors__type_support.cpp.o\x1b[0m\n'}
[11.384764] (-) TimerEvent: {}
[11.400832] (turtle_interfaces) StdoutLine: {'line': b'[ 36%] \x1b[32mBuilding CXX object CMakeFiles/turtle_interfaces__rosidl_typesupport_cpp.dir/rosidl_typesupport_cpp/turtle_interfaces/action/make_square__type_support.cpp.o\x1b[0m\n'}
[11.484895] (-) TimerEvent: {}
[11.510732] (turtle_interfaces) StdoutLine: {'line': b'[ 38%] \x1b[32mBuilding CXX object CMakeFiles/turtle_interfaces__rosidl_typesupport_fastrtps_c.dir/rosidl_typesupport_fastrtps_c/turtle_interfaces/srv/detail/set_colors__type_support_c.cpp.o\x1b[0m\n'}
[11.541667] (turtle_interfaces) StdoutLine: {'line': b'[ 40%] \x1b[32mBuilding CXX object CMakeFiles/turtle_interfaces__rosidl_typesupport_fastrtps_cpp.dir/rosidl_typesupport_fastrtps_cpp/turtle_interfaces/srv/detail/dds_fastrtps/set_colors__type_support.cpp.o\x1b[0m\n'}
[11.585139] (-) TimerEvent: {}
[11.686985] (-) TimerEvent: {}
[11.787744] (-) TimerEvent: {}
[11.890040] (-) TimerEvent: {}
[11.990973] (-) TimerEvent: {}
[12.094134] (-) TimerEvent: {}
[12.194991] (-) TimerEvent: {}
[12.262883] (turtle_interfaces) StdoutLine: {'line': b'[ 42%] \x1b[32mBuilding CXX object CMakeFiles/turtle_interfaces__rosidl_typesupport_introspection_cpp.dir/rosidl_typesupport_introspection_cpp/turtle_interfaces/action/detail/make_square__type_support.cpp.o\x1b[0m\n'}
[12.296732] (-) TimerEvent: {}
[12.338003] (turtle_interfaces) StdoutLine: {'line': b'[ 44%] \x1b[32mBuilding CXX object CMakeFiles/turtle_interfaces__rosidl_typesupport_fastrtps_c.dir/rosidl_typesupport_fastrtps_c/turtle_interfaces/action/detail/make_square__type_support_c.cpp.o\x1b[0m\n'}
[12.396899] (-) TimerEvent: {}
[12.452130] (turtle_interfaces) StdoutLine: {'line': b'[ 46%] \x1b[32m\x1b[1mLinking CXX shared library libturtle_interfaces__rosidl_typesupport_cpp.so\x1b[0m\n'}
[12.486169] (turtle_interfaces) StdoutLine: {'line': b'[ 48%] \x1b[32mBuilding CXX object CMakeFiles/turtle_interfaces__rosidl_typesupport_fastrtps_cpp.dir/rosidl_typesupport_fastrtps_cpp/turtle_interfaces/action/detail/dds_fastrtps/make_square__type_support.cpp.o\x1b[0m\n'}
[12.497069] (-) TimerEvent: {}
[12.598017] (-) TimerEvent: {}
[12.607165] (turtle_interfaces) StdoutLine: {'line': b'[ 48%] Built target turtle_interfaces__rosidl_typesupport_cpp\n'}
[12.663084] (turtle_interfaces) StdoutLine: {'line': b'[ 51%] \x1b[34m\x1b[1mGenerating C introspection for ROS interfaces\x1b[0m\n'}
[12.700844] (-) TimerEvent: {}
[12.801457] (-) TimerEvent: {}
[12.902038] (-) TimerEvent: {}
[13.002680] (-) TimerEvent: {}
[13.103243] (-) TimerEvent: {}
[13.206718] (-) TimerEvent: {}
[13.287855] (turtle_interfaces) StdoutLine: {'line': b'[ 53%] \x1b[32m\x1b[1mLinking CXX shared library libturtle_interfaces__rosidl_typesupport_fastrtps_c.so\x1b[0m\n'}
[13.306932] (-) TimerEvent: {}
[13.407571] (-) TimerEvent: {}
[13.508321] (-) TimerEvent: {}
[13.532257] (turtle_interfaces) StdoutLine: {'line': b'[ 53%] Built target turtle_interfaces__rosidl_typesupport_fastrtps_c\n'}
[13.587141] (turtle_interfaces) StdoutLine: {'line': b'[ 55%] \x1b[34m\x1b[1mGenerating C type support dispatch for ROS interfaces\x1b[0m\n'}
[13.608471] (-) TimerEvent: {}
[13.636750] (turtle_interfaces) StdoutLine: {'line': b'[ 57%] \x1b[32m\x1b[1mLinking CXX shared library libturtle_interfaces__rosidl_typesupport_introspection_cpp.so\x1b[0m\n'}
[13.708663] (-) TimerEvent: {}
[13.809339] (-) TimerEvent: {}
[13.809921] (turtle_interfaces) StdoutLine: {'line': b'[ 59%] \x1b[32m\x1b[1mLinking CXX shared library libturtle_interfaces__rosidl_typesupport_fastrtps_cpp.so\x1b[0m\n'}
[13.876153] (turtle_interfaces) StdoutLine: {'line': b'[ 59%] Built target turtle_interfaces__rosidl_typesupport_introspection_cpp\n'}
[13.911705] (-) TimerEvent: {}
[13.925974] (turtle_interfaces) StdoutLine: {'line': b'[ 61%] \x1b[32mBuilding C object CMakeFiles/turtle_interfaces__rosidl_typesupport_introspection_c.dir/rosidl_typesupport_introspection_c/turtle_interfaces/msg/detail/turtle_pose__type_support.c.o\x1b[0m\n'}
[13.926472] (turtle_interfaces) StdoutLine: {'line': b'[ 63%] \x1b[32mBuilding C object CMakeFiles/turtle_interfaces__rosidl_typesupport_introspection_c.dir/rosidl_typesupport_introspection_c/turtle_interfaces/srv/detail/set_colors__type_support.c.o\x1b[0m\n'}
[14.011862] (-) TimerEvent: {}
[14.057307] (turtle_interfaces) StdoutLine: {'line': b'[ 65%] \x1b[32mBuilding C object CMakeFiles/turtle_interfaces__rosidl_typesupport_introspection_c.dir/rosidl_typesupport_introspection_c/turtle_interfaces/action/detail/make_square__type_support.c.o\x1b[0m\n'}
[14.068425] (turtle_interfaces) StdoutLine: {'line': b'[ 65%] Built target turtle_interfaces__rosidl_typesupport_fastrtps_cpp\n'}
[14.112250] (-) TimerEvent: {}
[14.211759] (turtle_interfaces) StdoutLine: {'line': b'[ 68%] \x1b[32m\x1b[1mLinking C shared library libturtle_interfaces__rosidl_typesupport_introspection_c.so\x1b[0m\n'}
[14.212609] (-) TimerEvent: {}
[14.313248] (-) TimerEvent: {}
[14.341711] (turtle_interfaces) StdoutLine: {'line': b'[ 68%] Built target turtle_interfaces__rosidl_typesupport_introspection_c\n'}
[14.413573] (-) TimerEvent: {}
[14.514886] (-) TimerEvent: {}
[14.544726] (turtle_interfaces) StdoutLine: {'line': b'[ 70%] \x1b[32mBuilding CXX object CMakeFiles/turtle_interfaces__rosidl_typesupport_c.dir/rosidl_typesupport_c/turtle_interfaces/msg/turtle_pose__type_support.cpp.o\x1b[0m\n'}
[14.546112] (turtle_interfaces) StdoutLine: {'line': b'[ 74%] \x1b[32mBuilding CXX object CMakeFiles/turtle_interfaces__rosidl_typesupport_c.dir/rosidl_typesupport_c/turtle_interfaces/action/make_square__type_support.cpp.o\x1b[0m\n'}
[14.546665] (turtle_interfaces) StdoutLine: {'line': b'[ 74%] \x1b[32mBuilding CXX object CMakeFiles/turtle_interfaces__rosidl_typesupport_c.dir/rosidl_typesupport_c/turtle_interfaces/srv/set_colors__type_support.cpp.o\x1b[0m\n'}
[14.615040] (-) TimerEvent: {}
[14.701036] (turtle_interfaces) StdoutLine: {'line': b'[ 76%] \x1b[32m\x1b[1mLinking CXX shared library libturtle_interfaces__rosidl_typesupport_c.so\x1b[0m\n'}
[14.715430] (-) TimerEvent: {}
[14.816136] (-) TimerEvent: {}
[14.847174] (turtle_interfaces) StdoutLine: {'line': b'[ 76%] Built target turtle_interfaces__rosidl_typesupport_c\n'}
[14.916455] (-) TimerEvent: {}
[14.939884] (turtle_interfaces) StdoutLine: {'line': b'[ 76%] Built target turtle_interfaces\n'}
[15.017082] (-) TimerEvent: {}
[15.035578] (turtle_interfaces) StdoutLine: {'line': b'[ 78%] \x1b[34m\x1b[1mGenerating Python code for ROS interfaces\x1b[0m\n'}
[15.117522] (-) TimerEvent: {}
[15.218471] (-) TimerEvent: {}
[15.319465] (-) TimerEvent: {}
[15.420404] (-) TimerEvent: {}
[15.521421] (-) TimerEvent: {}
[15.622307] (-) TimerEvent: {}
[15.723256] (-) TimerEvent: {}
[15.824117] (-) TimerEvent: {}
[15.925090] (-) TimerEvent: {}
[16.025783] (-) TimerEvent: {}
[16.126493] (-) TimerEvent: {}
[16.227318] (-) TimerEvent: {}
[16.328086] (-) TimerEvent: {}
[16.428837] (-) TimerEvent: {}
[16.529713] (-) TimerEvent: {}
[16.630747] (-) TimerEvent: {}
[16.731873] (-) TimerEvent: {}
[16.832650] (-) TimerEvent: {}
[16.933541] (-) TimerEvent: {}
[17.034208] (-) TimerEvent: {}
[17.115908] (turtle_interfaces) StdoutLine: {'line': b'[ 78%] Built target turtle_interfaces__py\n'}
[17.134791] (-) TimerEvent: {}
[17.211913] (turtle_interfaces) StdoutLine: {'line': b'[ 80%] \x1b[32mBuilding C object CMakeFiles/turtle_interfaces__rosidl_generator_py.dir/rosidl_generator_py/turtle_interfaces/msg/_turtle_pose_s.c.o\x1b[0m\n'}
[17.214199] (turtle_interfaces) StdoutLine: {'line': b'[ 85%] \x1b[32mBuilding C object CMakeFiles/turtle_interfaces__rosidl_generator_py.dir/rosidl_generator_py/turtle_interfaces/srv/_set_colors_s.c.o\x1b[0m\n'}
[17.214634] (turtle_interfaces) StdoutLine: {'line': b'[ 85%] \x1b[32mBuilding C object CMakeFiles/turtle_interfaces__rosidl_generator_py.dir/rosidl_generator_py/turtle_interfaces/action/_make_square_s.c.o\x1b[0m\n'}
[17.234981] (-) TimerEvent: {}
[17.336474] (-) TimerEvent: {}
[17.437294] (-) TimerEvent: {}
[17.538275] (-) TimerEvent: {}
[17.639159] (-) TimerEvent: {}
[17.740017] (-) TimerEvent: {}
[17.760378] (turtle_interfaces) StdoutLine: {'line': b'[ 87%] \x1b[32m\x1b[1mLinking C shared library rosidl_generator_py/turtle_interfaces/libturtle_interfaces__rosidl_generator_py.so\x1b[0m\n'}
[17.840382] (-) TimerEvent: {}
[17.908545] (turtle_interfaces) StdoutLine: {'line': b'[ 87%] Built target turtle_interfaces__rosidl_generator_py\n'}
[17.940795] (-) TimerEvent: {}
[18.007431] (turtle_interfaces) StdoutLine: {'line': b'[ 89%] \x1b[32mBuilding C object CMakeFiles/turtle_interfaces__rosidl_typesupport_introspection_c__pyext.dir/rosidl_generator_py/turtle_interfaces/_turtle_interfaces_s.ep.rosidl_typesupport_introspection_c.c.o\x1b[0m\n'}
[18.007829] (turtle_interfaces) StdoutLine: {'line': b'[ 91%] \x1b[32mBuilding C object CMakeFiles/turtle_interfaces__rosidl_typesupport_c__pyext.dir/rosidl_generator_py/turtle_interfaces/_turtle_interfaces_s.ep.rosidl_typesupport_c.c.o\x1b[0m\n'}
[18.007965] (turtle_interfaces) StdoutLine: {'line': b'[ 93%] \x1b[32mBuilding C object CMakeFiles/turtle_interfaces__rosidl_typesupport_fastrtps_c__pyext.dir/rosidl_generator_py/turtle_interfaces/_turtle_interfaces_s.ep.rosidl_typesupport_fastrtps_c.c.o\x1b[0m\n'}
[18.040976] (-) TimerEvent: {}
[18.142376] (-) TimerEvent: {}
[18.243017] (-) TimerEvent: {}
[18.330170] (turtle_interfaces) StdoutLine: {'line': b'[ 95%] \x1b[32m\x1b[1mLinking C shared library rosidl_generator_py/turtle_interfaces/turtle_interfaces_s__rosidl_typesupport_introspection_c.cpython-310-x86_64-linux-gnu.so\x1b[0m\n'}
[18.342129] (turtle_interfaces) StdoutLine: {'line': b'[ 97%] \x1b[32m\x1b[1mLinking C shared library rosidl_generator_py/turtle_interfaces/turtle_interfaces_s__rosidl_typesupport_fastrtps_c.cpython-310-x86_64-linux-gnu.so\x1b[0m\n'}
[18.342494] (turtle_interfaces) StdoutLine: {'line': b'[100%] \x1b[32m\x1b[1mLinking C shared library rosidl_generator_py/turtle_interfaces/turtle_interfaces_s__rosidl_typesupport_c.cpython-310-x86_64-linux-gnu.so\x1b[0m\n'}
[18.343377] (-) TimerEvent: {}
[18.443955] (-) TimerEvent: {}
[18.480443] (turtle_interfaces) StdoutLine: {'line': b'[100%] Built target turtle_interfaces__rosidl_typesupport_introspection_c__pyext\n'}
[18.495162] (turtle_interfaces) StdoutLine: {'line': b'[100%] Built target turtle_interfaces__rosidl_typesupport_fastrtps_c__pyext\n'}
[18.498548] (turtle_interfaces) StdoutLine: {'line': b'[100%] Built target turtle_interfaces__rosidl_typesupport_c__pyext\n'}
[18.540494] (turtle_interfaces) CommandEnded: {'returncode': 0}
[18.544156] (turtle_interfaces) JobProgress: {'identifier': 'turtle_interfaces', 'progress': 'install'}
[18.544327] (-) TimerEvent: {}
[18.577880] (turtle_interfaces) Command: {'cmd': ['/usr/bin/cmake', '--install', '/home/yahboom/intro_ws/build/turtle_interfaces'], 'cwd': '/home/yahboom/intro_ws/build/turtle_interfaces', 'env': OrderedDict([('LESSOPEN', '| /usr/bin/lesspipe %s'), ('USER', 'yahboom'), ('LC_TIME', 'zh_CN.UTF-8'), ('XDG_SESSION_TYPE', 'wayland'), ('SHLVL', '1'), ('LD_LIBRARY_PATH', '/home/yahboom/intro_ws/install/examples_rclcpp_minimal_composition/lib:/home/yahboom/cartoros2/install/yahboom_web_savmap_interfaces/lib:/home/yahboom/cartoros2/install/yahboom_msgs/lib:/home/yahboom/cartoros2/install/yahboom_color_identify_interfaces/lib:/home/yahboom/cartoros2/install/yahboom_attitude_record_interfaces/lib:/home/yahboom/cartoros2/install/nav2_smoother/lib:/home/yahboom/cartoros2/install/nav2_graceful_controller/lib:/home/yahboom/cartoros2/install/nav2_controller/lib:/home/yahboom/cartoros2/install/dwb_plugins/lib:/home/yahboom/cartoros2/install/dwb_critics/lib:/home/yahboom/cartoros2/install/dwb_core/lib:/home/yahboom/cartoros2/install/nav_2d_utils/lib:/home/yahboom/cartoros2/install/dwb_msgs/lib:/home/yahboom/cartoros2/install/nav_2d_msgs/lib:/home/yahboom/cartoros2/install/nav2_waypoint_follower/lib:/home/yahboom/cartoros2/install/nav2_theta_star_planner/lib:/home/yahboom/cartoros2/install/nav2_smac_planner/lib:/home/yahboom/cartoros2/install/nav2_rotation_shim_controller/lib:/home/yahboom/cartoros2/install/nav2_regulated_pure_pursuit_controller/lib:/home/yahboom/cartoros2/install/nav2_planner/lib:/home/yahboom/cartoros2/install/nav2_navfn_planner/lib:/home/yahboom/cartoros2/install/nav2_mppi_controller/lib:/home/yahboom/cartoros2/install/nav2_constrained_smoother/lib:/home/yahboom/cartoros2/install/nav2_bt_navigator/lib:/home/yahboom/cartoros2/install/nav2_behaviors/lib:/home/yahboom/cartoros2/install/nav2_collision_monitor/lib:/home/yahboom/cartoros2/install/costmap_queue/lib:/home/yahboom/cartoros2/install/nav2_costmap_2d/lib:/home/yahboom/cartoros2/install/nav2_voxel_grid/lib:/home/yahboom/cartoros2/install/nav2_velocity_smoother/lib:/home/yahboom/cartoros2/install/nav2_rviz_plugins/lib:/home/yahboom/cartoros2/install/nav2_map_server/lib:/home/yahboom/cartoros2/install/nav2_lifecycle_manager/lib:/home/yahboom/cartoros2/install/nav2_behavior_tree/lib:/home/yahboom/cartoros2/install/nav2_amcl/lib:/home/yahboom/cartoros2/install/nav2_util/lib:/home/yahboom/cartoros2/install/nav2_msgs/lib:/home/yahboom/cartoros2/install/image_color_lab/lib:/home/yahboom/cartoros2/install/dynamixel_sdk_custom_interfaces/lib:/home/yahboom/cartoros2/install/dynamixel_sdk/lib:/home/yahboom/cartoros2/install/csm/lib:/home/yahboom/cartoros2/install/champ_msgs/lib:/home/yahboom/cartoros2/install/cartographer_ros_msgs/lib:/home/yahboom/yahboomcar_ws/install/yahboom_dog_msgs/lib:/home/yahboom/yahboomcar_ws/install/dynamixel_sdk_custom_interfaces/lib:/home/yahboom/yahboomcar_ws/install/dynamixel_sdk/lib:/home/yahboom/yahboomcar_ws/install/champ_msgs/lib:/home/yahboom/gmapping_ws/install/openslam_gmapping/lib:/usr/lib/x86_64-linux-gnu/gazebo-11/plugins:/opt/ros/humble/opt/rviz_ogre_vendor/lib:/opt/ros/humble/lib/x86_64-linux-gnu:/opt/ros/humble/lib:/opt/ros/humble/include/std_msgs/std_msgs/msg/:/usr/lib/jvm/java-11-openjdk-amd64/lib/:/usr/lib/jvm/java-11-openjdk-amd64/lib/server/:'), ('HOME', '/home/yahboom'), ('OLDPWD', '/home/yahboom/intro_ws/src/turtle_interfaces'), ('DESKTOP_SESSION', 'ubuntu'), ('ROS_PYTHON_VERSION', '3'), ('GNOME_SHELL_SESSION_MODE', 'ubuntu'), ('GTK_MODULES', 'gail:atk-bridge'), ('LC_MONETARY', 'zh_CN.UTF-8'), ('DBUS_STARTER_BUS_TYPE', 'session'), ('SYSTEMD_EXEC_PID', '1652'), ('DBUS_SESSION_BUS_ADDRESS', 'unix:path=/run/user/1000/bus,guid=e51b9c1fe72362aee01380aa69b4550f'), ('COLORTERM', 'truecolor'), ('IM_CONFIG_PHASE', '1'), ('WAYLAND_DISPLAY', 'wayland-0'), ('COLCON_PREFIX_PATH', '/home/yahboom/intro_ws/install:/home/yahboom/yahboomcar_ws/install:/home/yahboom/gmapping_ws/install:/home/yahboom/cartoros2/install'), ('ROS_DISTRO', 'humble'), ('LOGNAME', 'yahboom'), ('_', '/usr/bin/colcon'), ('ROS_VERSION', '2'), ('PKG_CONFIG_PATH', '/home/yahboom/cartoros2/install/cartographer/lib/x86_64-linux-gnu/pkgconfig:/home/yahboom/cartoros2/install/cartographer/lib/pkgconfig'), ('XDG_SESSION_CLASS', 'user'), ('USERNAME', 'yahboom'), ('TERM', 'xterm-256color'), ('GNOME_DESKTOP_SESSION_ID', 'this-is-deprecated'), ('ROS_LOCALHOST_ONLY', '0'), ('PATH', '/home/yahboom/cartoros2/install/cartographer/bin:/opt/ros/humble/bin:/home/yahboom/.local/bin:/usr/local/sbin:/usr/local/bin:/usr/sbin:/usr/bin:/sbin:/bin:/usr/games:/usr/local/games:/snap/bin:/snap/bin'), ('SESSION_MANAGER', 'local/yahboom-virtual-machine:@/tmp/.ICE-unix/1652,unix/yahboom-virtual-machine:/tmp/.ICE-unix/1652'), ('XDG_MENU_PREFIX', 'gnome-'), ('LC_ADDRESS', 'zh_CN.UTF-8'), ('GNOME_TERMINAL_SCREEN', '/org/gnome/Terminal/screen/9e1a7caa_3ff9_48a0_9f03_623f36e155f6'), ('GNOME_SETUP_DISPLAY', ':1'), ('XDG_RUNTIME_DIR', '/run/user/1000'), ('DISPLAY', ':0'), ('LANG', 'en_US.UTF-8'), ('XDG_CURRENT_DESKTOP', 'ubuntu:GNOME'), ('LC_TELEPHONE', 'zh_CN.UTF-8'), ('XMODIFIERS', '@im=ibus'), ('XDG_SESSION_DESKTOP', 'ubuntu'), ('XAUTHORITY', '/run/user/1000/.mutter-Xwaylandauth.SYQZL3'), ('LS_COLORS', 'rs=0:di=01;34:ln=01;36:mh=00:pi=40;33:so=01;35:do=01;35:bd=40;33;01:cd=40;33;01:or=40;31;01:mi=00:su=37;41:sg=30;43:ca=30;41:tw=30;42:ow=34;42:st=37;44:ex=01;32:*.tar=01;31:*.tgz=01;31:*.arc=01;31:*.arj=01;31:*.taz=01;31:*.lha=01;31:*.lz4=01;31:*.lzh=01;31:*.lzma=01;31:*.tlz=01;31:*.txz=01;31:*.tzo=01;31:*.t7z=01;31:*.zip=01;31:*.z=01;31:*.dz=01;31:*.gz=01;31:*.lrz=01;31:*.lz=01;31:*.lzo=01;31:*.xz=01;31:*.zst=01;31:*.tzst=01;31:*.bz2=01;31:*.bz=01;31:*.tbz=01;31:*.tbz2=01;31:*.tz=01;31:*.deb=01;31:*.rpm=01;31:*.jar=01;31:*.war=01;31:*.ear=01;31:*.sar=01;31:*.rar=01;31:*.alz=01;31:*.ace=01;31:*.zoo=01;31:*.cpio=01;31:*.7z=01;31:*.rz=01;31:*.cab=01;31:*.wim=01;31:*.swm=01;31:*.dwm=01;31:*.esd=01;31:*.jpg=01;35:*.jpeg=01;35:*.mjpg=01;35:*.mjpeg=01;35:*.gif=01;35:*.bmp=01;35:*.pbm=01;35:*.pgm=01;35:*.ppm=01;35:*.tga=01;35:*.xbm=01;35:*.xpm=01;35:*.tif=01;35:*.tiff=01;35:*.png=01;35:*.svg=01;35:*.svgz=01;35:*.mng=01;35:*.pcx=01;35:*.mov=01;35:*.mpg=01;35:*.mpeg=01;35:*.m2v=01;35:*.mkv=01;35:*.webm=01;35:*.webp=01;35:*.ogm=01;35:*.mp4=01;35:*.m4v=01;35:*.mp4v=01;35:*.vob=01;35:*.qt=01;35:*.nuv=01;35:*.wmv=01;35:*.asf=01;35:*.rm=01;35:*.rmvb=01;35:*.flc=01;35:*.avi=01;35:*.fli=01;35:*.flv=01;35:*.gl=01;35:*.dl=01;35:*.xcf=01;35:*.xwd=01;35:*.yuv=01;35:*.cgm=01;35:*.emf=01;35:*.ogv=01;35:*.ogx=01;35:*.aac=00;36:*.au=00;36:*.flac=00;36:*.m4a=00;36:*.mid=00;36:*.midi=00;36:*.mka=00;36:*.mp3=00;36:*.mpc=00;36:*.ogg=00;36:*.ra=00;36:*.wav=00;36:*.oga=00;36:*.opus=00;36:*.spx=00;36:*.xspf=00;36:'), ('GNOME_TERMINAL_SERVICE', ':1.97'), ('SSH_AGENT_LAUNCHER', 'gnome-keyring'), ('SSH_AUTH_SOCK', '/run/user/1000/keyring/ssh'), ('ROS_DOMAIN_ID', '12'), ('AMENT_PREFIX_PATH', '/home/yahboom/intro_ws/install/turtle_test:/home/yahboom/intro_ws/install/examples_rclpy_pointcloud_publisher:/home/yahboom/intro_ws/install/examples_rclpy_minimal_subscriber:/home/yahboom/intro_ws/install/examples_rclpy_minimal_service:/home/yahboom/intro_ws/install/examples_rclpy_minimal_publisher:/home/yahboom/intro_ws/install/examples_rclpy_minimal_client:/home/yahboom/intro_ws/install/examples_rclpy_minimal_action_server:/home/yahboom/intro_ws/install/examples_rclpy_minimal_action_client:/home/yahboom/intro_ws/install/examples_rclpy_guard_conditions:/home/yahboom/intro_ws/install/examples_rclpy_executors:/home/yahboom/intro_ws/install/examples_rclcpp_multithreaded_executor:/home/yahboom/intro_ws/install/examples_rclcpp_minimal_timer:/home/yahboom/intro_ws/install/examples_rclcpp_minimal_service:/home/yahboom/intro_ws/install/examples_rclcpp_minimal_publisher:/home/yahboom/intro_ws/install/examples_rclcpp_minimal_composition:/home/yahboom/intro_ws/install/examples_rclcpp_minimal_client:/home/yahboom/intro_ws/install/examples_rclcpp_minimal_action_server:/home/yahboom/intro_ws/install/examples_rclcpp_minimal_action_client:/home/yahboom/intro_ws/install/examples_rclcpp_cbg_executor:/home/yahboom/intro_ws/install/examples_rclcpp_async_client:/home/yahboom/intro_ws/install/intro_interfaces:/home/yahboom/cartoros2/install/yahboomcar_nav:/home/yahboom/cartoros2/install/yahboomcar_ctrl:/home/yahboom/cartoros2/install/yahboom_web_savmap_interfaces:/home/yahboom/cartoros2/install/yahboom_visual:/home/yahboom/cartoros2/install/yahboom_qrcode:/home/yahboom/cartoros2/install/yahboom_point:/home/yahboom/cartoros2/install/yahboom_nav2_send_goal:/home/yahboom/cartoros2/install/yahboom_msgs:/home/yahboom/cartoros2/install/yahboom_dog_joint_state:/home/yahboom/cartoros2/install/yahboom_description:/home/yahboom/cartoros2/install/yahboom_config:/home/yahboom/cartoros2/install/yahboom_color_identify_server:/home/yahboom/cartoros2/install/yahboom_color_identify_interfaces:/home/yahboom/cartoros2/install/yahboom_bringup:/home/yahboom/cartoros2/install/yahboom_base:/home/yahboom/cartoros2/install/yahboom_attitude_record_interfaces:/home/yahboom/cartoros2/install/yahboom_app_save_map:/home/yahboom/cartoros2/install/update_map:/home/yahboom/cartoros2/install/turtlebot3_description:/home/yahboom/cartoros2/install/rosboard:/home/yahboom/cartoros2/install/robot_pose_publisher_ros2:/home/yahboom/cartoros2/install/rf2o_laser_odometry:/home/yahboom/cartoros2/install/path_planner_server:/home/yahboom/cartoros2/install/nav2_system_tests:/home/yahboom/cartoros2/install/nav2_bringup:/home/yahboom/cartoros2/install/navigation2:/home/yahboom/cartoros2/install/nav2_smoother:/home/yahboom/cartoros2/install/nav2_graceful_controller:/home/yahboom/cartoros2/install/nav2_dwb_controller:/home/yahboom/cartoros2/install/nav2_controller:/home/yahboom/cartoros2/install/dwb_plugins:/home/yahboom/cartoros2/install/dwb_critics:/home/yahboom/cartoros2/install/dwb_core:/home/yahboom/cartoros2/install/nav_2d_utils:/home/yahboom/cartoros2/install/dwb_msgs:/home/yahboom/cartoros2/install/nav_2d_msgs:/home/yahboom/cartoros2/install/nav2_waypoint_follower:/home/yahboom/cartoros2/install/nav2_theta_star_planner:/home/yahboom/cartoros2/install/nav2_smac_planner:/home/yahboom/cartoros2/install/nav2_rotation_shim_controller:/home/yahboom/cartoros2/install/nav2_regulated_pure_pursuit_controller:/home/yahboom/cartoros2/install/nav2_planner:/home/yahboom/cartoros2/install/nav2_navfn_planner:/home/yahboom/cartoros2/install/nav2_mppi_controller:/home/yahboom/cartoros2/install/nav2_constrained_smoother:/home/yahboom/cartoros2/install/nav2_bt_navigator:/home/yahboom/cartoros2/install/nav2_behaviors:/home/yahboom/cartoros2/install/nav2_core:/home/yahboom/cartoros2/install/nav2_collision_monitor:/home/yahboom/cartoros2/install/costmap_queue:/home/yahboom/cartoros2/install/nav2_costmap_2d:/home/yahboom/cartoros2/install/nav2_voxel_grid:/home/yahboom/cartoros2/install/nav2_velocity_smoother:/home/yahboom/cartoros2/install/nav2_rviz_plugins:/home/yahboom/cartoros2/install/nav2_map_server:/home/yahboom/cartoros2/install/nav2_lifecycle_manager:/home/yahboom/cartoros2/install/nav2_behavior_tree:/home/yahboom/cartoros2/install/nav2_amcl:/home/yahboom/cartoros2/install/nav2_util:/home/yahboom/cartoros2/install/nav2_simple_commander:/home/yahboom/cartoros2/install/nav2_msgs:/home/yahboom/cartoros2/install/nav2_gazebo_spawner:/home/yahboom/cartoros2/install/nav2_common:/home/yahboom/cartoros2/install/localization_server:/home/yahboom/cartoros2/install/laserscan_to_point_pulisher:/home/yahboom/cartoros2/install/image_color_lab:/home/yahboom/cartoros2/install/dynamixel_sdk_examples:/home/yahboom/cartoros2/install/dynamixel_sdk_custom_interfaces:/home/yahboom/cartoros2/install/dynamixel_sdk:/home/yahboom/cartoros2/install/csm:/home/yahboom/cartoros2/install/champ_msgs:/home/yahboom/cartoros2/install/champ_bringup:/home/yahboom/cartoros2/install/champ:/home/yahboom/cartoros2/install/cartographer_ros_msgs:/home/yahboom/yahboomcar_ws/install/yahboom_navigation2:/home/yahboom/yahboomcar_ws/install/yahboom_dog_node:/home/yahboom/yahboomcar_ws/install/yahboom_dog_navigation2:/home/yahboom/yahboomcar_ws/install/yahboom_dog_nav:/home/yahboom/yahboomcar_ws/install/yahboom_dog_msgs:/home/yahboom/yahboomcar_ws/install/yahboom_dog_example:/home/yahboom/yahboomcar_ws/install/yahboom_dog_cartographer:/home/yahboom/yahboomcar_ws/install/yahboom_dog:/home/yahboom/yahboomcar_ws/install/yahboom_dog_bringup:/home/yahboom/yahboomcar_ws/install/dynamixel_sdk_examples:/home/yahboom/yahboomcar_ws/install/dynamixel_sdk_custom_interfaces:/home/yahboom/yahboomcar_ws/install/dynamixel_sdk:/home/yahboom/yahboomcar_ws/install/champ_navigation:/home/yahboom/yahboomcar_ws/install/champ_msgs:/home/yahboom/yahboomcar_ws/install/champ_bringup:/home/yahboom/yahboomcar_ws/install/champ_description:/home/yahboom/yahboomcar_ws/install/champ_config:/home/yahboom/yahboomcar_ws/install/champ:/home/yahboom/gmapping_ws/install/slam_gmapping:/home/yahboom/gmapping_ws/install/openslam_gmapping:/opt/ros/humble'), ('SHELL', '/bin/bash'), ('LC_NAME', 'zh_CN.UTF-8'), ('QT_ACCESSIBILITY', '1'), ('GDMSESSION', 'ubuntu'), ('LESSCLOSE', '/usr/bin/lesspipe %s %s'), ('LC_MEASUREMENT', 'zh_CN.UTF-8'), ('LC_IDENTIFICATION', 'zh_CN.UTF-8'), ('QT_IM_MODULE', 'ibus'), ('PWD', '/home/yahboom/intro_ws/build/turtle_interfaces'), ('TURTLEBOT3_MODEL', 'burger'), ('LC_ALL', 'en_US.UTF-8'), ('XDG_CONFIG_DIRS', '/etc/xdg/xdg-ubuntu:/etc/xdg'), ('DBUS_STARTER_ADDRESS', 'unix:path=/run/user/1000/bus,guid=e51b9c1fe72362aee01380aa69b4550f'), ('XDG_DATA_DIRS', '/usr/share/ubuntu:/usr/local/share/:/usr/share/:/var/lib/snapd/desktop'), ('PYTHONPATH', '/home/yahboom/intro_ws/install/examples_rclpy_pointcloud_publisher/lib/python3.10/site-packages:/home/yahboom/intro_ws/install/examples_rclpy_minimal_subscriber/lib/python3.10/site-packages:/home/yahboom/intro_ws/install/examples_rclpy_minimal_service/lib/python3.10/site-packages:/home/yahboom/intro_ws/install/examples_rclpy_minimal_publisher/lib/python3.10/site-packages:/home/yahboom/intro_ws/install/examples_rclpy_minimal_client/lib/python3.10/site-packages:/home/yahboom/intro_ws/install/examples_rclpy_minimal_action_server/lib/python3.10/site-packages:/home/yahboom/intro_ws/install/examples_rclpy_minimal_action_client/lib/python3.10/site-packages:/home/yahboom/intro_ws/install/examples_rclpy_guard_conditions/lib/python3.10/site-packages:/home/yahboom/intro_ws/install/examples_rclpy_executors/lib/python3.10/site-packages:/home/yahboom/intro_ws/install/turtle_test/lib/python3.10/site-packages:/home/yahboom/cartoros2/install/yahboomcar_nav/lib/python3.10/site-packages:/home/yahboom/cartoros2/install/yahboomcar_ctrl/lib/python3.10/site-packages:/home/yahboom/cartoros2/install/yahboom_web_savmap_interfaces/local/lib/python3.10/dist-packages:/home/yahboom/cartoros2/install/yahboom_visual/lib/python3.10/site-packages:/home/yahboom/cartoros2/install/yahboom_msgs/local/lib/python3.10/dist-packages:/home/yahboom/cartoros2/install/yahboom_dog_joint_state/lib/python3.10/site-packages:/home/yahboom/cartoros2/install/yahboom_description/lib/python3.10/site-packages:/home/yahboom/cartoros2/install/yahboom_color_identify_server/lib/python3.10/site-packages:/home/yahboom/cartoros2/install/yahboom_color_identify_interfaces/local/lib/python3.10/dist-packages:/home/yahboom/cartoros2/install/yahboom_bringup/lib/python3.10/site-packages:/home/yahboom/cartoros2/install/yahboom_base/lib/python3.10/site-packages:/home/yahboom/cartoros2/install/yahboom_attitude_record_interfaces/local/lib/python3.10/dist-packages:/home/yahboom/cartoros2/install/yahboom_app_save_map/lib/python3.10/site-packages:/home/yahboom/cartoros2/install/update_map/lib/python3.10/site-packages:/home/yahboom/cartoros2/install/rosboard/lib/python3.10/site-packages:/home/yahboom/cartoros2/install/path_planner_server/lib/python3.10/site-packages:/home/yahboom/cartoros2/install/dwb_msgs/local/lib/python3.10/dist-packages:/home/yahboom/cartoros2/install/nav_2d_msgs/local/lib/python3.10/dist-packages:/home/yahboom/cartoros2/install/nav2_simple_commander/lib/python3.10/site-packages:/home/yahboom/cartoros2/install/nav2_msgs/local/lib/python3.10/dist-packages:/home/yahboom/cartoros2/install/nav2_gazebo_spawner/lib/python3.10/site-packages:/home/yahboom/cartoros2/install/nav2_common/local/lib/python3.10/dist-packages:/home/yahboom/cartoros2/install/localization_server/lib/python3.10/site-packages:/home/yahboom/cartoros2/install/laserscan_to_point_pulisher/lib/python3.10/site-packages:/home/yahboom/cartoros2/install/image_color_lab/local/lib/python3.10/dist-packages:/home/yahboom/cartoros2/install/dynamixel_sdk_custom_interfaces/local/lib/python3.10/dist-packages:/home/yahboom/cartoros2/install/champ_msgs/local/lib/python3.10/dist-packages:/home/yahboom/cartoros2/install/champ_bringup/local/lib/python3.10/dist-packages:/home/yahboom/cartoros2/install/cartographer_ros_msgs/local/lib/python3.10/dist-packages:/home/yahboom/yahboomcar_ws/install/yahboom_dog_msgs/local/lib/python3.10/dist-packages:/home/yahboom/yahboomcar_ws/install/yahboom_dog_example/lib/python3.10/site-packages:/home/yahboom/yahboomcar_ws/install/turtlebot3_example/lib/python3.10/site-packages:/home/yahboom/yahboomcar_ws/install/dynamixel_sdk_custom_interfaces/local/lib/python3.10/dist-packages:/home/yahboom/yahboomcar_ws/install/champ_msgs/local/lib/python3.10/dist-packages:/home/yahboom/yahboomcar_ws/install/champ_bringup/local/lib/python3.10/dist-packages:/opt/ros/humble/lib/python3.10/site-packages:/opt/ros/humble/local/lib/python3.10/dist-packages'), ('LC_NUMERIC', 'zh_CN.UTF-8'), ('LC_PAPER', 'zh_CN.UTF-8'), ('COLCON', '1'), ('VTE_VERSION', '6800'), ('CMAKE_PREFIX_PATH', '/home/yahboom/intro_ws/install/examples_rclcpp_multithreaded_executor:/home/yahboom/intro_ws/install/examples_rclcpp_minimal_timer:/home/yahboom/intro_ws/install/examples_rclcpp_minimal_service:/home/yahboom/intro_ws/install/examples_rclcpp_minimal_publisher:/home/yahboom/intro_ws/install/examples_rclcpp_minimal_composition:/home/yahboom/intro_ws/install/examples_rclcpp_minimal_client:/home/yahboom/intro_ws/install/examples_rclcpp_minimal_action_server:/home/yahboom/intro_ws/install/examples_rclcpp_minimal_action_client:/home/yahboom/intro_ws/install/examples_rclcpp_cbg_executor:/home/yahboom/intro_ws/install/examples_rclcpp_async_client:/home/yahboom/intro_ws/install/intro_interfaces:/home/yahboom/cartoros2/install/yahboom_web_savmap_interfaces:/home/yahboom/cartoros2/install/yahboom_qrcode:/home/yahboom/cartoros2/install/yahboom_point:/home/yahboom/cartoros2/install/yahboom_nav2_send_goal:/home/yahboom/cartoros2/install/yahboom_msgs:/home/yahboom/cartoros2/install/yahboom_config:/home/yahboom/cartoros2/install/yahboom_color_identify_interfaces:/home/yahboom/cartoros2/install/yahboom_attitude_record_interfaces:/home/yahboom/cartoros2/install/turtlebot3_description:/home/yahboom/cartoros2/install/robot_pose_publisher_ros2:/home/yahboom/cartoros2/install/rf2o_laser_odometry:/home/yahboom/cartoros2/install/nav2_system_tests:/home/yahboom/cartoros2/install/nav2_bringup:/home/yahboom/cartoros2/install/navigation2:/home/yahboom/cartoros2/install/nav2_smoother:/home/yahboom/cartoros2/install/nav2_graceful_controller:/home/yahboom/cartoros2/install/nav2_dwb_controller:/home/yahboom/cartoros2/install/nav2_controller:/home/yahboom/cartoros2/install/dwb_plugins:/home/yahboom/cartoros2/install/dwb_critics:/home/yahboom/cartoros2/install/dwb_core:/home/yahboom/cartoros2/install/nav_2d_utils:/home/yahboom/cartoros2/install/dwb_msgs:/home/yahboom/cartoros2/install/nav_2d_msgs:/home/yahboom/cartoros2/install/nav2_waypoint_follower:/home/yahboom/cartoros2/install/nav2_theta_star_planner:/home/yahboom/cartoros2/install/nav2_smac_planner:/home/yahboom/cartoros2/install/nav2_rotation_shim_controller:/home/yahboom/cartoros2/install/nav2_regulated_pure_pursuit_controller:/home/yahboom/cartoros2/install/nav2_planner:/home/yahboom/cartoros2/install/nav2_navfn_planner:/home/yahboom/cartoros2/install/nav2_mppi_controller:/home/yahboom/cartoros2/install/nav2_constrained_smoother:/home/yahboom/cartoros2/install/nav2_bt_navigator:/home/yahboom/cartoros2/install/nav2_behaviors:/home/yahboom/cartoros2/install/nav2_core:/home/yahboom/cartoros2/install/nav2_collision_monitor:/home/yahboom/cartoros2/install/costmap_queue:/home/yahboom/cartoros2/install/nav2_costmap_2d:/home/yahboom/cartoros2/install/nav2_voxel_grid:/home/yahboom/cartoros2/install/nav2_velocity_smoother:/home/yahboom/cartoros2/install/nav2_rviz_plugins:/home/yahboom/cartoros2/install/nav2_map_server:/home/yahboom/cartoros2/install/nav2_lifecycle_manager:/home/yahboom/cartoros2/install/nav2_behavior_tree:/home/yahboom/cartoros2/install/nav2_amcl:/home/yahboom/cartoros2/install/nav2_util:/home/yahboom/cartoros2/install/nav2_msgs:/home/yahboom/cartoros2/install/nav2_common:/home/yahboom/cartoros2/install/image_color_lab:/home/yahboom/cartoros2/install/dynamixel_sdk_examples:/home/yahboom/cartoros2/install/dynamixel_sdk_custom_interfaces:/home/yahboom/cartoros2/install/dynamixel_sdk:/home/yahboom/cartoros2/install/csm:/home/yahboom/cartoros2/install/champ_msgs:/home/yahboom/cartoros2/install/champ_bringup:/home/yahboom/cartoros2/install/champ:/home/yahboom/cartoros2/install/cartographer_ros_msgs:/home/yahboom/cartoros2/install/cartographer:/home/yahboom/yahboomcar_ws/install/yahboom_navigation2:/home/yahboom/yahboomcar_ws/install/yahboom_dog_node:/home/yahboom/yahboomcar_ws/install/yahboom_dog_navigation2:/home/yahboom/yahboomcar_ws/install/yahboom_dog_nav:/home/yahboom/yahboomcar_ws/install/yahboom_dog_msgs:/home/yahboom/yahboomcar_ws/install/yahboom_dog_cartographer:/home/yahboom/yahboomcar_ws/install/yahboom_dog:/home/yahboom/yahboomcar_ws/install/yahboom_dog_bringup:/home/yahboom/yahboomcar_ws/install/dynamixel_sdk_examples:/home/yahboom/yahboomcar_ws/install/dynamixel_sdk_custom_interfaces:/home/yahboom/yahboomcar_ws/install/dynamixel_sdk:/home/yahboom/yahboomcar_ws/install/champ_navigation:/home/yahboom/yahboomcar_ws/install/champ_msgs:/home/yahboom/yahboomcar_ws/install/champ_bringup:/home/yahboom/yahboomcar_ws/install/champ_description:/home/yahboom/yahboomcar_ws/install/champ_config:/home/yahboom/yahboomcar_ws/install/champ:/home/yahboom/gmapping_ws/install/slam_gmapping:/home/yahboom/gmapping_ws/install/openslam_gmapping:/home/yahboom/intro_ws/install/turtle_test:/home/yahboom/intro_ws/install/examples_rclpy_pointcloud_publisher:/home/yahboom/intro_ws/install/examples_rclpy_minimal_subscriber:/home/yahboom/intro_ws/install/examples_rclpy_minimal_service:/home/yahboom/intro_ws/install/examples_rclpy_minimal_publisher:/home/yahboom/intro_ws/install/examples_rclpy_minimal_client:/home/yahboom/intro_ws/install/examples_rclpy_minimal_action_server:/home/yahboom/intro_ws/install/examples_rclpy_minimal_action_client:/home/yahboom/intro_ws/install/examples_rclpy_guard_conditions:/home/yahboom/intro_ws/install/examples_rclpy_executors:/home/yahboom/cartoros2/install/yahboomcar_nav:/home/yahboom/cartoros2/install/yahboomcar_ctrl:/home/yahboom/cartoros2/install/yahboom_visual:/home/yahboom/cartoros2/install/yahboom_dog_joint_state:/home/yahboom/cartoros2/install/yahboom_description:/home/yahboom/cartoros2/install/yahboom_color_identify_server:/home/yahboom/cartoros2/install/yahboom_bringup:/home/yahboom/cartoros2/install/yahboom_base:/home/yahboom/cartoros2/install/yahboom_app_save_map:/home/yahboom/cartoros2/install/update_map:/home/yahboom/cartoros2/install/rosboard:/home/yahboom/cartoros2/install/path_planner_server:/home/yahboom/cartoros2/install/nav2_simple_commander:/home/yahboom/cartoros2/install/nav2_gazebo_spawner:/home/yahboom/cartoros2/install/localization_server:/home/yahboom/cartoros2/install/laserscan_to_point_pulisher:/home/yahboom/yahboomcar_ws/install/yahboom_dog_example:/opt/ros/humble')]), 'shell': False}
[18.612237] (turtle_interfaces) StdoutLine: {'line': b'-- Install configuration: ""\n'}
[18.612931] (turtle_interfaces) StdoutLine: {'line': b'-- Installing: /home/yahboom/intro_ws/install/turtle_interfaces/share/ament_index/resource_index/rosidl_interfaces/turtle_interfaces\n'}
[18.613065] (turtle_interfaces) StdoutLine: {'line': b'-- Installing: /home/yahboom/intro_ws/install/turtle_interfaces/include/turtle_interfaces/turtle_interfaces\n'}
[18.613777] (turtle_interfaces) StdoutLine: {'line': b'-- Installing: /home/yahboom/intro_ws/install/turtle_interfaces/include/turtle_interfaces/turtle_interfaces/action\n'}
[18.614499] (turtle_interfaces) StdoutLine: {'line': b'-- Installing: /home/yahboom/intro_ws/install/turtle_interfaces/include/turtle_interfaces/turtle_interfaces/action/detail\n'}
[18.614882] (turtle_interfaces) StdoutLine: {'line': b'-- Installing: /home/yahboom/intro_ws/install/turtle_interfaces/include/turtle_interfaces/turtle_interfaces/action/detail/make_square__struct.h\n'}
[18.615258] (turtle_interfaces) StdoutLine: {'line': b'-- Installing: /home/yahboom/intro_ws/install/turtle_interfaces/include/turtle_interfaces/turtle_interfaces/action/detail/make_square__type_support.h\n'}
[18.615469] (turtle_interfaces) StdoutLine: {'line': b'-- Installing: /home/yahboom/intro_ws/install/turtle_interfaces/include/turtle_interfaces/turtle_interfaces/action/detail/make_square__functions.c\n'}
[18.616170] (turtle_interfaces) StdoutLine: {'line': b'-- Installing: /home/yahboom/intro_ws/install/turtle_interfaces/include/turtle_interfaces/turtle_interfaces/action/detail/make_square__functions.h\n'}
[18.616411] (turtle_interfaces) StdoutLine: {'line': b'-- Installing: /home/yahboom/intro_ws/install/turtle_interfaces/include/turtle_interfaces/turtle_interfaces/action/make_square.h\n'}
[18.616645] (turtle_interfaces) StdoutLine: {'line': b'-- Installing: /home/yahboom/intro_ws/install/turtle_interfaces/include/turtle_interfaces/turtle_interfaces/srv\n'}
[18.616918] (turtle_interfaces) StdoutLine: {'line': b'-- Installing: /home/yahboom/intro_ws/install/turtle_interfaces/include/turtle_interfaces/turtle_interfaces/srv/set_colors.h\n'}
[18.617326] (turtle_interfaces) StdoutLine: {'line': b'-- Installing: /home/yahboom/intro_ws/install/turtle_interfaces/include/turtle_interfaces/turtle_interfaces/srv/detail\n'}
[18.617497] (turtle_interfaces) StdoutLine: {'line': b'-- Installing: /home/yahboom/intro_ws/install/turtle_interfaces/include/turtle_interfaces/turtle_interfaces/srv/detail/set_colors__struct.h\n'}
[18.617710] (turtle_interfaces) StdoutLine: {'line': b'-- Installing: /home/yahboom/intro_ws/install/turtle_interfaces/include/turtle_interfaces/turtle_interfaces/srv/detail/set_colors__type_support.h\n'}
[18.617984] (turtle_interfaces) StdoutLine: {'line': b'-- Installing: /home/yahboom/intro_ws/install/turtle_interfaces/include/turtle_interfaces/turtle_interfaces/srv/detail/set_colors__functions.c\n'}
[18.618195] (turtle_interfaces) StdoutLine: {'line': b'-- Installing: /home/yahboom/intro_ws/install/turtle_interfaces/include/turtle_interfaces/turtle_interfaces/srv/detail/set_colors__functions.h\n'}
[18.618536] (turtle_interfaces) StdoutLine: {'line': b'-- Installing: /home/yahboom/intro_ws/install/turtle_interfaces/include/turtle_interfaces/turtle_interfaces/msg\n'}
[18.618891] (turtle_interfaces) StdoutLine: {'line': b'-- Installing: /home/yahboom/intro_ws/install/turtle_interfaces/include/turtle_interfaces/turtle_interfaces/msg/detail\n'}
[18.619016] (turtle_interfaces) StdoutLine: {'line': b'-- Installing: /home/yahboom/intro_ws/install/turtle_interfaces/include/turtle_interfaces/turtle_interfaces/msg/detail/turtle_pose__functions.c\n'}
[18.619124] (turtle_interfaces) StdoutLine: {'line': b'-- Installing: /home/yahboom/intro_ws/install/turtle_interfaces/include/turtle_interfaces/turtle_interfaces/msg/detail/turtle_pose__functions.h\n'}
[18.619229] (turtle_interfaces) StdoutLine: {'line': b'-- Installing: /home/yahboom/intro_ws/install/turtle_interfaces/include/turtle_interfaces/turtle_interfaces/msg/detail/turtle_pose__struct.h\n'}
[18.619334] (turtle_interfaces) StdoutLine: {'line': b'-- Installing: /home/yahboom/intro_ws/install/turtle_interfaces/include/turtle_interfaces/turtle_interfaces/msg/detail/turtle_pose__type_support.h\n'}
[18.619436] (turtle_interfaces) StdoutLine: {'line': b'-- Installing: /home/yahboom/intro_ws/install/turtle_interfaces/include/turtle_interfaces/turtle_interfaces/msg/turtle_pose.h\n'}
[18.619540] (turtle_interfaces) StdoutLine: {'line': b'-- Installing: /home/yahboom/intro_ws/install/turtle_interfaces/include/turtle_interfaces/turtle_interfaces/msg/rosidl_generator_c__visibility_control.h\n'}
[18.620006] (turtle_interfaces) StdoutLine: {'line': b'-- Installing: /home/yahboom/intro_ws/install/turtle_interfaces/share/turtle_interfaces/environment/library_path.sh\n'}
[18.620140] (turtle_interfaces) StdoutLine: {'line': b'-- Installing: /home/yahboom/intro_ws/install/turtle_interfaces/share/turtle_interfaces/environment/library_path.dsv\n'}
[18.620314] (turtle_interfaces) StdoutLine: {'line': b'-- Installing: /home/yahboom/intro_ws/install/turtle_interfaces/lib/libturtle_interfaces__rosidl_generator_c.so\n'}
[18.620722] (turtle_interfaces) StdoutLine: {'line': b'-- Set runtime path of "/home/yahboom/intro_ws/install/turtle_interfaces/lib/libturtle_interfaces__rosidl_generator_c.so" to ""\n'}
[18.620902] (turtle_interfaces) StdoutLine: {'line': b'-- Up-to-date: /home/yahboom/intro_ws/install/turtle_interfaces/include/turtle_interfaces/turtle_interfaces\n'}
[18.621165] (turtle_interfaces) StdoutLine: {'line': b'-- Up-to-date: /home/yahboom/intro_ws/install/turtle_interfaces/include/turtle_interfaces/turtle_interfaces/action\n'}
[18.621526] (turtle_interfaces) StdoutLine: {'line': b'-- Up-to-date: /home/yahboom/intro_ws/install/turtle_interfaces/include/turtle_interfaces/turtle_interfaces/action/detail\n'}
[18.621678] (turtle_interfaces) StdoutLine: {'line': b'-- Installing: /home/yahboom/intro_ws/install/turtle_interfaces/include/turtle_interfaces/turtle_interfaces/action/detail/make_square__rosidl_typesupport_fastrtps_c.h\n'}
[18.621799] (turtle_interfaces) StdoutLine: {'line': b'-- Up-to-date: /home/yahboom/intro_ws/install/turtle_interfaces/include/turtle_interfaces/turtle_interfaces/srv\n'}
[18.621907] (turtle_interfaces) StdoutLine: {'line': b'-- Up-to-date: /home/yahboom/intro_ws/install/turtle_interfaces/include/turtle_interfaces/turtle_interfaces/srv/detail\n'}
[18.622011] (turtle_interfaces) StdoutLine: {'line': b'-- Installing: /home/yahboom/intro_ws/install/turtle_interfaces/include/turtle_interfaces/turtle_interfaces/srv/detail/set_colors__rosidl_typesupport_fastrtps_c.h\n'}
[18.622117] (turtle_interfaces) StdoutLine: {'line': b'-- Up-to-date: /home/yahboom/intro_ws/install/turtle_interfaces/include/turtle_interfaces/turtle_interfaces/msg\n'}
[18.622220] (turtle_interfaces) StdoutLine: {'line': b'-- Up-to-date: /home/yahboom/intro_ws/install/turtle_interfaces/include/turtle_interfaces/turtle_interfaces/msg/detail\n'}
[18.622323] (turtle_interfaces) StdoutLine: {'line': b'-- Installing: /home/yahboom/intro_ws/install/turtle_interfaces/include/turtle_interfaces/turtle_interfaces/msg/detail/turtle_pose__rosidl_typesupport_fastrtps_c.h\n'}
[18.622701] (turtle_interfaces) StdoutLine: {'line': b'-- Installing: /home/yahboom/intro_ws/install/turtle_interfaces/include/turtle_interfaces/turtle_interfaces/msg/rosidl_typesupport_fastrtps_c__visibility_control.h\n'}
[18.623187] (turtle_interfaces) StdoutLine: {'line': b'-- Installing: /home/yahboom/intro_ws/install/turtle_interfaces/lib/libturtle_interfaces__rosidl_typesupport_fastrtps_c.so\n'}
[18.623976] (turtle_interfaces) StdoutLine: {'line': b'-- Set runtime path of "/home/yahboom/intro_ws/install/turtle_interfaces/lib/libturtle_interfaces__rosidl_typesupport_fastrtps_c.so" to ""\n'}
[18.624255] (turtle_interfaces) StdoutLine: {'line': b'-- Up-to-date: /home/yahboom/intro_ws/install/turtle_interfaces/include/turtle_interfaces/turtle_interfaces\n'}
[18.624438] (turtle_interfaces) StdoutLine: {'line': b'-- Up-to-date: /home/yahboom/intro_ws/install/turtle_interfaces/include/turtle_interfaces/turtle_interfaces/action\n'}
[18.625194] (turtle_interfaces) StdoutLine: {'line': b'-- Up-to-date: /home/yahboom/intro_ws/install/turtle_interfaces/include/turtle_interfaces/turtle_interfaces/action/detail\n'}
[18.625490] (turtle_interfaces) StdoutLine: {'line': b'-- Installing: /home/yahboom/intro_ws/install/turtle_interfaces/include/turtle_interfaces/turtle_interfaces/action/detail/make_square__type_support.c\n'}
[18.625950] (turtle_interfaces) StdoutLine: {'line': b'-- Installing: /home/yahboom/intro_ws/install/turtle_interfaces/include/turtle_interfaces/turtle_interfaces/action/detail/make_square__rosidl_typesupport_introspection_c.h\n'}
[18.626114] (turtle_interfaces) StdoutLine: {'line': b'-- Up-to-date: /home/yahboom/intro_ws/install/turtle_interfaces/include/turtle_interfaces/turtle_interfaces/srv\n'}
[18.626224] (turtle_interfaces) StdoutLine: {'line': b'-- Up-to-date: /home/yahboom/intro_ws/install/turtle_interfaces/include/turtle_interfaces/turtle_interfaces/srv/detail\n'}
[18.626329] (turtle_interfaces) StdoutLine: {'line': b'-- Installing: /home/yahboom/intro_ws/install/turtle_interfaces/include/turtle_interfaces/turtle_interfaces/srv/detail/set_colors__type_support.c\n'}
[18.626513] (turtle_interfaces) StdoutLine: {'line': b'-- Installing: /home/yahboom/intro_ws/install/turtle_interfaces/include/turtle_interfaces/turtle_interfaces/srv/detail/set_colors__rosidl_typesupport_introspection_c.h\n'}
[18.626736] (turtle_interfaces) StdoutLine: {'line': b'-- Up-to-date: /home/yahboom/intro_ws/install/turtle_interfaces/include/turtle_interfaces/turtle_interfaces/msg\n'}
[18.627130] (turtle_interfaces) StdoutLine: {'line': b'-- Up-to-date: /home/yahboom/intro_ws/install/turtle_interfaces/include/turtle_interfaces/turtle_interfaces/msg/detail\n'}
[18.627265] (turtle_interfaces) StdoutLine: {'line': b'-- Installing: /home/yahboom/intro_ws/install/turtle_interfaces/include/turtle_interfaces/turtle_interfaces/msg/detail/turtle_pose__rosidl_typesupport_introspection_c.h\n'}
[18.627374] (turtle_interfaces) StdoutLine: {'line': b'-- Installing: /home/yahboom/intro_ws/install/turtle_interfaces/include/turtle_interfaces/turtle_interfaces/msg/detail/turtle_pose__type_support.c\n'}
[18.627479] (turtle_interfaces) StdoutLine: {'line': b'-- Installing: /home/yahboom/intro_ws/install/turtle_interfaces/include/turtle_interfaces/turtle_interfaces/msg/rosidl_typesupport_introspection_c__visibility_control.h\n'}
[18.627705] (turtle_interfaces) StdoutLine: {'line': b'-- Installing: /home/yahboom/intro_ws/install/turtle_interfaces/lib/libturtle_interfaces__rosidl_typesupport_introspection_c.so\n'}
[18.627841] (turtle_interfaces) StdoutLine: {'line': b'-- Set runtime path of "/home/yahboom/intro_ws/install/turtle_interfaces/lib/libturtle_interfaces__rosidl_typesupport_introspection_c.so" to ""\n'}
[18.627952] (turtle_interfaces) StdoutLine: {'line': b'-- Installing: /home/yahboom/intro_ws/install/turtle_interfaces/lib/libturtle_interfaces__rosidl_typesupport_c.so\n'}
[18.628456] (turtle_interfaces) StdoutLine: {'line': b'-- Set runtime path of "/home/yahboom/intro_ws/install/turtle_interfaces/lib/libturtle_interfaces__rosidl_typesupport_c.so" to ""\n'}
[18.628964] (turtle_interfaces) StdoutLine: {'line': b'-- Up-to-date: /home/yahboom/intro_ws/install/turtle_interfaces/include/turtle_interfaces/turtle_interfaces\n'}
[18.629108] (turtle_interfaces) StdoutLine: {'line': b'-- Up-to-date: /home/yahboom/intro_ws/install/turtle_interfaces/include/turtle_interfaces/turtle_interfaces/action\n'}
[18.629347] (turtle_interfaces) StdoutLine: {'line': b'-- Up-to-date: /home/yahboom/intro_ws/install/turtle_interfaces/include/turtle_interfaces/turtle_interfaces/action/detail\n'}
[18.629457] (turtle_interfaces) StdoutLine: {'line': b'-- Installing: /home/yahboom/intro_ws/install/turtle_interfaces/include/turtle_interfaces/turtle_interfaces/action/detail/make_square__builder.hpp\n'}
[18.629565] (turtle_interfaces) StdoutLine: {'line': b'-- Installing: /home/yahboom/intro_ws/install/turtle_interfaces/include/turtle_interfaces/turtle_interfaces/action/detail/make_square__traits.hpp\n'}
[18.629711] (turtle_interfaces) StdoutLine: {'line': b'-- Installing: /home/yahboom/intro_ws/install/turtle_interfaces/include/turtle_interfaces/turtle_interfaces/action/detail/make_square__type_support.hpp\n'}
[18.629823] (turtle_interfaces) StdoutLine: {'line': b'-- Installing: /home/yahboom/intro_ws/install/turtle_interfaces/include/turtle_interfaces/turtle_interfaces/action/detail/make_square__struct.hpp\n'}
[18.630335] (turtle_interfaces) StdoutLine: {'line': b'-- Installing: /home/yahboom/intro_ws/install/turtle_interfaces/include/turtle_interfaces/turtle_interfaces/action/make_square.hpp\n'}
[18.630656] (turtle_interfaces) StdoutLine: {'line': b'-- Up-to-date: /home/yahboom/intro_ws/install/turtle_interfaces/include/turtle_interfaces/turtle_interfaces/srv\n'}
[18.631145] (turtle_interfaces) StdoutLine: {'line': b'-- Up-to-date: /home/yahboom/intro_ws/install/turtle_interfaces/include/turtle_interfaces/turtle_interfaces/srv/detail\n'}
[18.631632] (turtle_interfaces) StdoutLine: {'line': b'-- Installing: /home/yahboom/intro_ws/install/turtle_interfaces/include/turtle_interfaces/turtle_interfaces/srv/detail/set_colors__type_support.hpp\n'}
[18.631840] (turtle_interfaces) StdoutLine: {'line': b'-- Installing: /home/yahboom/intro_ws/install/turtle_interfaces/include/turtle_interfaces/turtle_interfaces/srv/detail/set_colors__builder.hpp\n'}
[18.631952] (turtle_interfaces) StdoutLine: {'line': b'-- Installing: /home/yahboom/intro_ws/install/turtle_interfaces/include/turtle_interfaces/turtle_interfaces/srv/detail/set_colors__traits.hpp\n'}
[18.632084] (turtle_interfaces) StdoutLine: {'line': b'-- Installing: /home/yahboom/intro_ws/install/turtle_interfaces/include/turtle_interfaces/turtle_interfaces/srv/detail/set_colors__struct.hpp\n'}
[18.632815] (turtle_interfaces) StdoutLine: {'line': b'-- Installing: /home/yahboom/intro_ws/install/turtle_interfaces/include/turtle_interfaces/turtle_interfaces/srv/set_colors.hpp\n'}
[18.633058] (turtle_interfaces) StdoutLine: {'line': b'-- Up-to-date: /home/yahboom/intro_ws/install/turtle_interfaces/include/turtle_interfaces/turtle_interfaces/msg\n'}
[18.633952] (turtle_interfaces) StdoutLine: {'line': b'-- Installing: /home/yahboom/intro_ws/install/turtle_interfaces/include/turtle_interfaces/turtle_interfaces/msg/rosidl_generator_cpp__visibility_control.hpp\n'}
[18.634968] (turtle_interfaces) StdoutLine: {'line': b'-- Up-to-date: /home/yahboom/intro_ws/install/turtle_interfaces/include/turtle_interfaces/turtle_interfaces/msg/detail\n'}
[18.635574] (turtle_interfaces) StdoutLine: {'line': b'-- Installing: /home/yahboom/intro_ws/install/turtle_interfaces/include/turtle_interfaces/turtle_interfaces/msg/detail/turtle_pose__type_support.hpp\n'}
[18.635775] (turtle_interfaces) StdoutLine: {'line': b'-- Installing: /home/yahboom/intro_ws/install/turtle_interfaces/include/turtle_interfaces/turtle_interfaces/msg/detail/turtle_pose__builder.hpp\n'}
[18.635886] (turtle_interfaces) StdoutLine: {'line': b'-- Installing: /home/yahboom/intro_ws/install/turtle_interfaces/include/turtle_interfaces/turtle_interfaces/msg/detail/turtle_pose__traits.hpp\n'}
[18.635989] (turtle_interfaces) StdoutLine: {'line': b'-- Installing: /home/yahboom/intro_ws/install/turtle_interfaces/include/turtle_interfaces/turtle_interfaces/msg/detail/turtle_pose__struct.hpp\n'}
[18.636090] (turtle_interfaces) StdoutLine: {'line': b'-- Installing: /home/yahboom/intro_ws/install/turtle_interfaces/include/turtle_interfaces/turtle_interfaces/msg/turtle_pose.hpp\n'}
[18.636190] (turtle_interfaces) StdoutLine: {'line': b'-- Up-to-date: /home/yahboom/intro_ws/install/turtle_interfaces/include/turtle_interfaces/turtle_interfaces\n'}
[18.636878] (turtle_interfaces) StdoutLine: {'line': b'-- Up-to-date: /home/yahboom/intro_ws/install/turtle_interfaces/include/turtle_interfaces/turtle_interfaces/action\n'}
[18.637138] (turtle_interfaces) StdoutLine: {'line': b'-- Up-to-date: /home/yahboom/intro_ws/install/turtle_interfaces/include/turtle_interfaces/turtle_interfaces/action/detail\n'}
[18.637390] (turtle_interfaces) StdoutLine: {'line': b'-- Installing: /home/yahboom/intro_ws/install/turtle_interfaces/include/turtle_interfaces/turtle_interfaces/action/detail/make_square__rosidl_typesupport_fastrtps_cpp.hpp\n'}
[18.637670] (turtle_interfaces) StdoutLine: {'line': b'-- Installing: /home/yahboom/intro_ws/install/turtle_interfaces/include/turtle_interfaces/turtle_interfaces/action/detail/dds_fastrtps\n'}
[18.637925] (turtle_interfaces) StdoutLine: {'line': b'-- Up-to-date: /home/yahboom/intro_ws/install/turtle_interfaces/include/turtle_interfaces/turtle_interfaces/srv\n'}
[18.638142] (turtle_interfaces) StdoutLine: {'line': b'-- Up-to-date: /home/yahboom/intro_ws/install/turtle_interfaces/include/turtle_interfaces/turtle_interfaces/srv/detail\n'}
[18.638529] (turtle_interfaces) StdoutLine: {'line': b'-- Installing: /home/yahboom/intro_ws/install/turtle_interfaces/include/turtle_interfaces/turtle_interfaces/srv/detail/set_colors__rosidl_typesupport_fastrtps_cpp.hpp\n'}
[18.638692] (turtle_interfaces) StdoutLine: {'line': b'-- Installing: /home/yahboom/intro_ws/install/turtle_interfaces/include/turtle_interfaces/turtle_interfaces/srv/detail/dds_fastrtps\n'}
[18.638806] (turtle_interfaces) StdoutLine: {'line': b'-- Up-to-date: /home/yahboom/intro_ws/install/turtle_interfaces/include/turtle_interfaces/turtle_interfaces/msg\n'}
[18.638913] (turtle_interfaces) StdoutLine: {'line': b'-- Up-to-date: /home/yahboom/intro_ws/install/turtle_interfaces/include/turtle_interfaces/turtle_interfaces/msg/detail\n'}
[18.639031] (turtle_interfaces) StdoutLine: {'line': b'-- Installing: /home/yahboom/intro_ws/install/turtle_interfaces/include/turtle_interfaces/turtle_interfaces/msg/detail/dds_fastrtps\n'}
[18.639135] (turtle_interfaces) StdoutLine: {'line': b'-- Installing: /home/yahboom/intro_ws/install/turtle_interfaces/include/turtle_interfaces/turtle_interfaces/msg/detail/turtle_pose__rosidl_typesupport_fastrtps_cpp.hpp\n'}
[18.639237] (turtle_interfaces) StdoutLine: {'line': b'-- Installing: /home/yahboom/intro_ws/install/turtle_interfaces/include/turtle_interfaces/turtle_interfaces/msg/rosidl_typesupport_fastrtps_cpp__visibility_control.h\n'}
[18.639340] (turtle_interfaces) StdoutLine: {'line': b'-- Installing: /home/yahboom/intro_ws/install/turtle_interfaces/lib/libturtle_interfaces__rosidl_typesupport_fastrtps_cpp.so\n'}
[18.639687] (turtle_interfaces) StdoutLine: {'line': b'-- Set runtime path of "/home/yahboom/intro_ws/install/turtle_interfaces/lib/libturtle_interfaces__rosidl_typesupport_fastrtps_cpp.so" to ""\n'}
[18.639818] (turtle_interfaces) StdoutLine: {'line': b'-- Up-to-date: /home/yahboom/intro_ws/install/turtle_interfaces/include/turtle_interfaces/turtle_interfaces\n'}
[18.639924] (turtle_interfaces) StdoutLine: {'line': b'-- Up-to-date: /home/yahboom/intro_ws/install/turtle_interfaces/include/turtle_interfaces/turtle_interfaces/action\n'}
[18.640027] (turtle_interfaces) StdoutLine: {'line': b'-- Up-to-date: /home/yahboom/intro_ws/install/turtle_interfaces/include/turtle_interfaces/turtle_interfaces/action/detail\n'}
[18.640131] (turtle_interfaces) StdoutLine: {'line': b'-- Installing: /home/yahboom/intro_ws/install/turtle_interfaces/include/turtle_interfaces/turtle_interfaces/action/detail/make_square__rosidl_typesupport_introspection_cpp.hpp\n'}
[18.640236] (turtle_interfaces) StdoutLine: {'line': b'-- Installing: /home/yahboom/intro_ws/install/turtle_interfaces/include/turtle_interfaces/turtle_interfaces/action/detail/make_square__type_support.cpp\n'}
[18.640339] (turtle_interfaces) StdoutLine: {'line': b'-- Up-to-date: /home/yahboom/intro_ws/install/turtle_interfaces/include/turtle_interfaces/turtle_interfaces/srv\n'}
[18.640440] (turtle_interfaces) StdoutLine: {'line': b'-- Up-to-date: /home/yahboom/intro_ws/install/turtle_interfaces/include/turtle_interfaces/turtle_interfaces/srv/detail\n'}
[18.640541] (turtle_interfaces) StdoutLine: {'line': b'-- Installing: /home/yahboom/intro_ws/install/turtle_interfaces/include/turtle_interfaces/turtle_interfaces/srv/detail/set_colors__type_support.cpp\n'}
[18.641118] (turtle_interfaces) StdoutLine: {'line': b'-- Installing: /home/yahboom/intro_ws/install/turtle_interfaces/include/turtle_interfaces/turtle_interfaces/srv/detail/set_colors__rosidl_typesupport_introspection_cpp.hpp\n'}
[18.642097] (turtle_interfaces) StdoutLine: {'line': b'-- Up-to-date: /home/yahboom/intro_ws/install/turtle_interfaces/include/turtle_interfaces/turtle_interfaces/msg\n'}
[18.642496] (turtle_interfaces) StdoutLine: {'line': b'-- Up-to-date: /home/yahboom/intro_ws/install/turtle_interfaces/include/turtle_interfaces/turtle_interfaces/msg/detail\n'}
[18.642878] (turtle_interfaces) StdoutLine: {'line': b'-- Installing: /home/yahboom/intro_ws/install/turtle_interfaces/include/turtle_interfaces/turtle_interfaces/msg/detail/turtle_pose__rosidl_typesupport_introspection_cpp.hpp\n'}
[18.643141] (turtle_interfaces) StdoutLine: {'line': b'-- Installing: /home/yahboom/intro_ws/install/turtle_interfaces/include/turtle_interfaces/turtle_interfaces/msg/detail/turtle_pose__type_support.cpp\n'}
[18.643385] (turtle_interfaces) StdoutLine: {'line': b'-- Installing: /home/yahboom/intro_ws/install/turtle_interfaces/lib/libturtle_interfaces__rosidl_typesupport_introspection_cpp.so\n'}
[18.643654] (turtle_interfaces) StdoutLine: {'line': b'-- Set runtime path of "/home/yahboom/intro_ws/install/turtle_interfaces/lib/libturtle_interfaces__rosidl_typesupport_introspection_cpp.so" to ""\n'}
[18.644011] (turtle_interfaces) StdoutLine: {'line': b'-- Installing: /home/yahboom/intro_ws/install/turtle_interfaces/lib/libturtle_interfaces__rosidl_typesupport_cpp.so\n'}
[18.644404] (-) TimerEvent: {}
[18.644680] (turtle_interfaces) StdoutLine: {'line': b'-- Set runtime path of "/home/yahboom/intro_ws/install/turtle_interfaces/lib/libturtle_interfaces__rosidl_typesupport_cpp.so" to ""\n'}
[18.644879] (turtle_interfaces) StdoutLine: {'line': b'-- Installing: /home/yahboom/intro_ws/install/turtle_interfaces/share/turtle_interfaces/environment/pythonpath.sh\n'}
[18.645126] (turtle_interfaces) StdoutLine: {'line': b'-- Installing: /home/yahboom/intro_ws/install/turtle_interfaces/share/turtle_interfaces/environment/pythonpath.dsv\n'}
[18.645384] (turtle_interfaces) StdoutLine: {'line': b'-- Installing: /home/yahboom/intro_ws/install/turtle_interfaces/local/lib/python3.10/dist-packages/turtle_interfaces-0.0.0-py3.10.egg-info\n'}
[18.645815] (turtle_interfaces) StdoutLine: {'line': b'-- Installing: /home/yahboom/intro_ws/install/turtle_interfaces/local/lib/python3.10/dist-packages/turtle_interfaces-0.0.0-py3.10.egg-info/top_level.txt\n'}
[18.646009] (turtle_interfaces) StdoutLine: {'line': b'-- Installing: /home/yahboom/intro_ws/install/turtle_interfaces/local/lib/python3.10/dist-packages/turtle_interfaces-0.0.0-py3.10.egg-info/PKG-INFO\n'}
[18.646327] (turtle_interfaces) StdoutLine: {'line': b'-- Installing: /home/yahboom/intro_ws/install/turtle_interfaces/local/lib/python3.10/dist-packages/turtle_interfaces-0.0.0-py3.10.egg-info/dependency_links.txt\n'}
[18.647075] (turtle_interfaces) StdoutLine: {'line': b'-- Installing: /home/yahboom/intro_ws/install/turtle_interfaces/local/lib/python3.10/dist-packages/turtle_interfaces-0.0.0-py3.10.egg-info/SOURCES.txt\n'}
[18.647387] (turtle_interfaces) StdoutLine: {'line': b'-- Installing: /home/yahboom/intro_ws/install/turtle_interfaces/local/lib/python3.10/dist-packages/turtle_interfaces\n'}
[18.647676] (turtle_interfaces) StdoutLine: {'line': b'-- Installing: /home/yahboom/intro_ws/install/turtle_interfaces/local/lib/python3.10/dist-packages/turtle_interfaces/libturtle_interfaces__rosidl_generator_py.so\n'}
[18.647932] (turtle_interfaces) StdoutLine: {'line': b'-- Installing: /home/yahboom/intro_ws/install/turtle_interfaces/local/lib/python3.10/dist-packages/turtle_interfaces/action\n'}
[18.648175] (turtle_interfaces) StdoutLine: {'line': b'-- Installing: /home/yahboom/intro_ws/install/turtle_interfaces/local/lib/python3.10/dist-packages/turtle_interfaces/action/_make_square.py\n'}
[18.648587] (turtle_interfaces) StdoutLine: {'line': b'-- Installing: /home/yahboom/intro_ws/install/turtle_interfaces/local/lib/python3.10/dist-packages/turtle_interfaces/action/__init__.py\n'}
[18.648836] (turtle_interfaces) StdoutLine: {'line': b'-- Installing: /home/yahboom/intro_ws/install/turtle_interfaces/local/lib/python3.10/dist-packages/turtle_interfaces/action/_make_square_s.c\n'}
[18.648948] (turtle_interfaces) StdoutLine: {'line': b'-- Installing: /home/yahboom/intro_ws/install/turtle_interfaces/local/lib/python3.10/dist-packages/turtle_interfaces/_turtle_interfaces_s.ep.rosidl_typesupport_c.c\n'}
[18.649056] (turtle_interfaces) StdoutLine: {'line': b'-- Installing: /home/yahboom/intro_ws/install/turtle_interfaces/local/lib/python3.10/dist-packages/turtle_interfaces/srv\n'}
[18.649161] (turtle_interfaces) StdoutLine: {'line': b'-- Installing: /home/yahboom/intro_ws/install/turtle_interfaces/local/lib/python3.10/dist-packages/turtle_interfaces/srv/__init__.py\n'}
[18.649265] (turtle_interfaces) StdoutLine: {'line': b'-- Installing: /home/yahboom/intro_ws/install/turtle_interfaces/local/lib/python3.10/dist-packages/turtle_interfaces/srv/_set_colors.py\n'}
[18.649369] (turtle_interfaces) StdoutLine: {'line': b'-- Installing: /home/yahboom/intro_ws/install/turtle_interfaces/local/lib/python3.10/dist-packages/turtle_interfaces/srv/_set_colors_s.c\n'}
[18.649475] (turtle_interfaces) StdoutLine: {'line': b'-- Installing: /home/yahboom/intro_ws/install/turtle_interfaces/local/lib/python3.10/dist-packages/turtle_interfaces/turtle_interfaces_s__rosidl_typesupport_introspection_c.cpython-310-x86_64-linux-gnu.so\n'}
[18.649619] (turtle_interfaces) StdoutLine: {'line': b'-- Installing: /home/yahboom/intro_ws/install/turtle_interfaces/local/lib/python3.10/dist-packages/turtle_interfaces/__init__.py\n'}
[18.649743] (turtle_interfaces) StdoutLine: {'line': b'-- Installing: /home/yahboom/intro_ws/install/turtle_interfaces/local/lib/python3.10/dist-packages/turtle_interfaces/turtle_interfaces_s__rosidl_typesupport_fastrtps_c.cpython-310-x86_64-linux-gnu.so\n'}
[18.649851] (turtle_interfaces) StdoutLine: {'line': b'-- Installing: /home/yahboom/intro_ws/install/turtle_interfaces/local/lib/python3.10/dist-packages/turtle_interfaces/_turtle_interfaces_s.ep.rosidl_typesupport_introspection_c.c\n'}
[18.649955] (turtle_interfaces) StdoutLine: {'line': b'-- Installing: /home/yahboom/intro_ws/install/turtle_interfaces/local/lib/python3.10/dist-packages/turtle_interfaces/msg\n'}
[18.650057] (turtle_interfaces) StdoutLine: {'line': b'-- Installing: /home/yahboom/intro_ws/install/turtle_interfaces/local/lib/python3.10/dist-packages/turtle_interfaces/msg/_turtle_pose.py\n'}
[18.650160] (turtle_interfaces) StdoutLine: {'line': b'-- Installing: /home/yahboom/intro_ws/install/turtle_interfaces/local/lib/python3.10/dist-packages/turtle_interfaces/msg/__init__.py\n'}
[18.650265] (turtle_interfaces) StdoutLine: {'line': b'-- Installing: /home/yahboom/intro_ws/install/turtle_interfaces/local/lib/python3.10/dist-packages/turtle_interfaces/msg/_turtle_pose_s.c\n'}
[18.650661] (turtle_interfaces) StdoutLine: {'line': b'-- Installing: /home/yahboom/intro_ws/install/turtle_interfaces/local/lib/python3.10/dist-packages/turtle_interfaces/turtle_interfaces_s__rosidl_typesupport_c.cpython-310-x86_64-linux-gnu.so\n'}
[18.650910] (turtle_interfaces) StdoutLine: {'line': b'-- Installing: /home/yahboom/intro_ws/install/turtle_interfaces/local/lib/python3.10/dist-packages/turtle_interfaces/_turtle_interfaces_s.ep.rosidl_typesupport_fastrtps_c.c\n'}
[18.744754] (-) TimerEvent: {}
[18.821469] (turtle_interfaces) StdoutLine: {'line': b"Listing '/home/yahboom/intro_ws/install/turtle_interfaces/local/lib/python3.10/dist-packages/turtle_interfaces'...\n"}
[18.822013] (turtle_interfaces) StdoutLine: {'line': b"Compiling '/home/yahboom/intro_ws/install/turtle_interfaces/local/lib/python3.10/dist-packages/turtle_interfaces/__init__.py'...\n"}
[18.822157] (turtle_interfaces) StdoutLine: {'line': b"Listing '/home/yahboom/intro_ws/install/turtle_interfaces/local/lib/python3.10/dist-packages/turtle_interfaces/action'...\n"}
[18.822280] (turtle_interfaces) StdoutLine: {'line': b"Compiling '/home/yahboom/intro_ws/install/turtle_interfaces/local/lib/python3.10/dist-packages/turtle_interfaces/action/__init__.py'...\n"}
[18.822388] (turtle_interfaces) StdoutLine: {'line': b"Compiling '/home/yahboom/intro_ws/install/turtle_interfaces/local/lib/python3.10/dist-packages/turtle_interfaces/action/_make_square.py'...\n"}
[18.822493] (turtle_interfaces) StdoutLine: {'line': b"Listing '/home/yahboom/intro_ws/install/turtle_interfaces/local/lib/python3.10/dist-packages/turtle_interfaces/msg'...\n"}
[18.822621] (turtle_interfaces) StdoutLine: {'line': b"Compiling '/home/yahboom/intro_ws/install/turtle_interfaces/local/lib/python3.10/dist-packages/turtle_interfaces/msg/__init__.py'...\n"}
[18.822734] (turtle_interfaces) StdoutLine: {'line': b"Compiling '/home/yahboom/intro_ws/install/turtle_interfaces/local/lib/python3.10/dist-packages/turtle_interfaces/msg/_turtle_pose.py'...\n"}
[18.822839] (turtle_interfaces) StdoutLine: {'line': b"Listing '/home/yahboom/intro_ws/install/turtle_interfaces/local/lib/python3.10/dist-packages/turtle_interfaces/srv'...\n"}
[18.822942] (turtle_interfaces) StdoutLine: {'line': b"Compiling '/home/yahboom/intro_ws/install/turtle_interfaces/local/lib/python3.10/dist-packages/turtle_interfaces/srv/__init__.py'...\n"}
[18.823092] (turtle_interfaces) StdoutLine: {'line': b"Compiling '/home/yahboom/intro_ws/install/turtle_interfaces/local/lib/python3.10/dist-packages/turtle_interfaces/srv/_set_colors.py'...\n"}
[18.832712] (turtle_interfaces) StdoutLine: {'line': b'-- Installing: /home/yahboom/intro_ws/install/turtle_interfaces/local/lib/python3.10/dist-packages/turtle_interfaces/turtle_interfaces_s__rosidl_typesupport_fastrtps_c.cpython-310-x86_64-linux-gnu.so\n'}
[18.833859] (turtle_interfaces) StdoutLine: {'line': b'-- Set runtime path of "/home/yahboom/intro_ws/install/turtle_interfaces/local/lib/python3.10/dist-packages/turtle_interfaces/turtle_interfaces_s__rosidl_typesupport_fastrtps_c.cpython-310-x86_64-linux-gnu.so" to ""\n'}
[18.834439] (turtle_interfaces) StdoutLine: {'line': b'-- Installing: /home/yahboom/intro_ws/install/turtle_interfaces/local/lib/python3.10/dist-packages/turtle_interfaces/turtle_interfaces_s__rosidl_typesupport_introspection_c.cpython-310-x86_64-linux-gnu.so\n'}
[18.835574] (turtle_interfaces) StdoutLine: {'line': b'-- Set runtime path of "/home/yahboom/intro_ws/install/turtle_interfaces/local/lib/python3.10/dist-packages/turtle_interfaces/turtle_interfaces_s__rosidl_typesupport_introspection_c.cpython-310-x86_64-linux-gnu.so" to ""\n'}
[18.836384] (turtle_interfaces) StdoutLine: {'line': b'-- Installing: /home/yahboom/intro_ws/install/turtle_interfaces/local/lib/python3.10/dist-packages/turtle_interfaces/turtle_interfaces_s__rosidl_typesupport_c.cpython-310-x86_64-linux-gnu.so\n'}
[18.837215] (turtle_interfaces) StdoutLine: {'line': b'-- Set runtime path of "/home/yahboom/intro_ws/install/turtle_interfaces/local/lib/python3.10/dist-packages/turtle_interfaces/turtle_interfaces_s__rosidl_typesupport_c.cpython-310-x86_64-linux-gnu.so" to ""\n'}
[18.837506] (turtle_interfaces) StdoutLine: {'line': b'-- Installing: /home/yahboom/intro_ws/install/turtle_interfaces/lib/libturtle_interfaces__rosidl_generator_py.so\n'}
[18.838457] (turtle_interfaces) StdoutLine: {'line': b'-- Set runtime path of "/home/yahboom/intro_ws/install/turtle_interfaces/lib/libturtle_interfaces__rosidl_generator_py.so" to ""\n'}
[18.838751] (turtle_interfaces) StdoutLine: {'line': b'-- Installing: /home/yahboom/intro_ws/install/turtle_interfaces/share/turtle_interfaces/msg/TurtlePose.idl\n'}
[18.839124] (turtle_interfaces) StdoutLine: {'line': b'-- Installing: /home/yahboom/intro_ws/install/turtle_interfaces/share/turtle_interfaces/srv/SetColors.idl\n'}
[18.839280] (turtle_interfaces) StdoutLine: {'line': b'-- Installing: /home/yahboom/intro_ws/install/turtle_interfaces/share/turtle_interfaces/action/MakeSquare.idl\n'}
[18.839772] (turtle_interfaces) StdoutLine: {'line': b'-- Installing: /home/yahboom/intro_ws/install/turtle_interfaces/share/turtle_interfaces/msg/TurtlePose.msg\n'}
[18.840199] (turtle_interfaces) StdoutLine: {'line': b'-- Installing: /home/yahboom/intro_ws/install/turtle_interfaces/share/turtle_interfaces/srv/SetColors.srv\n'}
[18.840493] (turtle_interfaces) StdoutLine: {'line': b'-- Installing: /home/yahboom/intro_ws/install/turtle_interfaces/share/turtle_interfaces/srv/SetColors_Request.msg\n'}
[18.840770] (turtle_interfaces) StdoutLine: {'line': b'-- Installing: /home/yahboom/intro_ws/install/turtle_interfaces/share/turtle_interfaces/srv/SetColors_Response.msg\n'}
[18.840920] (turtle_interfaces) StdoutLine: {'line': b'-- Installing: /home/yahboom/intro_ws/install/turtle_interfaces/share/turtle_interfaces/action/MakeSquare.action\n'}
[18.841098] (turtle_interfaces) StdoutLine: {'line': b'-- Installing: /home/yahboom/intro_ws/install/turtle_interfaces/share/ament_index/resource_index/package_run_dependencies/turtle_interfaces\n'}
[18.841525] (turtle_interfaces) StdoutLine: {'line': b'-- Installing: /home/yahboom/intro_ws/install/turtle_interfaces/share/ament_index/resource_index/parent_prefix_path/turtle_interfaces\n'}
[18.841945] (turtle_interfaces) StdoutLine: {'line': b'-- Installing: /home/yahboom/intro_ws/install/turtle_interfaces/share/turtle_interfaces/environment/ament_prefix_path.sh\n'}
[18.842064] (turtle_interfaces) StdoutLine: {'line': b'-- Installing: /home/yahboom/intro_ws/install/turtle_interfaces/share/turtle_interfaces/environment/ament_prefix_path.dsv\n'}
[18.842444] (turtle_interfaces) StdoutLine: {'line': b'-- Installing: /home/yahboom/intro_ws/install/turtle_interfaces/share/turtle_interfaces/environment/path.sh\n'}
[18.842578] (turtle_interfaces) StdoutLine: {'line': b'-- Installing: /home/yahboom/intro_ws/install/turtle_interfaces/share/turtle_interfaces/environment/path.dsv\n'}
[18.842707] (turtle_interfaces) StdoutLine: {'line': b'-- Installing: /home/yahboom/intro_ws/install/turtle_interfaces/share/turtle_interfaces/local_setup.bash\n'}
[18.843129] (turtle_interfaces) StdoutLine: {'line': b'-- Installing: /home/yahboom/intro_ws/install/turtle_interfaces/share/turtle_interfaces/local_setup.sh\n'}
[18.843542] (turtle_interfaces) StdoutLine: {'line': b'-- Installing: /home/yahboom/intro_ws/install/turtle_interfaces/share/turtle_interfaces/local_setup.zsh\n'}
[18.843930] (turtle_interfaces) StdoutLine: {'line': b'-- Installing: /home/yahboom/intro_ws/install/turtle_interfaces/share/turtle_interfaces/local_setup.dsv\n'}
[18.844290] (turtle_interfaces) StdoutLine: {'line': b'-- Installing: /home/yahboom/intro_ws/install/turtle_interfaces/share/turtle_interfaces/package.dsv\n'}
[18.844907] (turtle_interfaces) StdoutLine: {'line': b'-- Installing: /home/yahboom/intro_ws/install/turtle_interfaces/share/ament_index/resource_index/packages/turtle_interfaces\n'}
[18.845273] (-) TimerEvent: {}
[18.846369] (turtle_interfaces) StdoutLine: {'line': b'-- Installing: /home/yahboom/intro_ws/install/turtle_interfaces/share/turtle_interfaces/cmake/export_turtle_interfaces__rosidl_generator_cExport.cmake\n'}
[18.847112] (turtle_interfaces) StdoutLine: {'line': b'-- Installing: /home/yahboom/intro_ws/install/turtle_interfaces/share/turtle_interfaces/cmake/export_turtle_interfaces__rosidl_generator_cExport-noconfig.cmake\n'}
[18.847273] (turtle_interfaces) StdoutLine: {'line': b'-- Installing: /home/yahboom/intro_ws/install/turtle_interfaces/share/turtle_interfaces/cmake/export_turtle_interfaces__rosidl_typesupport_fastrtps_cExport.cmake\n'}
[18.847485] (turtle_interfaces) StdoutLine: {'line': b'-- Installing: /home/yahboom/intro_ws/install/turtle_interfaces/share/turtle_interfaces/cmake/export_turtle_interfaces__rosidl_typesupport_fastrtps_cExport-noconfig.cmake\n'}
[18.847639] (turtle_interfaces) StdoutLine: {'line': b'-- Installing: /home/yahboom/intro_ws/install/turtle_interfaces/share/turtle_interfaces/cmake/turtle_interfaces__rosidl_typesupport_introspection_cExport.cmake\n'}
[18.848388] (turtle_interfaces) StdoutLine: {'line': b'-- Installing: /home/yahboom/intro_ws/install/turtle_interfaces/share/turtle_interfaces/cmake/turtle_interfaces__rosidl_typesupport_introspection_cExport-noconfig.cmake\n'}
[18.848527] (turtle_interfaces) StdoutLine: {'line': b'-- Installing: /home/yahboom/intro_ws/install/turtle_interfaces/share/turtle_interfaces/cmake/turtle_interfaces__rosidl_typesupport_cExport.cmake\n'}
[18.848754] (turtle_interfaces) StdoutLine: {'line': b'-- Installing: /home/yahboom/intro_ws/install/turtle_interfaces/share/turtle_interfaces/cmake/turtle_interfaces__rosidl_typesupport_cExport-noconfig.cmake\n'}
[18.848894] (turtle_interfaces) StdoutLine: {'line': b'-- Installing: /home/yahboom/intro_ws/install/turtle_interfaces/share/turtle_interfaces/cmake/export_turtle_interfaces__rosidl_generator_cppExport.cmake\n'}
[18.849102] (turtle_interfaces) StdoutLine: {'line': b'-- Installing: /home/yahboom/intro_ws/install/turtle_interfaces/share/turtle_interfaces/cmake/export_turtle_interfaces__rosidl_typesupport_fastrtps_cppExport.cmake\n'}
[18.849283] (turtle_interfaces) StdoutLine: {'line': b'-- Installing: /home/yahboom/intro_ws/install/turtle_interfaces/share/turtle_interfaces/cmake/export_turtle_interfaces__rosidl_typesupport_fastrtps_cppExport-noconfig.cmake\n'}
[18.849819] (turtle_interfaces) StdoutLine: {'line': b'-- Installing: /home/yahboom/intro_ws/install/turtle_interfaces/share/turtle_interfaces/cmake/turtle_interfaces__rosidl_typesupport_introspection_cppExport.cmake\n'}
[18.850052] (turtle_interfaces) StdoutLine: {'line': b'-- Installing: /home/yahboom/intro_ws/install/turtle_interfaces/share/turtle_interfaces/cmake/turtle_interfaces__rosidl_typesupport_introspection_cppExport-noconfig.cmake\n'}
[18.850488] (turtle_interfaces) StdoutLine: {'line': b'-- Installing: /home/yahboom/intro_ws/install/turtle_interfaces/share/turtle_interfaces/cmake/turtle_interfaces__rosidl_typesupport_cppExport.cmake\n'}
[18.850629] (turtle_interfaces) StdoutLine: {'line': b'-- Installing: /home/yahboom/intro_ws/install/turtle_interfaces/share/turtle_interfaces/cmake/turtle_interfaces__rosidl_typesupport_cppExport-noconfig.cmake\n'}
[18.850758] (turtle_interfaces) StdoutLine: {'line': b'-- Installing: /home/yahboom/intro_ws/install/turtle_interfaces/share/turtle_interfaces/cmake/export_turtle_interfaces__rosidl_generator_pyExport.cmake\n'}
[18.850981] (turtle_interfaces) StdoutLine: {'line': b'-- Installing: /home/yahboom/intro_ws/install/turtle_interfaces/share/turtle_interfaces/cmake/export_turtle_interfaces__rosidl_generator_pyExport-noconfig.cmake\n'}
[18.851679] (turtle_interfaces) StdoutLine: {'line': b'-- Installing: /home/yahboom/intro_ws/install/turtle_interfaces/share/turtle_interfaces/cmake/rosidl_cmake-extras.cmake\n'}
[18.852082] (turtle_interfaces) StdoutLine: {'line': b'-- Installing: /home/yahboom/intro_ws/install/turtle_interfaces/share/turtle_interfaces/cmake/ament_cmake_export_dependencies-extras.cmake\n'}
[18.852233] (turtle_interfaces) StdoutLine: {'line': b'-- Installing: /home/yahboom/intro_ws/install/turtle_interfaces/share/turtle_interfaces/cmake/ament_cmake_export_include_directories-extras.cmake\n'}
[18.852606] (turtle_interfaces) StdoutLine: {'line': b'-- Installing: /home/yahboom/intro_ws/install/turtle_interfaces/share/turtle_interfaces/cmake/ament_cmake_export_libraries-extras.cmake\n'}
[18.852816] (turtle_interfaces) StdoutLine: {'line': b'-- Installing: /home/yahboom/intro_ws/install/turtle_interfaces/share/turtle_interfaces/cmake/ament_cmake_export_targets-extras.cmake\n'}
[18.853001] (turtle_interfaces) StdoutLine: {'line': b'-- Installing: /home/yahboom/intro_ws/install/turtle_interfaces/share/turtle_interfaces/cmake/rosidl_cmake_export_typesupport_targets-extras.cmake\n'}
[18.853174] (turtle_interfaces) StdoutLine: {'line': b'-- Installing: /home/yahboom/intro_ws/install/turtle_interfaces/share/turtle_interfaces/cmake/rosidl_cmake_export_typesupport_libraries-extras.cmake\n'}
[18.853334] (turtle_interfaces) StdoutLine: {'line': b'-- Installing: /home/yahboom/intro_ws/install/turtle_interfaces/share/turtle_interfaces/cmake/turtle_interfacesConfig.cmake\n'}
[18.853826] (turtle_interfaces) StdoutLine: {'line': b'-- Installing: /home/yahboom/intro_ws/install/turtle_interfaces/share/turtle_interfaces/cmake/turtle_interfacesConfig-version.cmake\n'}
[18.853982] (turtle_interfaces) StdoutLine: {'line': b'-- Installing: /home/yahboom/intro_ws/install/turtle_interfaces/share/turtle_interfaces/package.xml\n'}
[18.858951] (turtle_interfaces) CommandEnded: {'returncode': 0}
[18.914024] (turtle_interfaces) JobEnded: {'identifier': 'turtle_interfaces', 'rc': 0}
[18.915792] (-) EventReactorShutdown: {}
